{
	"env": 1234,
	"subject": "1234",
	"line_num": 0,
	"first": {
		"dev_index": "2",
		"dev_info": "etc",
		"width": 382,
		"height": 266.75650842266464,
		"timestamp": 1564357263631,
		"lines": [
			[
				83,
				147.5,
				0
			],
			[
				83,
				147.5,
				19
			],
			[
				88,
				155.5,
				157
			],
			[
				94,
				164.5,
				164
			],
			[
				101,
				171.5,
				171
			],
			[
				111,
				183.5,
				178
			],
			[
				127,
				198.5,
				185
			],
			[
				147,
				224.5,
				191
			],
			[
				156,
				232.5,
				198
			],
			[
				165,
				244.5,
				205
			],
			[
				184,
				264.5,
				212
			],
			[
				202,
				289.5,
				219
			],
			[
				212,
				299.5,
				226
			],
			[
				221,
				309.5,
				234
			],
			[
				230,
				321.5,
				241
			],
			[
				240,
				333.5,
				248
			],
			[
				246,
				341.5,
				255
			],
			[
				251,
				348.5,
				261
			],
			[
				258,
				354.5,
				267
			],
			[
				261,
				357.5,
				275
			],
			[
				265,
				360.5,
				281
			],
			[
				266,
				362.5,
				288
			],
			[
				268,
				364.5,
				295
			],
			[
				269,
				365.5,
				303
			],
			[
				270,
				366.5,
				310
			],
			[
				271,
				366.5,
				325
			],
			[
				271,
				367.5,
				331
			]
		]
	},
	"second": {
		"dev_index": "2",
		"dev_info": "etc",
		"width": 382,
		"height": 266.75650842266464,
		"timestamp": 1564357264921,
		"lines": [
			[
				328,
				176.5,
				0
			],
			[
				313,
				183.5,
				105
			],
			[
				285,
				195.5,
				112
			],
			[
				267,
				205.5,
				118
			],
			[
				248,
				215.5,
				125
			],
			[
				227,
				228.5,
				132
			],
			[
				202,
				245.5,
				140
			],
			[
				183,
				260.5,
				146
			],
			[
				161,
				272.5,
				153
			],
			[
				150,
				276.5,
				159
			],
			[
				139,
				283.5,
				167
			],
			[
				129,
				287.5,
				173
			],
			[
				122,
				289.5,
				180
			],
			[
				118,
				291.5,
				187
			],
			[
				116,
				292.5,
				194
			],
			[
				116,
				292.5,
				201
			],
			[
				115,
				292.5,
				215
			]
		]
	}
}