{
	"env": 1234,
	"subject": "1234",
	"line_num": 0,
	"first": {
		"dev_index": "2",
		"dev_info": "etc",
		"width": 382,
		"height": 266.75650842266464,
		"timestamp": 1564436078696,
		"lines": [
			[
				112,
				130.5,
				0
			],
			[
				114,
				134.5,
				81
			],
			[
				121,
				144.5,
				89
			],
			[
				128,
				154.5,
				94
			],
			[
				133,
				159.5,
				105
			],
			[
				143,
				170.5,
				110
			],
			[
				154,
				182.5,
				117
			],
			[
				171,
				199.5,
				126
			],
			[
				176,
				204.5,
				132
			],
			[
				189,
				216.5,
				141
			],
			[
				204,
				232.5,
				147
			],
			[
				209,
				237.5,
				155
			],
			[
				220,
				248.5,
				162
			],
			[
				232,
				258.5,
				171
			],
			[
				235,
				262.5,
				179
			],
			[
				240,
				267.5,
				188
			],
			[
				246,
				272.5,
				194
			],
			[
				249,
				276.5,
				201
			],
			[
				250,
				277.5,
				209
			],
			[
				252,
				279.5,
				216
			],
			[
				252,
				280.5,
				224
			],
			[
				253,
				281.5,
				231
			],
			[
				253,
				281.5,
				247
			],
			[
				254,
				282.5,
				248
			],
			[
				254,
				282.5,
				254
			],
			[
				254,
				283.5,
				268
			]
		]
	},
	"second": {
		"dev_index": "2",
		"dev_info": "etc",
		"width": 382,
		"height": 266.75650842266464,
		"timestamp": 1564436083813,
		"lines": [
			[
				283,
				178.5,
				0
			],
			[
				283,
				178.5,
				25
			],
			[
				283,
				179.5,
				31
			],
			[
				281,
				186.5,
				39
			],
			[
				265,
				221.5,
				50
			],
			[
				251,
				256.5,
				57
			],
			[
				245,
				270.5,
				64
			],
			[
				227,
				314.5,
				72
			],
			[
				199,
				374.5,
				96
			],
			[
				193,
				390.5,
				105
			],
			[
				192,
				394.5,
				111
			],
			[
				188,
				404.5,
				117
			],
			[
				184,
				413.5,
				126
			],
			[
				183,
				421.5,
				130
			],
			[
				182,
				423.5,
				138
			],
			[
				180,
				430.5,
				146
			],
			[
				178,
				437.5,
				153
			],
			[
				177,
				439.5,
				161
			],
			[
				174,
				448.5,
				168
			],
			[
				172,
				455.5,
				176
			],
			[
				170,
				460.5,
				185
			],
			[
				166,
				468.5,
				193
			],
			[
				164,
				476.5,
				200
			],
			[
				161,
				482.5,
				208
			],
			[
				161,
				484.5,
				215
			],
			[
				160,
				487.5,
				225
			],
			[
				159,
				489.5,
				230
			],
			[
				159,
				491.5,
				237
			],
			[
				157,
				493.5,
				245
			],
			[
				157,
				498.5,
				252
			],
			[
				156,
				500.5,
				260
			],
			[
				155,
				503.5,
				267
			],
			[
				155,
				509.5,
				275
			],
			[
				154,
				515.5,
				282
			],
			[
				154,
				517.5,
				292
			],
			[
				153,
				520.5,
				297
			],
			[
				153,
				522.5,
				305
			]
		]
	}
}