{
	"env": 1234,
	"subject": "1234",
	"line_num": 0,
	"first": {
		"dev_index": "3",
		"dev_info": "etc",
		"width": 483,
		"height": 623.2865497076024,
		"timestamp": 1564438139611,
		"lines": [
			[
				289,
				66,
				0
			],
			[
				286,
				67,
				24
			],
			[
				282.5,
				68,
				37
			],
			[
				279,
				70,
				52
			],
			[
				269.5,
				75,
				71
			],
			[
				259,
				80.5,
				88
			],
			[
				253.5,
				82.5,
				103
			],
			[
				244.5,
				87,
				119
			],
			[
				235.5,
				91,
				136
			],
			[
				226,
				97,
				153
			],
			[
				221,
				99,
				169
			],
			[
				210.5,
				104.5,
				185
			],
			[
				206,
				106,
				205
			],
			[
				197.5,
				110,
				221
			],
			[
				190,
				113.5,
				237
			],
			[
				183,
				116.5,
				256
			],
			[
				179.5,
				118.5,
				271
			],
			[
				172.5,
				122.5,
				286
			],
			[
				170,
				123.5,
				303
			],
			[
				165,
				125.5,
				319
			],
			[
				162,
				127,
				336
			],
			[
				159,
				128,
				354
			],
			[
				157,
				128,
				371
			],
			[
				154,
				129.5,
				386
			],
			[
				152,
				130,
				405
			],
			[
				149,
				130.5,
				422
			],
			[
				146.5,
				131.5,
				436
			],
			[
				142.5,
				132.5,
				454
			],
			[
				140,
				133.5,
				470
			],
			[
				135,
				136,
				486
			],
			[
				132.5,
				137.5,
				504
			],
			[
				127,
				140.5,
				522
			],
			[
				122.5,
				142,
				538
			],
			[
				117,
				144,
				554
			],
			[
				115,
				144.5,
				570
			],
			[
				110.5,
				146,
				585
			],
			[
				108,
				146.5,
				602
			],
			[
				102.5,
				147.5,
				619
			]
		]
	},
	"second": {
		"dev_index": "2",
		"dev_info": "etc",
		"width": 483,
		"height": 644.6264591439689,
		"timestamp": 1564438140736,
		"lines": [
			[
				311,
				210,
				0
			],
			[
				309,
				210.5,
				5
			],
			[
				306,
				211,
				11
			],
			[
				299,
				213.5,
				30
			],
			[
				295,
				215,
				46
			],
			[
				287,
				219,
				65
			],
			[
				283.5,
				220.5,
				78
			],
			[
				276,
				225.5,
				96
			],
			[
				269,
				229.5,
				112
			],
			[
				262.5,
				233,
				129
			],
			[
				259.5,
				234.5,
				145
			],
			[
				253.5,
				238.5,
				164
			],
			[
				247.5,
				242.5,
				179
			],
			[
				244.5,
				245.5,
				197
			],
			[
				238.5,
				250,
				212
			],
			[
				232,
				254,
				230
			],
			[
				229,
				256,
				246
			],
			[
				223,
				259.5,
				263
			],
			[
				221,
				261,
				279
			],
			[
				215.5,
				265,
				297
			],
			[
				210.5,
				269,
				311
			],
			[
				205,
				272.5,
				330
			],
			[
				202.5,
				274,
				344
			],
			[
				197.5,
				277,
				364
			],
			[
				191.5,
				280,
				380
			],
			[
				188.5,
				281.5,
				396
			],
			[
				182.5,
				285.5,
				412
			],
			[
				176,
				289.5,
				430
			],
			[
				169,
				292.5,
				447
			],
			[
				165.5,
				294,
				464
			],
			[
				158.5,
				296.5,
				479
			],
			[
				155,
				297.5,
				496
			],
			[
				148,
				300,
				513
			],
			[
				140.5,
				302.5,
				529
			],
			[
				137.5,
				303.5,
				546
			],
			[
				131.5,
				306,
				562
			],
			[
				126.5,
				308,
				579
			],
			[
				124.5,
				309,
				596
			],
			[
				122,
				310,
				611
			],
			[
				121.5,
				310,
				632
			],
			[
				122,
				309.5,
				648
			]
		]
	}
}