{
	"env": 1000,
	"subject": "1000",
	"line_num": 0,
	"first": {
		"dev_index": "1",
		"dev_info": "etc",
		"width": 483,
		"height": 367.4182879377432,
		"timestamp": 1565829681171,
		"lines": [
			[
				42,
				169.5,
				0
			],
			[
				58.5,
				165.5,
				16
			],
			[
				64.5,
				164.5,
				31
			],
			[
				70.5,
				163.5,
				48
			],
			[
				83.5,
				162,
				64
			],
			[
				96,
				161,
				82
			],
			[
				108.5,
				160.5,
				97
			],
			[
				120,
				160,
				114
			],
			[
				131,
				159.5,
				132
			],
			[
				136,
				159,
				149
			],
			[
				145.5,
				158,
				165
			],
			[
				149.5,
				158,
				182
			],
			[
				158,
				158,
				198
			],
			[
				166,
				158,
				214
			],
			[
				175,
				158,
				231
			],
			[
				179.5,
				158.5,
				248
			],
			[
				189.5,
				158.5,
				265
			],
			[
				195,
				159,
				282
			],
			[
				205,
				159.5,
				299
			],
			[
				214.5,
				159.5,
				315
			],
			[
				224,
				160.5,
				333
			],
			[
				229,
				160.5,
				347
			],
			[
				239,
				162,
				365
			],
			[
				243.5,
				162,
				382
			],
			[
				252,
				162,
				398
			],
			[
				260,
				163,
				415
			],
			[
				268.5,
				163,
				431
			],
			[
				272.5,
				162.5,
				448
			],
			[
				281.5,
				161.5,
				464
			],
			[
				286.5,
				161,
				482
			],
			[
				296,
				159.5,
				499
			],
			[
				305.5,
				158,
				515
			],
			[
				314.5,
				157,
				531
			],
			[
				319,
				157,
				548
			],
			[
				328,
				157,
				565
			],
			[
				332,
				156.5,
				582
			],
			[
				339.5,
				157,
				598
			],
			[
				346.5,
				157.5,
				616
			],
			[
				352.5,
				157.5,
				632
			],
			[
				355.5,
				157.5,
				649
			],
			[
				361,
				156.5,
				666
			],
			[
				364,
				156.5,
				682
			],
			[
				370,
				156.5,
				699
			],
			[
				376.5,
				155.5,
				716
			],
			[
				383,
				155,
				733
			],
			[
				385.5,
				154.5,
				749
			],
			[
				391,
				154,
				765
			],
			[
				394.5,
				153,
				781
			],
			[
				397.5,
				150.5,
				792
			]
		]
	},
	"second": {
		"dev_index": "2",
		"dev_info": "etc",
		"width": 483,
		"height": 553.476653696498,
		"timestamp": 1565829682914,
		"lines": [
			[
				41.5,
				38,
				0
			],
			[
				50,
				38.5,
				5
			],
			[
				54,
				39.5,
				22
			],
			[
				58,
				39.5,
				39
			],
			[
				72,
				40.5,
				56
			],
			[
				83,
				41,
				73
			],
			[
				92.5,
				40.5,
				90
			],
			[
				97,
				41,
				105
			],
			[
				104.5,
				40.5,
				122
			],
			[
				107.5,
				40.5,
				140
			],
			[
				114,
				40.5,
				155
			],
			[
				120.5,
				40.5,
				173
			],
			[
				123.5,
				40.5,
				189
			],
			[
				129,
				41,
				206
			],
			[
				134.5,
				41,
				222
			],
			[
				137.5,
				41,
				240
			],
			[
				143.5,
				41.5,
				256
			],
			[
				151,
				41.5,
				273
			],
			[
				160.5,
				41.5,
				290
			],
			[
				165.5,
				41,
				307
			],
			[
				176,
				40.5,
				323
			],
			[
				181.5,
				40,
				340
			],
			[
				192.5,
				39.5,
				356
			],
			[
				203,
				39.5,
				373
			],
			[
				213.5,
				39.5,
				391
			],
			[
				218.5,
				40,
				406
			],
			[
				228,
				39.5,
				422
			],
			[
				233,
				40,
				440
			],
			[
				242.5,
				40,
				456
			],
			[
				252,
				40.5,
				472
			],
			[
				256,
				40.5,
				489
			],
			[
				264,
				41,
				506
			],
			[
				272.5,
				40.5,
				522
			],
			[
				277,
				40.5,
				539
			],
			[
				285,
				40.5,
				556
			],
			[
				293.5,
				40.5,
				573
			],
			[
				301.5,
				40.5,
				589
			],
			[
				305,
				40,
				607
			],
			[
				312,
				40,
				624
			],
			[
				315.5,
				40,
				640
			],
			[
				322.5,
				40,
				657
			],
			[
				327.5,
				40,
				673
			],
			[
				332.5,
				40.5,
				690
			],
			[
				335,
				40,
				707
			],
			[
				341,
				39.5,
				723
			],
			[
				344,
				39.5,
				739
			],
			[
				349,
				39.5,
				756
			],
			[
				354,
				39.5,
				772
			],
			[
				358.5,
				39,
				789
			],
			[
				360.5,
				39.5,
				806
			],
			[
				365.5,
				40,
				822
			],
			[
				367.5,
				40.5,
				840
			],
			[
				371.5,
				40.5,
				857
			],
			[
				375.5,
				41,
				874
			],
			[
				380.5,
				41.5,
				889
			]
		]
	}
}