{
	"env": 1000,
	"subject": "1000",
	"line_num": 1,
	"first": {
		"dev_index": "2",
		"dev_info": "etc",
		"width": 483,
		"height": 553.476653696498,
		"timestamp": 1565829684678,
		"lines": [
			[
				292,
				272,
				0
			],
			[
				289.5,
				271,
				11
			],
			[
				286.5,
				271.5,
				27
			],
			[
				282.5,
				272,
				44
			],
			[
				273,
				274,
				59
			],
			[
				267.5,
				274.5,
				76
			],
			[
				256.5,
				277.5,
				93
			],
			[
				245,
				280.5,
				109
			],
			[
				239,
				282,
				126
			],
			[
				228.5,
				285.5,
				143
			],
			[
				218,
				290,
				159
			],
			[
				213.5,
				291.5,
				176
			],
			[
				204.5,
				294,
				193
			],
			[
				195,
				296.5,
				210
			],
			[
				186.5,
				298,
				227
			],
			[
				182.5,
				298.5,
				243
			],
			[
				174.5,
				298.5,
				259
			],
			[
				170.5,
				299,
				277
			],
			[
				163.5,
				299,
				294
			],
			[
				156,
				299.5,
				310
			],
			[
				149,
				300.5,
				327
			],
			[
				146,
				300.5,
				344
			],
			[
				140,
				301,
				360
			],
			[
				136.5,
				301.5,
				377
			],
			[
				130.5,
				303,
				393
			],
			[
				125,
				304.5,
				411
			],
			[
				120,
				306.5,
				427
			],
			[
				117.5,
				308,
				444
			],
			[
				112.5,
				309,
				460
			],
			[
				110,
				309.5,
				477
			],
			[
				105,
				311.5,
				493
			],
			[
				100.5,
				313,
				510
			],
			[
				95.5,
				314.5,
				526
			],
			[
				93.5,
				315,
				544
			],
			[
				91,
				316,
				559
			],
			[
				86,
				316.5,
				577
			],
			[
				81.5,
				317.5,
				594
			],
			[
				78,
				318.5,
				610
			],
			[
				74.5,
				318.5,
				626
			],
			[
				72.5,
				319,
				643
			],
			[
				69,
				319.5,
				661
			],
			[
				66.5,
				320.5,
				677
			],
			[
				60.5,
				321.5,
				694
			],
			[
				53,
				324.5,
				710
			]
		]
	},
	"second": {
		"dev_index": "1",
		"dev_info": "etc",
		"width": 483,
		"height": 367.4182879377432,
		"timestamp": 1565829756133,
		"lines": [
			[
				58.5,
				138,
				0
			],
			[
				60,
				138.5,
				5
			],
			[
				62.5,
				139,
				26
			],
			[
				66.5,
				140,
				38
			],
			[
				71,
				140.5,
				54
			],
			[
				81.5,
				142.5,
				72
			],
			[
				92.5,
				143.5,
				88
			],
			[
				104,
				143.5,
				105
			],
			[
				110,
				143,
				122
			],
			[
				121.5,
				142.5,
				137
			],
			[
				127.5,
				142,
				155
			],
			[
				139,
				141.5,
				172
			],
			[
				150,
				141.5,
				189
			],
			[
				160,
				141.5,
				204
			],
			[
				165,
				141,
				221
			],
			[
				173.5,
				142,
				237
			],
			[
				177.5,
				142,
				255
			],
			[
				184.5,
				143,
				271
			],
			[
				192,
				143,
				288
			],
			[
				200,
				143.5,
				304
			],
			[
				205,
				143.5,
				322
			],
			[
				215.5,
				143.5,
				337
			],
			[
				220.5,
				143,
				355
			],
			[
				231.5,
				142,
				372
			],
			[
				240.5,
				141.5,
				389
			],
			[
				248,
				141,
				406
			],
			[
				251.5,
				140.5,
				422
			],
			[
				258.5,
				140.5,
				438
			],
			[
				262.5,
				140.5,
				455
			],
			[
				271,
				141,
				472
			],
			[
				280.5,
				141.5,
				489
			],
			[
				289.5,
				141.5,
				505
			],
			[
				294,
				141,
				521
			],
			[
				302,
				141.5,
				538
			],
			[
				305.5,
				141,
				554
			],
			[
				313.5,
				141,
				572
			],
			[
				321.5,
				141,
				588
			],
			[
				330,
				141.5,
				605
			],
			[
				334.5,
				142,
				621
			],
			[
				344,
				142.5,
				638
			],
			[
				348.5,
				142.5,
				655
			],
			[
				357,
				143,
				672
			],
			[
				364,
				143,
				689
			],
			[
				370.5,
				142,
				706
			],
			[
				373.5,
				142,
				721
			],
			[
				381,
				142.5,
				738
			],
			[
				385,
				142,
				755
			],
			[
				393,
				142,
				771
			],
			[
				401,
				142,
				788
			],
			[
				408,
				143,
				805
			],
			[
				412.5,
				143,
				822
			]
		]
	}
}