{
	"env": 1000,
	"subject": "1000",
	"line_num": 1,
	"first": {
		"dev_index": "3",
		"dev_info": "etc",
		"width": 412,
		"height": 761,
		"timestamp": 1565829760666,
		"lines": [
			[
				359.1429138183594,
				148.5714340209961,
				0
			],
			[
				355.4285888671875,
				157.71428680419922,
				33
			],
			[
				346.8571472167969,
				176.0000228881836,
				68
			],
			[
				339.4285888671875,
				197.71428680419922,
				98
			],
			[
				333.1429138183594,
				220.5714340209961,
				132
			],
			[
				327.1429138183594,
				243.71428680419922,
				167
			],
			[
				319.4285888671875,
				266.5714340209961,
				200
			],
			[
				311.71429443359375,
				289.42858123779297,
				234
			],
			[
				304.5714416503906,
				309.7142868041992,
				266
			],
			[
				299.1429138183594,
				327.7142868041992,
				300
			],
			[
				295.1429138183594,
				342.5714340209961,
				333
			],
			[
				289.4285888671875,
				360.28572845458984,
				367
			],
			[
				284,
				374.5714340209961,
				400
			],
			[
				279.4285888671875,
				388.0000534057617,
				432
			],
			[
				275.4285888671875,
				402.28572845458984,
				466
			],
			[
				270.57147216796875,
				419.42858123779297,
				500
			],
			[
				264.2857360839844,
				438.5714340209961,
				533
			],
			[
				257.71429443359375,
				458.0000534057617,
				567
			],
			[
				254.2857208251953,
				470.00008392333984,
				591
			]
		]
	},
	"second": {
		"dev_index": "2",
		"dev_info": "etc",
		"width": 483,
		"height": 553.476653696498,
		"timestamp": 1565829765767,
		"lines": [
			[
				235.5,
				248.5,
				0
			],
			[
				231,
				249,
				10
			],
			[
				221,
				253.5,
				29
			],
			[
				207,
				261.5,
				44
			],
			[
				191,
				272,
				60
			],
			[
				154,
				302.5,
				77
			],
			[
				119.5,
				338.5,
				93
			],
			[
				106,
				353.5,
				111
			]
		]
	}
}