{
	"env": 1000,
	"subject": "1000",
	"line_num": 0,
	"first": {
		"dev_index": "1",
		"dev_info": "etc",
		"width": 483,
		"height": 367.4182879377432,
		"timestamp": 1565829940574,
		"lines": [
			[
				121.5,
				73.5,
				0
			],
			[
				130,
				73.5,
				7
			],
			[
				137,
				74.5,
				23
			],
			[
				145.5,
				74.5,
				40
			],
			[
				149.5,
				75,
				58
			],
			[
				159,
				75,
				73
			],
			[
				163.5,
				74.5,
				91
			],
			[
				171.5,
				74.5,
				108
			],
			[
				178.5,
				74,
				125
			],
			[
				186,
				74,
				140
			],
			[
				189,
				74.5,
				158
			],
			[
				195.5,
				75,
				173
			],
			[
				202,
				76,
				190
			],
			[
				205,
				76.5,
				208
			],
			[
				211.5,
				78,
				224
			],
			[
				219,
				79.5,
				240
			],
			[
				226.5,
				80.5,
				258
			],
			[
				230.5,
				81.5,
				274
			],
			[
				238,
				83,
				291
			],
			[
				241.5,
				83.5,
				308
			],
			[
				248.5,
				84.5,
				325
			],
			[
				255.5,
				85.5,
				342
			],
			[
				262.5,
				86.5,
				357
			],
			[
				266,
				86.5,
				374
			],
			[
				274,
				86.5,
				390
			],
			[
				277.5,
				87,
				407
			],
			[
				284.5,
				88,
				424
			],
			[
				291.5,
				89,
				440
			],
			[
				295,
				89.5,
				457
			],
			[
				302,
				90,
				475
			],
			[
				309.5,
				90.5,
				490
			],
			[
				313.5,
				91,
				508
			],
			[
				321,
				91.5,
				524
			],
			[
				328,
				92,
				541
			],
			[
				331.5,
				93,
				557
			],
			[
				338,
				94,
				574
			],
			[
				344.5,
				94.5,
				590
			],
			[
				347.5,
				95,
				608
			],
			[
				354,
				96,
				624
			],
			[
				360,
				97,
				642
			],
			[
				362.5,
				97,
				657
			],
			[
				367.5,
				98,
				673
			],
			[
				371.5,
				99,
				690
			],
			[
				374,
				100,
				707
			],
			[
				379.5,
				101.5,
				725
			]
		]
	},
	"second": {
		"dev_index": "2",
		"dev_info": "etc",
		"width": 483,
		"height": 553.476653696498,
		"timestamp": 1565829942278,
		"lines": [
			[
				64,
				65,
				0
			],
			[
				71,
				67.5,
				5
			],
			[
				78,
				69.5,
				21
			],
			[
				81.5,
				70.5,
				37
			],
			[
				90,
				74,
				53
			],
			[
				99,
				78,
				72
			],
			[
				107.5,
				81,
				88
			],
			[
				111.5,
				82.5,
				103
			],
			[
				120,
				85,
				120
			],
			[
				127.5,
				87,
				138
			],
			[
				131.5,
				88.5,
				153
			],
			[
				139,
				90.5,
				171
			],
			[
				146,
				93,
				188
			],
			[
				151.5,
				95.5,
				204
			],
			[
				155.5,
				97,
				221
			],
			[
				162.5,
				99.5,
				237
			],
			[
				169,
				102,
				255
			],
			[
				171.5,
				103,
				270
			],
			[
				176,
				105,
				288
			],
			[
				179,
				106.5,
				305
			],
			[
				184.5,
				108.5,
				322
			],
			[
				190,
				110,
				338
			],
			[
				195.5,
				111,
				355
			],
			[
				198,
				112,
				372
			],
			[
				204.5,
				114,
				387
			],
			[
				211,
				116,
				404
			],
			[
				213.5,
				117.5,
				420
			],
			[
				219.5,
				119,
				437
			],
			[
				225.5,
				120.5,
				453
			],
			[
				228.5,
				121.5,
				471
			],
			[
				235,
				123,
				487
			],
			[
				238,
				123.5,
				504
			],
			[
				245,
				125,
				521
			],
			[
				252.5,
				126.5,
				537
			],
			[
				259,
				127.5,
				555
			],
			[
				262.5,
				128.5,
				570
			],
			[
				269,
				130.5,
				588
			],
			[
				272.5,
				131.5,
				604
			],
			[
				279.5,
				132.5,
				622
			],
			[
				286.5,
				133.5,
				638
			],
			[
				293.5,
				135.5,
				655
			],
			[
				296.5,
				136,
				671
			],
			[
				302,
				137.5,
				688
			],
			[
				304.5,
				138,
				704
			],
			[
				310.5,
				139.5,
				721
			],
			[
				317,
				141,
				738
			],
			[
				323,
				142.5,
				755
			],
			[
				328,
				143.5,
				772
			],
			[
				330,
				143.5,
				788
			],
			[
				334,
				144.5,
				804
			],
			[
				336,
				145,
				821
			],
			[
				340,
				146,
				837
			],
			[
				343,
				147,
				855
			],
			[
				344,
				147.5,
				872
			]
		]
	}
}