{
	"env": 1000,
	"subject": "1000",
	"line_num": 1,
	"first": {
		"dev_index": "2",
		"dev_info": "etc",
		"width": 483,
		"height": 553.476653696498,
		"timestamp": 1565829943971,
		"lines": [
			[
				307,
				87.5,
				0
			],
			[
				305,
				87.5,
				13
			],
			[
				302.5,
				87.5,
				29
			],
			[
				296,
				89,
				45
			],
			[
				292,
				90.5,
				62
			],
			[
				283.5,
				93.5,
				79
			],
			[
				275.5,
				97,
				95
			],
			[
				267.5,
				100.5,
				112
			],
			[
				263.5,
				102.5,
				129
			],
			[
				255.5,
				105.5,
				146
			],
			[
				252,
				106.5,
				161
			],
			[
				244.5,
				109.5,
				179
			],
			[
				237,
				112,
				196
			],
			[
				230.5,
				114.5,
				211
			],
			[
				228,
				116,
				228
			],
			[
				222.5,
				118,
				244
			],
			[
				219.5,
				119,
				262
			],
			[
				214,
				121.5,
				278
			],
			[
				208.5,
				123.5,
				296
			],
			[
				202.5,
				126,
				311
			],
			[
				199,
				127,
				329
			],
			[
				192,
				128.5,
				346
			],
			[
				189,
				129,
				363
			],
			[
				182.5,
				130.5,
				379
			],
			[
				176.5,
				132,
				396
			],
			[
				171,
				134,
				412
			],
			[
				168,
				134.5,
				429
			],
			[
				163,
				136.5,
				446
			],
			[
				160.5,
				137.5,
				463
			],
			[
				155,
				139.5,
				479
			],
			[
				150,
				142,
				496
			],
			[
				145.5,
				143.5,
				511
			],
			[
				143.5,
				144,
				530
			],
			[
				138.5,
				145,
				546
			],
			[
				135.5,
				146,
				561
			],
			[
				129,
				147.5,
				579
			],
			[
				122.5,
				149.5,
				596
			],
			[
				117,
				151,
				612
			],
			[
				114.5,
				151.5,
				629
			],
			[
				109,
				153,
				646
			],
			[
				106.5,
				153.5,
				663
			],
			[
				102,
				155.5,
				679
			],
			[
				96.5,
				157.5,
				696
			],
			[
				94,
				159.5,
				712
			]
		]
	},
	"second": {
		"dev_index": "3",
		"dev_info": "etc",
		"width": 412,
		"height": 761,
		"timestamp": 1565829945276,
		"lines": [
			[
				250.00003051757812,
				70.57144165039062,
				0
			],
			[
				249.71429443359375,
				70.57144165039062,
				10
			],
			[
				247.71429443359375,
				71.14286804199219,
				31
			],
			[
				243.42860412597656,
				75.14287567138672,
				51
			],
			[
				240.2857208251953,
				79.14287567138672,
				70
			],
			[
				236.85714721679688,
				83.42859649658203,
				85
			],
			[
				233.71429443359375,
				88.5714340209961,
				102
			],
			[
				230.2857208251953,
				95.14286041259766,
				118
			],
			[
				226.5714569091797,
				102.0000228881836,
				134
			],
			[
				222.5714569091797,
				108.5714340209961,
				152
			],
			[
				218.85714721679688,
				114.28571319580078,
				169
			],
			[
				215.14288330078125,
				119.14286041259766,
				187
			],
			[
				204.5714569091797,
				136.28571319580078,
				237
			],
			[
				198.2857208251953,
				146.5714340209961,
				270
			],
			[
				192.00003051757812,
				157.71428680419922,
				305
			],
			[
				186.00003051757812,
				168.0000228881836,
				336
			],
			[
				180.2857208251953,
				177.71428680419922,
				371
			],
			[
				172.85714721679688,
				189.71428680419922,
				403
			],
			[
				165.71429443359375,
				201.14286041259766,
				437
			],
			[
				158.5714569091797,
				213.71428680419922,
				471
			],
			[
				151.14288330078125,
				226.00005340576172,
				504
			],
			[
				142.28573608398438,
				239.71428680419922,
				537
			],
			[
				134.28573608398438,
				253.42858123779297,
				572
			],
			[
				126.00001525878906,
				266.5714340209961,
				605
			],
			[
				118.00001525878906,
				279.14290618896484,
				636
			],
			[
				111.42857360839844,
				290.5714340209961,
				670
			],
			[
				104.00001525878906,
				302.0000534057617,
				704
			],
			[
				98.00001525878906,
				311.7142868041992,
				739
			],
			[
				93.71428680419922,
				319.7142868041992,
				772
			],
			[
				89.42857360839844,
				327.42858123779297,
				806
			]
		]
	}
}