{
	"env": 1000,
	"subject": "1000",
	"line_num": 0,
	"first": {
		"dev_index": "1",
		"dev_info": "etc",
		"width": 483,
		"height": 367.4182879377432,
		"timestamp": 1565829949572,
		"lines": [
			[
				125.5,
				114.5,
				0
			],
			[
				137,
				114,
				21
			],
			[
				141,
				113.5,
				32
			],
			[
				149.5,
				113.5,
				49
			],
			[
				154,
				113,
				67
			],
			[
				163,
				113,
				81
			],
			[
				171,
				113.5,
				98
			],
			[
				175,
				114,
				116
			],
			[
				183,
				114.5,
				133
			],
			[
				190.5,
				114.5,
				149
			],
			[
				197.5,
				115,
				166
			],
			[
				202,
				115.5,
				182
			],
			[
				210,
				115.5,
				198
			],
			[
				213.5,
				115.5,
				216
			],
			[
				221,
				115.5,
				232
			],
			[
				228.5,
				115.5,
				249
			],
			[
				236,
				115,
				265
			],
			[
				239.5,
				114.5,
				282
			],
			[
				246.5,
				114.5,
				300
			],
			[
				250.5,
				114.5,
				315
			],
			[
				257.5,
				114.5,
				332
			],
			[
				264,
				114.5,
				349
			],
			[
				270,
				115,
				365
			],
			[
				273.5,
				114.5,
				382
			],
			[
				279.5,
				114.5,
				399
			],
			[
				282.5,
				114.5,
				416
			],
			[
				288.5,
				115,
				432
			],
			[
				295,
				115,
				448
			],
			[
				301.5,
				115.5,
				465
			],
			[
				304.5,
				115.5,
				482
			],
			[
				310.5,
				116,
				499
			],
			[
				313.5,
				116,
				515
			],
			[
				319.5,
				116.5,
				532
			],
			[
				326,
				116.5,
				550
			],
			[
				332.5,
				116.5,
				565
			],
			[
				335.5,
				116.5,
				583
			],
			[
				341.5,
				117,
				599
			],
			[
				344.5,
				117,
				616
			],
			[
				351.5,
				117.5,
				632
			],
			[
				358.5,
				117,
				650
			],
			[
				365,
				117,
				666
			],
			[
				368.5,
				117,
				683
			],
			[
				375,
				117,
				700
			],
			[
				378.5,
				117.5,
				717
			],
			[
				384.5,
				117.5,
				734
			],
			[
				388.5,
				117,
				748
			]
		]
	},
	"second": {
		"dev_index": "2",
		"dev_info": "etc",
		"width": 483,
		"height": 553.476653696498,
		"timestamp": 1565829951303,
		"lines": [
			[
				50.5,
				15,
				0
			],
			[
				55.5,
				15,
				1
			],
			[
				62,
				15,
				18
			],
			[
				65,
				15,
				34
			],
			[
				72.5,
				15,
				51
			],
			[
				81,
				15.5,
				68
			],
			[
				85,
				15.5,
				84
			],
			[
				94,
				16.5,
				101
			],
			[
				98.5,
				17,
				118
			],
			[
				106,
				18.5,
				136
			],
			[
				113.5,
				19,
				151
			],
			[
				121.5,
				19,
				168
			],
			[
				129,
				20,
				185
			],
			[
				133,
				20.5,
				201
			],
			[
				141,
				20.5,
				218
			],
			[
				145.5,
				21,
				236
			],
			[
				154,
				21.5,
				252
			],
			[
				162.5,
				21.5,
				268
			],
			[
				167,
				22,
				285
			],
			[
				176,
				22,
				301
			],
			[
				185.5,
				22,
				318
			],
			[
				190.5,
				22.5,
				335
			],
			[
				200.5,
				23,
				352
			],
			[
				211,
				23,
				368
			],
			[
				221.5,
				23.5,
				386
			],
			[
				227.5,
				24,
				401
			],
			[
				237.5,
				24.5,
				419
			],
			[
				242.5,
				25,
				435
			],
			[
				251.5,
				26,
				452
			],
			[
				260.5,
				27.5,
				469
			],
			[
				268,
				28.5,
				485
			],
			[
				272,
				29,
				502
			],
			[
				279,
				30,
				518
			],
			[
				282.5,
				30.5,
				536
			],
			[
				290,
				31,
				553
			],
			[
				296.5,
				32,
				569
			],
			[
				302.5,
				32,
				585
			],
			[
				305,
				32,
				602
			],
			[
				311.5,
				32,
				618
			],
			[
				314.5,
				32,
				636
			],
			[
				321.5,
				32,
				652
			],
			[
				327,
				32,
				669
			],
			[
				330,
				32.5,
				685
			],
			[
				335.5,
				32.5,
				702
			],
			[
				341,
				33,
				720
			],
			[
				343.5,
				33,
				735
			],
			[
				347,
				33,
				752
			],
			[
				349,
				33,
				766
			]
		]
	}
}