{
	"env": 1234,
	"subject": "1234",
	"line_num": 1,
	"first": {
		"dev_index": "2",
		"dev_info": "etc",
		"width": 483,
		"height": 644.6264591439689,
		"timestamp": 1564438141938,
		"lines": [
			[
				359,
				345,
				0
			],
			[
				357,
				345,
				15
			],
			[
				353.5,
				345,
				26
			],
			[
				344.5,
				345,
				45
			],
			[
				340,
				344,
				62
			],
			[
				329.5,
				341,
				79
			],
			[
				324,
				339.5,
				94
			],
			[
				313,
				336.5,
				113
			],
			[
				303.5,
				334,
				129
			],
			[
				293.5,
				331.5,
				145
			],
			[
				289,
				330.5,
				162
			],
			[
				280,
				328,
				177
			],
			[
				270,
				325,
				197
			],
			[
				265.5,
				323,
				210
			],
			[
				257,
				320,
				230
			],
			[
				248.5,
				317,
				245
			],
			[
				244.5,
				316,
				261
			],
			[
				236.5,
				314,
				279
			],
			[
				232,
				313,
				295
			],
			[
				224.5,
				310.5,
				310
			],
			[
				217.5,
				309,
				330
			],
			[
				211.5,
				307,
				346
			],
			[
				208.5,
				306,
				361
			],
			[
				203,
				304,
				378
			],
			[
				200,
				302.5,
				393
			],
			[
				193.5,
				300,
				414
			],
			[
				187.5,
				298,
				429
			],
			[
				181.5,
				296.5,
				445
			],
			[
				178.5,
				296,
				462
			],
			[
				173,
				295,
				478
			],
			[
				170.5,
				294,
				494
			],
			[
				164,
				293,
				511
			],
			[
				158,
				291.5,
				529
			],
			[
				151.5,
				289,
				545
			],
			[
				148,
				288,
				561
			],
			[
				141.5,
				285,
				578
			],
			[
				138,
				284,
				594
			],
			[
				133,
				281.5,
				612
			],
			[
				128,
				279.5,
				629
			],
			[
				123,
				278,
				645
			],
			[
				120,
				277,
				661
			],
			[
				115,
				274,
				677
			]
		]
	},
	"second": {
		"dev_index": "1",
		"dev_info": "etc",
		"width": 287,
		"height": 285.03693570451435,
		"timestamp": 1564438143047,
		"lines": [
			[
				228.5,
				278.5,
				0
			],
			[
				224,
				278,
				8
			],
			[
				218.5,
				277,
				12
			],
			[
				213,
				276,
				25
			],
			[
				207,
				275,
				32
			],
			[
				201.5,
				273.5,
				44
			],
			[
				196,
				271.5,
				53
			],
			[
				190.5,
				269.5,
				65
			],
			[
				185,
				267,
				71
			],
			[
				179,
				264,
				86
			],
			[
				173.5,
				261.5,
				93
			],
			[
				168,
				258.5,
				106
			],
			[
				162.5,
				255.5,
				113
			],
			[
				157.5,
				252.5,
				125
			],
			[
				152,
				249.5,
				133
			],
			[
				147.5,
				246.5,
				146
			],
			[
				142.5,
				244,
				153
			],
			[
				137.5,
				241.5,
				166
			],
			[
				132.5,
				239.5,
				174
			],
			[
				127.5,
				237,
				186
			],
			[
				122.5,
				235,
				194
			],
			[
				117,
				232.5,
				206
			],
			[
				111.5,
				230.5,
				214
			],
			[
				107,
				228.5,
				225
			],
			[
				102,
				226,
				233
			],
			[
				97,
				223.5,
				245
			],
			[
				92,
				222,
				254
			],
			[
				87.5,
				220.5,
				265
			],
			[
				83,
				219,
				273
			],
			[
				78,
				218,
				287
			],
			[
				73,
				217.5,
				292
			],
			[
				68.5,
				216.5,
				304
			],
			[
				64,
				215.5,
				312
			],
			[
				60,
				215,
				324
			],
			[
				56,
				214.5,
				332
			],
			[
				53,
				213.5,
				344
			],
			[
				49,
				213,
				352
			],
			[
				45.5,
				212,
				364
			],
			[
				42.5,
				211,
				372
			],
			[
				39.5,
				210,
				387
			],
			[
				36.5,
				209.5,
				394
			],
			[
				33.5,
				208.5,
				405
			],
			[
				31,
				207,
				411
			],
			[
				29,
				206,
				424
			],
			[
				27.5,
				205,
				432
			],
			[
				26.5,
				204,
				444
			],
			[
				25.5,
				203.5,
				452
			]
		]
	}
}