{
	"env": 1000,
	"subject": "1000",
	"line_num": 1,
	"first": {
		"dev_index": "2",
		"dev_info": "etc",
		"width": 483,
		"height": 553.476653696498,
		"timestamp": 1565829953062,
		"lines": [
			[
				274.5,
				272,
				0
			],
			[
				265.5,
				272.5,
				43
			],
			[
				254.5,
				274.5,
				60
			],
			[
				243,
				276.5,
				76
			],
			[
				237.5,
				277,
				93
			],
			[
				227.5,
				279,
				111
			],
			[
				218.5,
				280.5,
				127
			],
			[
				214.5,
				281,
				143
			],
			[
				207.5,
				282,
				160
			],
			[
				201,
				283.5,
				177
			],
			[
				198,
				284,
				193
			],
			[
				192,
				285,
				211
			],
			[
				186.5,
				285.5,
				228
			],
			[
				181,
				286,
				244
			],
			[
				178.5,
				286,
				261
			],
			[
				173.5,
				286.5,
				277
			],
			[
				171,
				286.5,
				294
			],
			[
				166.5,
				288,
				311
			],
			[
				161.5,
				288.5,
				327
			],
			[
				156.5,
				289.5,
				344
			],
			[
				153.5,
				290,
				361
			],
			[
				148.5,
				291,
				377
			],
			[
				145.5,
				291.5,
				395
			],
			[
				139.5,
				292.5,
				411
			],
			[
				132,
				294,
				428
			],
			[
				124.5,
				295,
				443
			],
			[
				121.5,
				295.5,
				461
			],
			[
				114.5,
				297.5,
				478
			],
			[
				111,
				298,
				494
			],
			[
				104.5,
				299.5,
				511
			],
			[
				98,
				301,
				528
			],
			[
				92,
				302.5,
				544
			],
			[
				89,
				303,
				561
			],
			[
				84,
				304,
				578
			],
			[
				81.5,
				304.5,
				595
			],
			[
				76.5,
				306,
				611
			],
			[
				71.5,
				307,
				627
			],
			[
				67,
				308,
				645
			],
			[
				64.5,
				308.5,
				662
			],
			[
				60,
				310,
				678
			],
			[
				57.5,
				310.5,
				695
			],
			[
				53,
				311.5,
				712
			],
			[
				48,
				312.5,
				728
			],
			[
				42,
				313.5,
				744
			],
			[
				39,
				314,
				762
			],
			[
				33.5,
				315.5,
				778
			],
			[
				30,
				316,
				794
			]
		]
	},
	"second": {
		"dev_index": "3",
		"dev_info": "etc",
		"width": 412,
		"height": 761,
		"timestamp": 1565829954368,
		"lines": [
			[
				315.4285888671875,
				153.42859649658203,
				0
			],
			[
				313.1429138183594,
				154.5714340209961,
				24
			],
			[
				306.5714416503906,
				161.71428680419922,
				58
			],
			[
				300.2857666015625,
				170.5714340209961,
				90
			],
			[
				294.2857666015625,
				181.14286041259766,
				124
			],
			[
				286.57147216796875,
				192.5714340209961,
				158
			],
			[
				278.8571472167969,
				203.14287567138672,
				191
			],
			[
				270.8571472167969,
				215.14287567138672,
				225
			],
			[
				263.71429443359375,
				226.00005340576172,
				259
			],
			[
				255.71429443359375,
				236.28572845458984,
				292
			],
			[
				248.5714569091797,
				246.28572845458984,
				327
			],
			[
				242.00003051757812,
				254.85713958740234,
				361
			],
			[
				234.85714721679688,
				263.7142868041992,
				392
			],
			[
				228.5714569091797,
				273.7142868041992,
				427
			],
			[
				223.14288330078125,
				282.28572845458984,
				459
			],
			[
				217.42857360839844,
				290.8572006225586,
				492
			],
			[
				211.42857360839844,
				300.5714340209961,
				525
			],
			[
				206.85714721679688,
				308.28572845458984,
				560
			],
			[
				202.5714569091797,
				315.42858123779297,
				593
			],
			[
				197.14288330078125,
				323.42858123779297,
				627
			],
			[
				191.71429443359375,
				330.5714340209961,
				659
			],
			[
				187.14288330078125,
				336.28572845458984,
				693
			],
			[
				183.14288330078125,
				341.42858123779297,
				726
			],
			[
				178.5714569091797,
				347.14290618896484,
				761
			],
			[
				173.71429443359375,
				352.8572006225586,
				793
			],
			[
				169.14288330078125,
				359.14290618896484,
				826
			],
			[
				164.85714721679688,
				365.42858123779297,
				860
			],
			[
				161.71429443359375,
				369.42858123779297,
				892
			],
			[
				159.71429443359375,
				372.8572006225586,
				927
			],
			[
				157.71429443359375,
				377.14290618896484,
				960
			]
		]
	}
}