{
	"env": 1234,
	"subject": "1234",
	"line_num": 0,
	"first": {
		"dev_index": "1",
		"dev_info": "etc",
		"width": 483,
		"height": 623.2865497076024,
		"timestamp": 1564438309829,
		"lines": [
			[
				405,
				106.5,
				0
			],
			[
				406.5,
				106,
				1
			],
			[
				402.5,
				106.5,
				30
			],
			[
				399,
				107.5,
				40
			],
			[
				395,
				108.5,
				56
			],
			[
				391,
				109,
				68
			],
			[
				382.5,
				112,
				85
			],
			[
				373.5,
				115,
				108
			],
			[
				369,
				117,
				118
			],
			[
				360,
				121,
				135
			],
			[
				351,
				124.5,
				151
			],
			[
				346.5,
				126,
				169
			],
			[
				337,
				129,
				185
			],
			[
				328,
				131.5,
				202
			],
			[
				319.5,
				133,
				225
			],
			[
				315,
				134,
				237
			],
			[
				306.5,
				135.5,
				252
			],
			[
				302,
				137,
				268
			],
			[
				293.5,
				139.5,
				285
			],
			[
				284.5,
				143,
				301
			],
			[
				280,
				144,
				318
			],
			[
				271,
				146.5,
				335
			],
			[
				263.5,
				147.5,
				352
			],
			[
				260,
				148,
				368
			],
			[
				253.5,
				149,
				384
			],
			[
				246.5,
				149.5,
				404
			],
			[
				240,
				150.5,
				420
			],
			[
				237,
				151,
				436
			],
			[
				230,
				152.5,
				452
			],
			[
				223.5,
				154,
				471
			],
			[
				220.5,
				155.5,
				489
			],
			[
				215,
				157,
				503
			],
			[
				212.5,
				158.5,
				517
			],
			[
				207.5,
				160,
				537
			],
			[
				202.5,
				162.5,
				552
			],
			[
				199.5,
				163.5,
				569
			]
		]
	},
	"second": {
		"dev_index": "2",
		"dev_info": "etc",
		"width": 483,
		"height": 644.6264591439689,
		"timestamp": 1564438310968,
		"lines": [
			[
				314.5,
				213.5,
				0
			],
			[
				312.5,
				214,
				2
			],
			[
				307.5,
				216,
				14
			],
			[
				302.5,
				218,
				29
			],
			[
				291.5,
				224,
				47
			],
			[
				280.5,
				230,
				64
			],
			[
				269.5,
				235,
				81
			],
			[
				264.5,
				237,
				96
			],
			[
				254.5,
				241.5,
				115
			],
			[
				245.5,
				244.5,
				131
			],
			[
				241.5,
				246,
				149
			],
			[
				233.5,
				248.5,
				164
			],
			[
				226,
				250.5,
				184
			],
			[
				223,
				251.5,
				197
			],
			[
				216.5,
				253,
				215
			],
			[
				211,
				254.5,
				232
			],
			[
				208.5,
				255,
				247
			],
			[
				203,
				256.5,
				263
			],
			[
				198.5,
				257.5,
				279
			],
			[
				193.5,
				259,
				299
			],
			[
				191,
				260,
				315
			],
			[
				188.5,
				260.5,
				331
			],
			[
				184,
				262,
				349
			],
			[
				179.5,
				263,
				364
			],
			[
				174,
				264.5,
				380
			],
			[
				171.5,
				265,
				396
			],
			[
				166,
				266.5,
				415
			],
			[
				160,
				268.5,
				431
			],
			[
				157.5,
				269.5,
				448
			],
			[
				154,
				271.5,
				463
			],
			[
				151.5,
				274,
				482
			],
			[
				150.5,
				275,
				498
			]
		]
	}
}