{
	"env": 1000,
	"subject": "1000",
	"line_num": 0,
	"first": {
		"dev_index": "1",
		"dev_info": "etc",
		"width": 483,
		"height": 367.4182879377432,
		"timestamp": 1565830016926,
		"lines": [
			[
				337,
				42,
				0
			],
			[
				340,
				43,
				18
			],
			[
				343,
				44.5,
				45
			],
			[
				345,
				46,
				59
			],
			[
				349.5,
				48.5,
				74
			],
			[
				354,
				51.5,
				90
			],
			[
				356.5,
				53,
				108
			],
			[
				360.5,
				56.5,
				125
			],
			[
				364,
				59.5,
				140
			],
			[
				367.5,
				61.5,
				158
			],
			[
				369.5,
				62.5,
				174
			],
			[
				373,
				65,
				190
			],
			[
				374.5,
				66,
				208
			],
			[
				378.5,
				68.5,
				225
			],
			[
				382,
				71,
				240
			],
			[
				384,
				72,
				257
			],
			[
				387.5,
				74.5,
				275
			],
			[
				390.5,
				77.5,
				291
			],
			[
				392,
				78.5,
				307
			],
			[
				394.5,
				81,
				324
			],
			[
				397.5,
				83,
				342
			],
			[
				400,
				85,
				358
			],
			[
				401.5,
				86,
				373
			],
			[
				404.5,
				87.5,
				391
			],
			[
				405.5,
				88.5,
				409
			],
			[
				408,
				90,
				424
			],
			[
				410,
				90.5,
				442
			],
			[
				412,
				92,
				457
			],
			[
				413,
				92.5,
				474
			],
			[
				415.5,
				94,
				490
			],
			[
				417,
				95,
				508
			],
			[
				419.5,
				96.5,
				524
			],
			[
				421.5,
				97.5,
				541
			],
			[
				423.5,
				99,
				557
			],
			[
				424.5,
				99.5,
				575
			],
			[
				426,
				101,
				592
			],
			[
				427,
				102,
				608
			],
			[
				429,
				103,
				625
			],
			[
				431,
				104.5,
				641
			],
			[
				433,
				106,
				659
			],
			[
				434,
				106.5,
				675
			],
			[
				435.5,
				108,
				692
			],
			[
				437,
				108.5,
				708
			],
			[
				439.5,
				110,
				725
			],
			[
				442,
				111,
				741
			],
			[
				444,
				112,
				758
			],
			[
				445,
				113,
				774
			],
			[
				447.5,
				114,
				790
			],
			[
				450,
				115.5,
				808
			],
			[
				451,
				116,
				824
			],
			[
				453,
				117,
				841
			],
			[
				455.5,
				118,
				857
			],
			[
				456.5,
				118.5,
				874
			],
			[
				459.5,
				120.5,
				892
			],
			[
				461.5,
				121,
				908
			],
			[
				464,
				122,
				919
			]
		]
	},
	"second": {
		"dev_index": "2",
		"dev_info": "etc",
		"width": 483,
		"height": 553.476653696498,
		"timestamp": 1565830019204,
		"lines": [
			[
				34.5,
				162,
				0
			],
			[
				37,
				167.5,
				17
			],
			[
				38.5,
				169,
				30
			],
			[
				40.5,
				170.5,
				48
			],
			[
				44,
				173,
				65
			],
			[
				48.5,
				176,
				81
			],
			[
				53,
				179,
				98
			],
			[
				57.5,
				182,
				115
			],
			[
				62,
				185,
				132
			],
			[
				64,
				186.5,
				147
			],
			[
				66.5,
				188,
				165
			],
			[
				70.5,
				190.5,
				182
			],
			[
				74.5,
				193,
				198
			],
			[
				78.5,
				195,
				214
			],
			[
				83,
				197.5,
				232
			],
			[
				85,
				199,
				249
			],
			[
				89,
				201.5,
				265
			],
			[
				91,
				203,
				281
			],
			[
				95.5,
				205.5,
				298
			],
			[
				99.5,
				208.5,
				314
			],
			[
				101.5,
				209.5,
				331
			],
			[
				105.5,
				212.5,
				349
			],
			[
				109,
				214.5,
				365
			],
			[
				111,
				215.5,
				382
			],
			[
				114,
				218,
				399
			],
			[
				117.5,
				220.5,
				415
			],
			[
				119,
				221.5,
				432
			],
			[
				123,
				224,
				449
			],
			[
				126,
				227,
				465
			],
			[
				128,
				228.5,
				483
			],
			[
				132,
				231.5,
				500
			],
			[
				136,
				234,
				514
			],
			[
				139.5,
				236,
				532
			],
			[
				141.5,
				237,
				548
			],
			[
				145,
				239.5,
				564
			],
			[
				146.5,
				241,
				582
			],
			[
				150,
				243,
				598
			],
			[
				154,
				245,
				615
			],
			[
				158,
				247.5,
				633
			],
			[
				160,
				249,
				648
			],
			[
				164.5,
				251.5,
				666
			],
			[
				166.5,
				253,
				681
			],
			[
				171,
				255.5,
				699
			],
			[
				175,
				258,
				716
			],
			[
				179.5,
				260.5,
				732
			],
			[
				181.5,
				262,
				748
			],
			[
				186,
				265.5,
				765
			],
			[
				188,
				267,
				782
			],
			[
				192,
				269.5,
				798
			],
			[
				197,
				272.5,
				815
			],
			[
				201,
				275,
				832
			],
			[
				203,
				276,
				849
			],
			[
				207,
				277.5,
				865
			],
			[
				209,
				278,
				882
			],
			[
				212.5,
				280,
				900
			],
			[
				217,
				281.5,
				915
			],
			[
				219,
				282.5,
				931
			],
			[
				222.5,
				284.5,
				949
			],
			[
				226.5,
				287.5,
				965
			],
			[
				229,
				289,
				982
			],
			[
				232.5,
				291,
				999
			],
			[
				236.5,
				293.5,
				1016
			],
			[
				240.5,
				296,
				1031
			],
			[
				243,
				297.5,
				1048
			],
			[
				247,
				299.5,
				1065
			],
			[
				249,
				301,
				1083
			],
			[
				253.5,
				303.5,
				1099
			],
			[
				257,
				306,
				1116
			],
			[
				260.5,
				308,
				1132
			],
			[
				262.5,
				309.5,
				1149
			]
		]
	}
}