{
	"env": 1234,
	"subject": "1234",
	"line_num": 1,
	"first": {
		"dev_index": "2",
		"dev_info": "etc",
		"width": 483,
		"height": 644.6264591439689,
		"timestamp": 1564438312000,
		"lines": [
			[
				362.5,
				357,
				0
			],
			[
				360.5,
				357,
				17
			],
			[
				357,
				356.5,
				30
			],
			[
				350,
				354.5,
				50
			],
			[
				341.5,
				351.5,
				68
			],
			[
				337.5,
				349,
				83
			],
			[
				333,
				346.5,
				98
			],
			[
				324,
				341.5,
				116
			],
			[
				313,
				336,
				132
			],
			[
				302,
				330.5,
				150
			],
			[
				291.5,
				324.5,
				167
			],
			[
				286.5,
				321,
				182
			],
			[
				281,
				318,
				198
			],
			[
				270,
				313,
				217
			],
			[
				259.5,
				308,
				234
			],
			[
				249.5,
				302,
				251
			],
			[
				240,
				297,
				267
			],
			[
				235.5,
				295,
				283
			],
			[
				226.5,
				290,
				298
			],
			[
				218,
				285.5,
				317
			],
			[
				214,
				283,
				333
			],
			[
				206.5,
				278.5,
				350
			],
			[
				200,
				275,
				367
			],
			[
				197,
				273,
				383
			],
			[
				190.5,
				269.5,
				399
			],
			[
				187,
				268,
				416
			],
			[
				181,
				264.5,
				434
			],
			[
				175.5,
				261.5,
				451
			],
			[
				170.5,
				257,
				467
			],
			[
				168,
				255.5,
				483
			],
			[
				162,
				251.5,
				499
			],
			[
				159,
				249.5,
				515
			],
			[
				152.5,
				245.5,
				535
			],
			[
				145.5,
				242,
				550
			],
			[
				139,
				239,
				567
			],
			[
				136,
				238,
				583
			],
			[
				130,
				235,
				598
			],
			[
				126.5,
				234,
				615
			],
			[
				119.5,
				231,
				634
			],
			[
				113,
				227,
				650
			]
		]
	},
	"second": {
		"dev_index": "3",
		"dev_info": "etc",
		"width": 287,
		"height": 285.03693570451435,
		"timestamp": 1564438313061,
		"lines": [
			[
				256,
				193.5,
				0
			],
			[
				253.5,
				192,
				4
			],
			[
				249.5,
				189.5,
				15
			],
			[
				245.5,
				186,
				23
			],
			[
				241.5,
				182.5,
				35
			],
			[
				237.5,
				178.5,
				44
			],
			[
				233.5,
				175,
				61
			],
			[
				229,
				171,
				63
			],
			[
				224.5,
				167,
				75
			],
			[
				220,
				162.5,
				83
			],
			[
				216,
				158.5,
				96
			],
			[
				212,
				154.5,
				104
			],
			[
				207.5,
				151,
				116
			],
			[
				203.5,
				148.5,
				124
			],
			[
				199,
				145.5,
				136
			],
			[
				195.5,
				143,
				143
			],
			[
				191.5,
				140.5,
				157
			],
			[
				187.5,
				137.5,
				163
			],
			[
				184,
				135,
				176
			],
			[
				180,
				132.5,
				183
			],
			[
				175.5,
				130,
				196
			],
			[
				171.5,
				128.5,
				204
			],
			[
				168,
				126,
				216
			],
			[
				164,
				124,
				223
			],
			[
				160,
				121.5,
				235
			],
			[
				156,
				118.5,
				243
			],
			[
				152.5,
				116.5,
				256
			],
			[
				149,
				113.5,
				263
			],
			[
				146,
				111.5,
				274
			],
			[
				142.5,
				109.5,
				282
			],
			[
				139,
				107.5,
				294
			],
			[
				135.5,
				106,
				302
			],
			[
				132,
				104,
				314
			],
			[
				128.5,
				102.5,
				323
			],
			[
				125.5,
				100.5,
				334
			],
			[
				122.5,
				98.5,
				342
			],
			[
				119,
				96.5,
				355
			],
			[
				116,
				94,
				363
			],
			[
				112,
				91.5,
				374
			],
			[
				108.5,
				89.5,
				382
			],
			[
				104.5,
				87,
				394
			],
			[
				100.5,
				85,
				402
			],
			[
				96.5,
				83,
				414
			],
			[
				93,
				80,
				423
			],
			[
				89.5,
				77.5,
				434
			],
			[
				86,
				74.5,
				442
			],
			[
				83,
				71,
				454
			],
			[
				80,
				67.5,
				462
			]
		]
	}
}