{
	"env": 2000,
	"subject": "2000",
	"line_num": 0,
	"first": {
		"dev_index": "1",
		"dev_info": "etc",
		"width": 483,
		"height": 367.4182879377432,
		"timestamp": 1565830197851,
		"lines": [
			[
				164.5,
				93.5,
				0
			],
			[
				168.5,
				95.5,
				7
			],
			[
				170.5,
				96.5,
				26
			],
			[
				177.5,
				98.5,
				40
			],
			[
				185.5,
				100,
				64
			],
			[
				190.5,
				100.5,
				74
			],
			[
				200.5,
				102,
				91
			],
			[
				210.5,
				102.5,
				107
			],
			[
				215,
				103.5,
				125
			],
			[
				223.5,
				104,
				141
			],
			[
				227.5,
				104.5,
				157
			],
			[
				235,
				106,
				174
			],
			[
				241.5,
				107,
				192
			],
			[
				245,
				108,
				206
			],
			[
				251,
				110.5,
				223
			],
			[
				258,
				113,
				241
			],
			[
				265.5,
				115,
				258
			],
			[
				269.5,
				116,
				273
			],
			[
				277,
				118,
				290
			],
			[
				284.5,
				119.5,
				308
			],
			[
				287.5,
				120,
				324
			],
			[
				294,
				121,
				341
			],
			[
				301,
				122,
				358
			],
			[
				304,
				123,
				374
			],
			[
				309.5,
				124,
				391
			],
			[
				315.5,
				124.5,
				408
			],
			[
				318,
				125,
				424
			],
			[
				323,
				126,
				441
			],
			[
				325.5,
				126.5,
				458
			],
			[
				330.5,
				127,
				474
			],
			[
				335.5,
				128,
				491
			],
			[
				340.5,
				128.5,
				508
			],
			[
				343,
				129,
				524
			],
			[
				348.5,
				129.5,
				542
			],
			[
				354,
				130.5,
				557
			],
			[
				357,
				131,
				575
			],
			[
				362.5,
				132,
				591
			],
			[
				368,
				133,
				608
			],
			[
				370.5,
				133.5,
				624
			],
			[
				375.5,
				134.5,
				640
			],
			[
				377.5,
				135,
				658
			],
			[
				383,
				136.5,
				674
			],
			[
				386,
				135.5,
				687
			]
		]
	},
	"second": {
		"dev_index": "2",
		"dev_info": "etc",
		"width": 483,
		"height": 553.6140350877193,
		"timestamp": 1565830199290,
		"lines": [
			[
				68,
				110.5,
				0
			],
			[
				71,
				111.5,
				4
			],
			[
				73.5,
				112,
				20
			],
			[
				81,
				114,
				35
			],
			[
				89.5,
				116.5,
				61
			],
			[
				94.5,
				118,
				70
			],
			[
				104,
				121,
				86
			],
			[
				113.5,
				124,
				103
			],
			[
				118,
				125,
				119
			],
			[
				126,
				127,
				136
			],
			[
				134,
				129,
				151
			],
			[
				140.5,
				131,
				169
			],
			[
				143.5,
				132,
				186
			],
			[
				149,
				134,
				203
			],
			[
				152,
				135,
				218
			],
			[
				157.5,
				136.5,
				235
			],
			[
				162.5,
				138,
				252
			],
			[
				167.5,
				140.5,
				269
			],
			[
				170,
				141,
				285
			],
			[
				175,
				143.5,
				302
			],
			[
				177.5,
				144.5,
				319
			],
			[
				182.5,
				146,
				335
			],
			[
				187.5,
				147.5,
				352
			],
			[
				190,
				148,
				369
			],
			[
				195,
				149.5,
				387
			],
			[
				200,
				151,
				403
			],
			[
				202,
				151.5,
				419
			],
			[
				206.5,
				153,
				436
			],
			[
				210.5,
				154,
				452
			],
			[
				214.5,
				155.5,
				469
			],
			[
				216.5,
				156,
				486
			],
			[
				220.5,
				157,
				504
			],
			[
				222.5,
				157.5,
				519
			],
			[
				226.5,
				159,
				535
			],
			[
				231,
				160.5,
				552
			],
			[
				235.5,
				161.5,
				570
			],
			[
				238,
				162.5,
				586
			],
			[
				242.5,
				164,
				602
			],
			[
				244.5,
				165,
				619
			],
			[
				248.5,
				166.5,
				636
			],
			[
				252.5,
				168,
				653
			],
			[
				258,
				170,
				669
			],
			[
				260.5,
				171,
				685
			],
			[
				265.5,
				172.5,
				703
			],
			[
				268,
				173,
				720
			],
			[
				272.5,
				174.5,
				736
			],
			[
				278,
				175.5,
				752
			],
			[
				284,
				177,
				769
			],
			[
				287,
				177.5,
				786
			],
			[
				292.5,
				178,
				803
			]
		]
	}
}