{
	"env": 1234,
	"subject": "1234",
	"line_num": 0,
	"first": {
		"dev_index": "1",
		"dev_info": "etc",
		"width": 483,
		"height": 623.2865497076024,
		"timestamp": 1564440245738,
		"lines": [
			[
				337,
				101.5,
				0
			],
			[
				338.5,
				99,
				7
			],
			[
				333,
				102,
				57
			],
			[
				326,
				103.5,
				73
			],
			[
				317.5,
				107.5,
				89
			],
			[
				313,
				108.5,
				106
			],
			[
				304,
				112.5,
				121
			],
			[
				299.5,
				114.5,
				137
			],
			[
				291,
				119,
				156
			],
			[
				282,
				123,
				173
			],
			[
				272,
				127,
				189
			],
			[
				267,
				129,
				205
			],
			[
				256.5,
				133.5,
				221
			],
			[
				247,
				137,
				241
			],
			[
				242.5,
				139,
				256
			],
			[
				233.5,
				142.5,
				273
			],
			[
				226,
				145.5,
				290
			],
			[
				222.5,
				147,
				306
			],
			[
				217,
				149,
				323
			],
			[
				215,
				149.5,
				338
			],
			[
				211,
				150.5,
				357
			],
			[
				206.5,
				151.5,
				372
			],
			[
				202.5,
				152,
				389
			],
			[
				198.5,
				152.5,
				407
			],
			[
				196.5,
				153,
				423
			],
			[
				194,
				154,
				438
			],
			[
				189,
				155.5,
				455
			],
			[
				184,
				157.5,
				471
			],
			[
				177.5,
				160.5,
				491
			],
			[
				174,
				162,
				507
			],
			[
				166,
				165.5,
				523
			],
			[
				162,
				167,
				539
			],
			[
				155.5,
				170.5,
				557
			],
			[
				149.5,
				172,
				573
			],
			[
				143.5,
				174,
				590
			],
			[
				140,
				175,
				605
			],
			[
				133.5,
				177,
				623
			],
			[
				130.5,
				178.5,
				638
			],
			[
				124.5,
				180.5,
				655
			],
			[
				119,
				183,
				678
			],
			[
				114,
				185,
				688
			],
			[
				111,
				186,
				705
			],
			[
				106,
				187.5,
				721
			],
			[
				102,
				189,
				740
			],
			[
				100,
				189.5,
				755
			],
			[
				96,
				191,
				773
			],
			[
				92,
				192,
				790
			],
			[
				90,
				192.5,
				805
			],
			[
				84.5,
				194,
				823
			],
			[
				81.5,
				195,
				839
			]
		]
	},
	"second": {
		"dev_index": "2",
		"dev_info": "etc",
		"width": 483,
		"height": 644.6264591439689,
		"timestamp": 1564440247003,
		"lines": [
			[
				322.5,
				222.5,
				0
			],
			[
				319.5,
				222.5,
				13
			],
			[
				314,
				224.5,
				39
			],
			[
				308,
				227.5,
				59
			],
			[
				301,
				230.5,
				78
			],
			[
				297,
				232,
				93
			],
			[
				290,
				235,
				109
			],
			[
				282.5,
				238,
				124
			],
			[
				275,
				242,
				143
			],
			[
				271.5,
				244.5,
				158
			],
			[
				264.5,
				249,
				177
			],
			[
				261.5,
				250.5,
				192
			],
			[
				255.5,
				253.5,
				208
			],
			[
				249,
				255.5,
				224
			],
			[
				243,
				257.5,
				244
			],
			[
				240,
				258,
				260
			],
			[
				234,
				260,
				275
			],
			[
				230.5,
				260.5,
				290
			],
			[
				224,
				262.5,
				307
			],
			[
				218,
				264.5,
				324
			],
			[
				212,
				267,
				343
			],
			[
				209,
				268.5,
				359
			],
			[
				202.5,
				271,
				374
			],
			[
				199.5,
				272,
				392
			],
			[
				193,
				275,
				409
			],
			[
				186,
				277,
				425
			],
			[
				180,
				279,
				443
			],
			[
				177,
				280,
				459
			],
			[
				170.5,
				282.5,
				474
			],
			[
				167,
				284,
				490
			],
			[
				159,
				287.5,
				507
			],
			[
				152,
				291,
				527
			],
			[
				145.5,
				294,
				542
			],
			[
				142,
				295,
				559
			],
			[
				136,
				297.5,
				575
			],
			[
				133,
				298.5,
				592
			],
			[
				127,
				300,
				610
			],
			[
				122.5,
				301.5,
				626
			],
			[
				118.5,
				303,
				642
			],
			[
				116.5,
				303.5,
				659
			],
			[
				113,
				305,
				676
			],
			[
				111,
				305.5,
				692
			],
			[
				108,
				307,
				709
			],
			[
				105,
				308.5,
				726
			],
			[
				103,
				309,
				742
			],
			[
				101.5,
				309.5,
				759
			],
			[
				100.5,
				310,
				774
			],
			[
				100.5,
				309.5,
				794
			],
			[
				101.5,
				309.5,
				810
			],
			[
				102,
				309,
				823
			]
		]
	}
}