{
	"env": 2000,
	"subject": "2000",
	"line_num": 1,
	"first": {
		"dev_index": "2",
		"dev_info": "etc",
		"width": 483,
		"height": 553.6140350877193,
		"timestamp": 1565830250106,
		"lines": [
			[
				237,
				107.5,
				0
			],
			[
				235.5,
				106.5,
				9
			],
			[
				229,
				110,
				54
			],
			[
				223,
				116,
				71
			],
			[
				219.5,
				120,
				88
			],
			[
				214,
				127.5,
				106
			],
			[
				211,
				131,
				121
			],
			[
				205.5,
				138.5,
				138
			],
			[
				199.5,
				146.5,
				155
			],
			[
				194,
				153.5,
				172
			],
			[
				192,
				156.5,
				188
			],
			[
				187,
				161.5,
				206
			],
			[
				183.5,
				165.5,
				222
			],
			[
				182,
				167,
				238
			],
			[
				178.5,
				171,
				254
			],
			[
				176,
				174,
				272
			],
			[
				173.5,
				175.5,
				288
			],
			[
				172,
				177,
				305
			],
			[
				168.5,
				179.5,
				322
			],
			[
				166.5,
				181,
				338
			],
			[
				163,
				184.5,
				354
			],
			[
				159,
				188,
				371
			],
			[
				156,
				192.5,
				389
			],
			[
				154,
				194.5,
				404
			],
			[
				150.5,
				198.5,
				421
			],
			[
				148,
				201,
				438
			],
			[
				143,
				206,
				455
			],
			[
				138,
				212,
				471
			],
			[
				136,
				214.5,
				488
			],
			[
				133,
				218.5,
				505
			],
			[
				130.5,
				221.5,
				521
			],
			[
				129,
				223.5,
				539
			],
			[
				125.5,
				228,
				556
			],
			[
				122,
				232,
				573
			],
			[
				119,
				235.5,
				590
			],
			[
				117,
				237.5,
				606
			],
			[
				114,
				241,
				621
			],
			[
				112.5,
				242.5,
				638
			],
			[
				109.5,
				247,
				655
			],
			[
				106.5,
				251,
				672
			],
			[
				103.5,
				254.5,
				688
			],
			[
				102.5,
				256.5,
				705
			],
			[
				99.5,
				260.5,
				721
			],
			[
				98,
				262,
				738
			],
			[
				95.5,
				266,
				756
			],
			[
				92.5,
				269.5,
				772
			],
			[
				91.5,
				271.5,
				788
			],
			[
				89,
				275,
				805
			],
			[
				86.5,
				278.5,
				821
			],
			[
				85.5,
				280,
				838
			],
			[
				83.5,
				283,
				855
			],
			[
				81.5,
				286,
				873
			],
			[
				81,
				287.5,
				889
			]
		]
	},
	"second": {
		"dev_index": "3",
		"dev_info": "etc",
		"width": 412,
		"height": 761,
		"timestamp": 1565830251529,
		"lines": [
			[
				321.71429443359375,
				370.5714340209961,
				0
			],
			[
				321.1429138183594,
				370.5714340209961,
				7
			],
			[
				319.1429138183594,
				370.5714340209961,
				24
			],
			[
				313.71429443359375,
				370.8572006225586,
				49
			],
			[
				308.5714416503906,
				370.8572006225586,
				66
			],
			[
				303.4285888671875,
				371.42858123779297,
				83
			],
			[
				298,
				372.8572006225586,
				100
			],
			[
				291.71429443359375,
				375.14290618896484,
				116
			],
			[
				285.4285888671875,
				378.0000534057617,
				132
			],
			[
				278.57147216796875,
				380.0000534057617,
				150
			],
			[
				271.71429443359375,
				381.7142868041992,
				167
			],
			[
				264.57147216796875,
				383.14290618896484,
				182
			],
			[
				244.85714721679688,
				386.8572006225586,
				236
			],
			[
				234.00003051757812,
				389.14290618896484,
				268
			],
			[
				224.2857208251953,
				391.71434783935547,
				302
			],
			[
				214.2857208251953,
				394.28572845458984,
				335
			],
			[
				205.14288330078125,
				396.8572006225586,
				368
			],
			[
				194.5714569091797,
				400.0000534057617,
				401
			],
			[
				182.85714721679688,
				403.14290618896484,
				434
			],
			[
				169.42857360839844,
				406.8572006225586,
				469
			],
			[
				155.14288330078125,
				411.42858123779297,
				502
			],
			[
				139.42857360839844,
				415.71434783935547,
				535
			],
			[
				123.42857360839844,
				419.14290618896484,
				568
			],
			[
				108.57144165039062,
				422.28572845458984,
				603
			],
			[
				98.00001525878906,
				424.0000534057617,
				636
			],
			[
				90.85714721679688,
				425.71434783935547,
				669
			],
			[
				84.85714721679688,
				427.42858123779297,
				703
			],
			[
				79.14286041259766,
				428.5714340209961,
				734
			],
			[
				72.5714340209961,
				429.71434783935547,
				769
			],
			[
				64.85714721679688,
				431.14290618896484,
				802
			],
			[
				62.00000762939453,
				431.42858123779297,
				817
			]
		]
	}
}