{
	"env": 2000,
	"subject": "2000",
	"line_num": 0,
	"first": {
		"dev_index": "1",
		"dev_info": "etc",
		"width": 483,
		"height": 367.4182879377432,
		"timestamp": 1565830263933,
		"lines": [
			[
				240.5,
				136.5,
				0
			],
			[
				242.5,
				136,
				3
			],
			[
				244,
				136,
				21
			],
			[
				248.5,
				135.5,
				37
			],
			[
				251,
				135.5,
				56
			],
			[
				257,
				135.5,
				70
			],
			[
				262.5,
				136.5,
				87
			],
			[
				268.5,
				137.5,
				104
			],
			[
				271.5,
				138,
				121
			],
			[
				276.5,
				139.5,
				137
			],
			[
				281,
				140.5,
				154
			],
			[
				283.5,
				141,
				172
			],
			[
				288,
				141.5,
				188
			],
			[
				293,
				143,
				204
			],
			[
				296,
				143.5,
				221
			],
			[
				301.5,
				145.5,
				237
			],
			[
				307,
				147,
				255
			],
			[
				310.5,
				147.5,
				272
			],
			[
				316.5,
				149,
				288
			],
			[
				323,
				150,
				304
			],
			[
				326.5,
				150.5,
				322
			],
			[
				333.5,
				151,
				338
			],
			[
				339.5,
				151,
				355
			],
			[
				342,
				151.5,
				370
			],
			[
				348.5,
				152,
				388
			],
			[
				354,
				152.5,
				405
			],
			[
				357,
				152.5,
				421
			],
			[
				362.5,
				153,
				437
			],
			[
				368,
				153,
				454
			],
			[
				370,
				153,
				471
			],
			[
				375.5,
				153.5,
				487
			],
			[
				380.5,
				153.5,
				505
			],
			[
				383.5,
				154,
				521
			],
			[
				389,
				155,
				537
			],
			[
				391.5,
				155.5,
				554
			],
			[
				397,
				156,
				572
			],
			[
				402,
				156,
				588
			],
			[
				407,
				156.5,
				605
			],
			[
				412,
				157,
				622
			],
			[
				414,
				157,
				639
			],
			[
				418.5,
				157.5,
				655
			],
			[
				420,
				158,
				671
			],
			[
				424,
				158,
				689
			],
			[
				427.5,
				158.5,
				705
			],
			[
				430.5,
				158,
				721
			],
			[
				432,
				158,
				739
			],
			[
				433,
				158,
				754
			],
			[
				436,
				158.5,
				772
			],
			[
				439,
				159,
				788
			],
			[
				443.5,
				159.5,
				805
			],
			[
				446,
				159,
				822
			]
		]
	},
	"second": {
		"dev_index": "2",
		"dev_info": "etc",
		"width": 483,
		"height": 553.6140350877193,
		"timestamp": 1565830265665,
		"lines": [
			[
				74.5,
				98,
				0
			],
			[
				76.5,
				98,
				6
			],
			[
				83.5,
				99,
				23
			],
			[
				87,
				99.5,
				39
			],
			[
				93.5,
				100,
				56
			],
			[
				97.5,
				100,
				73
			],
			[
				101,
				100.5,
				90
			],
			[
				111.5,
				102,
				107
			],
			[
				118,
				103.5,
				124
			],
			[
				121.5,
				104,
				139
			],
			[
				127,
				105,
				157
			],
			[
				129.5,
				105.5,
				173
			],
			[
				134.5,
				106,
				189
			],
			[
				138.5,
				107,
				207
			],
			[
				140.5,
				107,
				224
			],
			[
				144.5,
				108,
				240
			],
			[
				146.5,
				108.5,
				256
			],
			[
				151,
				109,
				274
			],
			[
				154.5,
				110,
				290
			],
			[
				158,
				110.5,
				307
			],
			[
				159.5,
				110.5,
				323
			],
			[
				162.5,
				111.5,
				340
			],
			[
				166.5,
				112,
				357
			],
			[
				168.5,
				112.5,
				373
			],
			[
				173,
				114,
				391
			],
			[
				177.5,
				115,
				408
			],
			[
				180,
				115,
				424
			],
			[
				184.5,
				115.5,
				440
			],
			[
				186.5,
				116,
				457
			],
			[
				190.5,
				116.5,
				473
			],
			[
				194.5,
				117.5,
				489
			],
			[
				198.5,
				118,
				507
			],
			[
				200,
				119,
				523
			],
			[
				204,
				119.5,
				540
			],
			[
				206,
				120,
				556
			],
			[
				210,
				120.5,
				574
			],
			[
				214,
				121.5,
				591
			],
			[
				217,
				123,
				607
			],
			[
				219.5,
				123.5,
				624
			],
			[
				221,
				124,
				641
			],
			[
				223.5,
				125,
				658
			],
			[
				225,
				126,
				674
			],
			[
				229,
				127,
				691
			],
			[
				233.5,
				128,
				707
			],
			[
				238.5,
				128.5,
				725
			],
			[
				241.5,
				128.5,
				741
			],
			[
				246.5,
				129,
				757
			],
			[
				249,
				129,
				774
			],
			[
				253.5,
				129,
				789
			],
			[
				258,
				129,
				808
			],
			[
				260,
				129,
				823
			],
			[
				264,
				129.5,
				840
			],
			[
				267.5,
				129.5,
				856
			],
			[
				269,
				130,
				873
			],
			[
				271.5,
				130.5,
				890
			],
			[
				273,
				131,
				907
			],
			[
				273,
				132,
				923
			]
		]
	}
}