{
	"env": 2000,
	"subject": "2000",
	"line_num": 1,
	"first": {
		"dev_index": "2",
		"dev_info": "etc",
		"width": 483,
		"height": 553.6140350877193,
		"timestamp": 1565830267336,
		"lines": [
			[
				277,
				310.5,
				0
			],
			[
				270.5,
				310.5,
				37
			],
			[
				263.5,
				311.5,
				53
			],
			[
				255.5,
				315,
				71
			],
			[
				251,
				317,
				87
			],
			[
				243.5,
				321,
				103
			],
			[
				239.5,
				323,
				121
			],
			[
				232.5,
				326,
				137
			],
			[
				226.5,
				328.5,
				154
			],
			[
				222,
				330,
				170
			],
			[
				220,
				331,
				188
			],
			[
				217,
				333,
				204
			],
			[
				215.5,
				333.5,
				221
			],
			[
				212.5,
				335.5,
				238
			],
			[
				209.5,
				337,
				255
			],
			[
				206.5,
				338,
				269
			],
			[
				205.5,
				339,
				288
			],
			[
				201.5,
				341,
				305
			],
			[
				197,
				343,
				320
			],
			[
				194.5,
				344,
				336
			],
			[
				188.5,
				346,
				353
			],
			[
				184,
				347,
				371
			],
			[
				181.5,
				347.5,
				386
			],
			[
				176.5,
				349,
				403
			],
			[
				173.5,
				350,
				420
			],
			[
				167.5,
				352.5,
				436
			],
			[
				162.5,
				355,
				453
			],
			[
				157.5,
				357,
				471
			],
			[
				155.5,
				358,
				487
			],
			[
				150.5,
				360,
				503
			],
			[
				145.5,
				363,
				521
			],
			[
				142.5,
				364,
				537
			],
			[
				137.5,
				366.5,
				554
			],
			[
				133,
				368,
				571
			],
			[
				131.5,
				368.5,
				587
			],
			[
				127.5,
				370,
				604
			],
			[
				123.5,
				371.5,
				620
			],
			[
				121.5,
				373,
				637
			],
			[
				118,
				374,
				655
			],
			[
				114.5,
				375,
				670
			],
			[
				113,
				375.5,
				687
			],
			[
				110,
				376.5,
				703
			],
			[
				108,
				377,
				720
			],
			[
				105,
				377.5,
				737
			],
			[
				102.5,
				377.5,
				753
			],
			[
				101,
				378,
				771
			],
			[
				98.5,
				378.5,
				788
			],
			[
				97.5,
				379,
				803
			],
			[
				94,
				380.5,
				821
			],
			[
				92,
				381.5,
				837
			],
			[
				87.5,
				383.5,
				853
			]
		]
	},
	"second": {
		"dev_index": "3",
		"dev_info": "etc",
		"width": 412,
		"height": 761,
		"timestamp": 1565830268725,
		"lines": [
			[
				366.2857666015625,
				293.14290618896484,
				0
			],
			[
				365.71429443359375,
				292.8572006225586,
				18
			],
			[
				363.1429138183594,
				291.42858123779297,
				32
			],
			[
				359.71429443359375,
				289.42858123779297,
				45
			],
			[
				357.1429138183594,
				288.28572845458984,
				61
			],
			[
				349.4285888671875,
				285.14290618896484,
				78
			],
			[
				344.2857666015625,
				283.7142868041992,
				94
			],
			[
				338.8571472167969,
				282.0000534057617,
				112
			],
			[
				333.71429443359375,
				280.85713958740234,
				129
			],
			[
				328.8571472167969,
				279.7142868041992,
				145
			],
			[
				325.1429138183594,
				278.28572845458984,
				162
			],
			[
				321.4285888671875,
				276.85713958740234,
				178
			],
			[
				310.2857666015625,
				271.7142868041992,
				230
			],
			[
				301.71429443359375,
				267.14290618896484,
				263
			],
			[
				289.1429138183594,
				262.28572845458984,
				315
			],
			[
				280.2857360839844,
				258.5714340209961,
				347
			],
			[
				271.1429138183594,
				254.5714340209961,
				382
			],
			[
				260.57147216796875,
				251.14290618896484,
				415
			],
			[
				249.71429443359375,
				247.14290618896484,
				448
			],
			[
				238.85714721679688,
				241.42858123779297,
				481
			],
			[
				227.71429443359375,
				235.71428680419922,
				513
			],
			[
				215.71429443359375,
				231.14287567138672,
				547
			],
			[
				205.14288330078125,
				226.5714340209961,
				580
			],
			[
				194.85714721679688,
				222.28572845458984,
				615
			],
			[
				184.5714569091797,
				218.85713958740234,
				646
			],
			[
				172.2857208251953,
				214.00005340576172,
				681
			],
			[
				159.14288330078125,
				208.85713958740234,
				715
			],
			[
				145.42857360839844,
				204.5714340209961,
				746
			],
			[
				133.42857360839844,
				201.14286041259766,
				781
			],
			[
				122.28572845458984,
				197.71428680419922,
				816
			],
			[
				114.00001525878906,
				194.85717010498047,
				847
			],
			[
				105.71428680419922,
				191.71428680419922,
				883
			],
			[
				102.85714721679688,
				190.5714340209961,
				896
			]
		]
	}
}