{
	"env": 2000,
	"subject": "2000",
	"line_num": 0,
	"first": {
		"dev_index": "1",
		"dev_info": "etc",
		"width": 483,
		"height": 367.4182879377432,
		"timestamp": 1565830271645,
		"lines": [
			[
				168,
				60,
				0
			],
			[
				169,
				63,
				15
			],
			[
				174.5,
				65,
				32
			],
			[
				178,
				66.5,
				47
			],
			[
				181.5,
				68,
				63
			],
			[
				189.5,
				71,
				82
			],
			[
				197.5,
				73.5,
				97
			],
			[
				204.5,
				76,
				114
			],
			[
				207.5,
				77,
				130
			],
			[
				214.5,
				79.5,
				148
			],
			[
				220.5,
				80.5,
				163
			],
			[
				223,
				81.5,
				180
			],
			[
				228,
				82.5,
				198
			],
			[
				233.5,
				84,
				213
			],
			[
				236,
				84.5,
				230
			],
			[
				240.5,
				86,
				247
			],
			[
				245.5,
				88,
				265
			],
			[
				248,
				89,
				280
			],
			[
				252.5,
				90.5,
				297
			],
			[
				257,
				92,
				314
			],
			[
				262,
				94,
				331
			],
			[
				264.5,
				94.5,
				348
			],
			[
				269.5,
				96.5,
				364
			],
			[
				272.5,
				97.5,
				382
			],
			[
				279,
				99,
				397
			],
			[
				285.5,
				100,
				415
			],
			[
				292,
				101.5,
				432
			],
			[
				295,
				102,
				448
			],
			[
				301,
				103,
				464
			],
			[
				304,
				103.5,
				480
			],
			[
				310,
				105,
				497
			],
			[
				316,
				106.5,
				514
			],
			[
				321.5,
				108,
				530
			],
			[
				324.5,
				108.5,
				548
			],
			[
				329.5,
				110.5,
				565
			],
			[
				332,
				111,
				581
			],
			[
				337,
				112,
				597
			],
			[
				342,
				114,
				614
			],
			[
				346.5,
				115.5,
				631
			],
			[
				349,
				116,
				647
			],
			[
				354,
				117.5,
				664
			],
			[
				357,
				118.5,
				681
			],
			[
				362,
				119.5,
				697
			],
			[
				366.5,
				120.5,
				714
			],
			[
				370.5,
				121,
				732
			],
			[
				372,
				121.5,
				748
			],
			[
				375,
				122,
				766
			],
			[
				377,
				122.5,
				781
			],
			[
				380.5,
				123.5,
				799
			],
			[
				385,
				124,
				816
			],
			[
				390,
				122.5,
				831
			]
		]
	},
	"second": {
		"dev_index": "2",
		"dev_info": "etc",
		"width": 483,
		"height": 553.6140350877193,
		"timestamp": 1565830273678,
		"lines": [
			[
				51,
				106.5,
				0
			],
			[
				55,
				108,
				19
			],
			[
				57,
				109.5,
				32
			],
			[
				59.5,
				110.5,
				49
			],
			[
				66,
				113,
				66
			],
			[
				71.5,
				115,
				82
			],
			[
				77.5,
				117,
				99
			],
			[
				80.5,
				118,
				116
			],
			[
				85.5,
				120,
				131
			],
			[
				88,
				120.5,
				150
			],
			[
				92.5,
				122.5,
				165
			],
			[
				96.5,
				124,
				182
			],
			[
				100.5,
				126,
				198
			],
			[
				103,
				127,
				215
			],
			[
				107.5,
				129,
				233
			],
			[
				110,
				130,
				248
			],
			[
				114.5,
				132.5,
				265
			],
			[
				118.5,
				134.5,
				282
			],
			[
				122,
				136.5,
				298
			],
			[
				124,
				137,
				315
			],
			[
				127.5,
				139,
				333
			],
			[
				129,
				140,
				348
			],
			[
				132.5,
				142.5,
				366
			],
			[
				136,
				145,
				382
			],
			[
				139,
				148,
				399
			],
			[
				140.5,
				149.5,
				416
			],
			[
				143.5,
				151,
				432
			],
			[
				145,
				152,
				450
			],
			[
				148.5,
				153.5,
				466
			],
			[
				151.5,
				155,
				483
			],
			[
				155,
				156.5,
				499
			],
			[
				157,
				157,
				517
			],
			[
				160.5,
				158.5,
				532
			],
			[
				162.5,
				159.5,
				549
			],
			[
				166.5,
				161,
				565
			],
			[
				171,
				162.5,
				583
			],
			[
				175.5,
				164.5,
				598
			],
			[
				178,
				165.5,
				615
			],
			[
				182.5,
				167,
				633
			],
			[
				184.5,
				168,
				649
			],
			[
				189.5,
				170.5,
				665
			],
			[
				194.5,
				172.5,
				682
			],
			[
				199.5,
				174,
				700
			],
			[
				201.5,
				174.5,
				715
			],
			[
				206,
				175.5,
				733
			],
			[
				208,
				176.5,
				749
			],
			[
				212.5,
				178,
				767
			],
			[
				216,
				180,
				783
			],
			[
				219.5,
				181.5,
				799
			],
			[
				220.5,
				182.5,
				817
			],
			[
				223,
				184,
				833
			],
			[
				224,
				185,
				850
			],
			[
				226,
				186,
				866
			],
			[
				227.5,
				187.5,
				883
			],
			[
				229.5,
				188.5,
				900
			],
			[
				230.5,
				188.5,
				916
			]
		]
	}
}