{
	"env": 2000,
	"subject": "2000",
	"line_num": 1,
	"first": {
		"dev_index": "2",
		"dev_info": "etc",
		"width": 483,
		"height": 553.6140350877193,
		"timestamp": 1565830275342,
		"lines": [
			[
				290,
				273.5,
				0
			],
			[
				290,
				272.5,
				8
			],
			[
				286,
				274,
				28
			],
			[
				282,
				275.5,
				41
			],
			[
				277.5,
				278,
				52
			],
			[
				267,
				283.5,
				69
			],
			[
				262,
				286.5,
				86
			],
			[
				253,
				293,
				103
			],
			[
				249,
				296,
				119
			],
			[
				243,
				300.5,
				135
			],
			[
				238.5,
				303.5,
				152
			],
			[
				234.5,
				306,
				169
			],
			[
				233,
				306.5,
				186
			],
			[
				229.5,
				308.5,
				203
			],
			[
				227.5,
				309,
				220
			],
			[
				223,
				311.5,
				236
			],
			[
				218,
				314.5,
				252
			],
			[
				212.5,
				317.5,
				269
			],
			[
				210.5,
				319,
				286
			],
			[
				205.5,
				322.5,
				304
			],
			[
				203,
				324,
				319
			],
			[
				198.5,
				326.5,
				337
			],
			[
				193.5,
				329.5,
				354
			],
			[
				187.5,
				332.5,
				369
			],
			[
				184.5,
				334,
				385
			],
			[
				178.5,
				337,
				403
			],
			[
				173.5,
				339.5,
				420
			],
			[
				171.5,
				340.5,
				435
			],
			[
				167,
				342.5,
				452
			],
			[
				162,
				344.5,
				469
			],
			[
				159,
				346,
				485
			],
			[
				154,
				348,
				502
			],
			[
				151.5,
				349,
				519
			],
			[
				146.5,
				351,
				536
			],
			[
				142,
				353.5,
				553
			],
			[
				137.5,
				356,
				569
			],
			[
				135,
				357.5,
				587
			],
			[
				131,
				360.5,
				604
			],
			[
				128.5,
				361.5,
				620
			],
			[
				124,
				364,
				637
			],
			[
				119,
				366,
				654
			],
			[
				114,
				368,
				670
			],
			[
				112,
				368.5,
				687
			],
			[
				107.5,
				370.5,
				704
			],
			[
				103,
				372.5,
				721
			],
			[
				100.5,
				373.5,
				737
			],
			[
				95.5,
				376.5,
				752
			],
			[
				91,
				379,
				770
			],
			[
				88.5,
				380.5,
				786
			],
			[
				84.5,
				383,
				802
			],
			[
				81,
				385,
				820
			],
			[
				79.5,
				386,
				836
			],
			[
				76,
				388,
				853
			],
			[
				72.5,
				388.5,
				870
			]
		]
	},
	"second": {
		"dev_index": "3",
		"dev_info": "etc",
		"width": 412,
		"height": 761,
		"timestamp": 1565830276650,
		"lines": [
			[
				274.2857360839844,
				353.7142868041992,
				0
			],
			[
				274,
				353.7142868041992,
				19
			],
			[
				272.2857360839844,
				353.7142868041992,
				37
			],
			[
				269.71429443359375,
				353.42858123779297,
				54
			],
			[
				266.2857360839844,
				353.14290618896484,
				69
			],
			[
				261.4285888671875,
				352.28572845458984,
				83
			],
			[
				254.5714569091797,
				351.7142868041992,
				99
			],
			[
				245.71429443359375,
				350.8572006225586,
				116
			],
			[
				236.5714569091797,
				350.28572845458984,
				134
			],
			[
				228.5714569091797,
				349.42858123779297,
				149
			],
			[
				222.00003051757812,
				348.8572006225586,
				166
			],
			[
				216.00003051757812,
				347.42858123779297,
				183
			],
			[
				201.71429443359375,
				343.42858123779297,
				235
			],
			[
				192.5714569091797,
				342.0000534057617,
				267
			],
			[
				185.71429443359375,
				340.8572006225586,
				302
			],
			[
				179.71429443359375,
				340.28572845458984,
				334
			],
			[
				172.5714569091797,
				339.7142868041992,
				368
			],
			[
				166.2857208251953,
				339.14290618896484,
				399
			],
			[
				160,
				338.5714340209961,
				434
			],
			[
				153.71429443359375,
				337.7142868041992,
				467
			],
			[
				146.85714721679688,
				337.7142868041992,
				502
			],
			[
				140.85714721679688,
				337.7142868041992,
				535
			],
			[
				135.42857360839844,
				337.42858123779297,
				568
			],
			[
				130.28573608398438,
				336.8572006225586,
				601
			],
			[
				124.57144165039062,
				336.28572845458984,
				635
			],
			[
				118.57144165039062,
				335.7142868041992,
				669
			],
			[
				111.71430206298828,
				334.5714340209961,
				701
			],
			[
				103.14286041259766,
				331.42858123779297,
				735
			],
			[
				95.42857360839844,
				328.0000534057617,
				769
			],
			[
				87.71428680419922,
				324.5714340209961,
				801
			],
			[
				79.71428680419922,
				322.0000534057617,
				837
			],
			[
				72.5714340209961,
				319.42858123779297,
				869
			],
			[
				67.14286804199219,
				317.7142868041992,
				900
			],
			[
				62.57143020629883,
				316.8572006225586,
				935
			]
		]
	}
}