{
	"env": 1234,
	"subject": "1234",
	"line_num": 0,
	"first": {
		"dev_index": "1",
		"dev_info": "etc",
		"width": 483,
		"height": 623.2865497076024,
		"timestamp": 1564440329866,
		"lines": [
			[
				353.5,
				118,
				0
			],
			[
				351,
				117.5,
				8
			],
			[
				344.5,
				118,
				55
			],
			[
				334.5,
				120,
				75
			],
			[
				329,
				122,
				87
			],
			[
				317.5,
				125.5,
				102
			],
			[
				311.5,
				127.5,
				120
			],
			[
				299,
				131,
				136
			],
			[
				286,
				136.5,
				153
			],
			[
				273,
				143,
				172
			],
			[
				266.5,
				146,
				186
			],
			[
				253,
				151.5,
				202
			],
			[
				246,
				154,
				219
			],
			[
				232,
				160,
				234
			],
			[
				218.5,
				166,
				254
			],
			[
				211.5,
				168,
				268
			],
			[
				199.5,
				172,
				284
			],
			[
				187.5,
				175.5,
				304
			],
			[
				182,
				177,
				320
			],
			[
				170.5,
				181,
				336
			],
			[
				158.5,
				185.5,
				353
			],
			[
				147,
				189,
				369
			],
			[
				141.5,
				191,
				385
			],
			[
				136.5,
				192,
				401
			],
			[
				126,
				195,
				418
			],
			[
				115.5,
				198,
				437
			],
			[
				105,
				201,
				453
			],
			[
				96,
				204.5,
				471
			],
			[
				91.5,
				206.5,
				487
			],
			[
				83.5,
				209,
				503
			],
			[
				79,
				210,
				519
			],
			[
				70.5,
				211.5,
				537
			],
			[
				64,
				212.5,
				553
			],
			[
				57,
				213.5,
				570
			],
			[
				53,
				214,
				586
			],
			[
				45,
				216,
				602
			]
		]
	},
	"second": {
		"dev_index": "3",
		"dev_info": "etc",
		"width": 483,
		"height": 644.6264591439689,
		"timestamp": 1564440330695,
		"lines": [
			[
				317.5,
				224.5,
				0
			],
			[
				315,
				225,
				24
			],
			[
				309.5,
				226.5,
				39
			],
			[
				306.5,
				227,
				56
			],
			[
				299,
				229,
				75
			],
			[
				294.5,
				230,
				90
			],
			[
				284.5,
				232.5,
				109
			],
			[
				273.5,
				235.5,
				125
			],
			[
				263,
				238.5,
				142
			],
			[
				257.5,
				240.5,
				157
			],
			[
				246,
				245.5,
				174
			],
			[
				240,
				248.5,
				191
			],
			[
				227.5,
				253.5,
				209
			],
			[
				216.5,
				258,
				225
			],
			[
				204.5,
				263,
				241
			],
			[
				198.5,
				265.5,
				257
			],
			[
				186.5,
				270.5,
				275
			],
			[
				181,
				273,
				290
			],
			[
				169.5,
				277.5,
				306
			],
			[
				158,
				281,
				324
			],
			[
				147.5,
				285,
				341
			],
			[
				142,
				287,
				357
			],
			[
				132,
				291.5,
				373
			],
			[
				127,
				294,
				389
			],
			[
				117,
				298,
				408
			],
			[
				108,
				301.5,
				424
			],
			[
				100,
				304.5,
				440
			],
			[
				97,
				306,
				457
			],
			[
				91.5,
				307,
				477
			],
			[
				88,
				308,
				492
			],
			[
				87.5,
				308.5,
				508
			],
			[
				87,
				309,
				525
			]
		]
	}
}