{
	"env": 2000,
	"subject": "2000",
	"line_num": 0,
	"first": {
		"dev_index": "1",
		"dev_info": "etc",
		"width": 483,
		"height": 367.4182879377432,
		"timestamp": 1565830289437,
		"lines": [
			[
				83,
				145,
				0
			],
			[
				86,
				145,
				20
			],
			[
				89,
				145,
				33
			],
			[
				96,
				145.5,
				50
			],
			[
				103,
				146,
				68
			],
			[
				110,
				146.5,
				84
			],
			[
				113,
				146.5,
				101
			],
			[
				119,
				146.5,
				116
			],
			[
				122,
				146,
				133
			],
			[
				128,
				146,
				150
			],
			[
				134,
				145.5,
				167
			],
			[
				140,
				144.5,
				184
			],
			[
				143,
				144.5,
				201
			],
			[
				149,
				144.5,
				218
			],
			[
				152,
				144.5,
				233
			],
			[
				158,
				144.5,
				250
			],
			[
				165,
				145,
				267
			],
			[
				171.5,
				145,
				284
			],
			[
				174.5,
				145.5,
				301
			],
			[
				180,
				145.5,
				318
			],
			[
				182.5,
				145.5,
				334
			],
			[
				188.5,
				146,
				351
			],
			[
				194,
				146,
				368
			],
			[
				199,
				146.5,
				384
			],
			[
				205.5,
				147,
				402
			],
			[
				208.5,
				147.5,
				417
			],
			[
				214.5,
				148,
				435
			],
			[
				218,
				148.5,
				451
			],
			[
				224,
				149,
				468
			],
			[
				230,
				149.5,
				485
			],
			[
				236.5,
				150,
				502
			],
			[
				240,
				150,
				519
			],
			[
				246.5,
				150.5,
				535
			],
			[
				249.5,
				151,
				551
			],
			[
				255,
				151.5,
				568
			],
			[
				260.5,
				151.5,
				584
			],
			[
				263,
				152,
				601
			],
			[
				268.5,
				152.5,
				618
			],
			[
				274,
				153.5,
				634
			],
			[
				277,
				154,
				652
			],
			[
				283,
				154.5,
				667
			],
			[
				288.5,
				155,
				684
			],
			[
				291,
				155,
				701
			],
			[
				296,
				155.5,
				717
			],
			[
				299,
				155.5,
				734
			],
			[
				304,
				155.5,
				751
			],
			[
				309.5,
				156,
				769
			],
			[
				315.5,
				155,
				785
			],
			[
				321.5,
				154,
				802
			],
			[
				324.5,
				153,
				819
			],
			[
				328,
				152.5,
				835
			]
		]
	},
	"second": {
		"dev_index": "2",
		"dev_info": "etc",
		"width": 483,
		"height": 553.6140350877193,
		"timestamp": 1565830291080,
		"lines": [
			[
				48.5,
				77.5,
				0
			],
			[
				54,
				78.5,
				9
			],
			[
				60,
				79.5,
				25
			],
			[
				64,
				80,
				41
			],
			[
				71.5,
				82,
				58
			],
			[
				80,
				83,
				75
			],
			[
				88,
				84,
				92
			],
			[
				91.5,
				84.5,
				108
			],
			[
				98.5,
				85.5,
				126
			],
			[
				102.5,
				86,
				143
			],
			[
				109,
				86.5,
				160
			],
			[
				115.5,
				87,
				175
			],
			[
				121,
				87.5,
				192
			],
			[
				123.5,
				88.5,
				208
			],
			[
				129,
				89.5,
				225
			],
			[
				131.5,
				90.5,
				242
			],
			[
				136,
				91.5,
				260
			],
			[
				140.5,
				92.5,
				277
			],
			[
				146,
				93.5,
				293
			],
			[
				148.5,
				94,
				308
			],
			[
				154,
				94.5,
				327
			],
			[
				157,
				94.5,
				342
			],
			[
				163,
				95,
				360
			],
			[
				168.5,
				95.5,
				375
			],
			[
				174.5,
				95.5,
				393
			],
			[
				177.5,
				95.5,
				409
			],
			[
				183,
				95.5,
				426
			],
			[
				185.5,
				95.5,
				442
			],
			[
				190.5,
				96,
				458
			],
			[
				196,
				96.5,
				476
			],
			[
				201.5,
				96.5,
				493
			],
			[
				204.5,
				97,
				508
			],
			[
				209.5,
				97.5,
				526
			],
			[
				212,
				98,
				543
			],
			[
				217,
				98.5,
				559
			],
			[
				222,
				99.5,
				576
			],
			[
				227,
				99.5,
				592
			],
			[
				229.5,
				100,
				609
			],
			[
				235,
				100.5,
				627
			],
			[
				237.5,
				100.5,
				642
			],
			[
				241.5,
				101,
				660
			],
			[
				245,
				102,
				676
			],
			[
				248.5,
				103,
				692
			],
			[
				249.5,
				103,
				709
			],
			[
				251.5,
				104,
				726
			],
			[
				253.5,
				104.5,
				743
			],
			[
				254,
				104.5,
				759
			],
			[
				255.5,
				105,
				775
			],
			[
				256.5,
				105,
				793
			]
		]
	}
}