{
	"env": 2000,
	"subject": "2000",
	"line_num": 1,
	"first": {
		"dev_index": "2",
		"dev_info": "etc",
		"width": 483,
		"height": 553.6140350877193,
		"timestamp": 1565830292746,
		"lines": [
			[
				297,
				369,
				0
			],
			[
				297.5,
				369,
				11
			],
			[
				293.5,
				369,
				41
			],
			[
				291.5,
				369,
				50
			],
			[
				289,
				369.5,
				62
			],
			[
				285.5,
				370,
				78
			],
			[
				278,
				372,
				94
			],
			[
				270,
				374,
				112
			],
			[
				266,
				375,
				127
			],
			[
				258,
				377,
				145
			],
			[
				250.5,
				379,
				161
			],
			[
				247,
				379.5,
				178
			],
			[
				240,
				381.5,
				194
			],
			[
				234,
				383,
				211
			],
			[
				230.5,
				384,
				228
			],
			[
				224.5,
				385.5,
				244
			],
			[
				222,
				386,
				260
			],
			[
				217,
				386.5,
				277
			],
			[
				212.5,
				387.5,
				294
			],
			[
				208.5,
				387.5,
				311
			],
			[
				206.5,
				387.5,
				327
			],
			[
				201.5,
				388,
				345
			],
			[
				197.5,
				388.5,
				361
			],
			[
				195.5,
				389,
				378
			],
			[
				192,
				390,
				394
			],
			[
				187.5,
				390.5,
				412
			],
			[
				184.5,
				391,
				428
			],
			[
				180,
				391.5,
				444
			],
			[
				176,
				392,
				462
			],
			[
				174.5,
				393,
				477
			],
			[
				170.5,
				393,
				494
			],
			[
				166.5,
				393.5,
				512
			],
			[
				164,
				394,
				527
			],
			[
				160,
				394,
				545
			],
			[
				155.5,
				393.5,
				561
			],
			[
				153.5,
				394,
				578
			],
			[
				149,
				395,
				595
			],
			[
				145,
				395.5,
				611
			],
			[
				143,
				395.5,
				627
			],
			[
				139.5,
				395.5,
				645
			],
			[
				136,
				395.5,
				661
			],
			[
				134.5,
				395,
				677
			],
			[
				132.5,
				395,
				695
			],
			[
				130,
				395.5,
				710
			],
			[
				129,
				395.5,
				728
			],
			[
				127.5,
				396.5,
				743
			]
		]
	},
	"second": {
		"dev_index": "3",
		"dev_info": "etc",
		"width": 412,
		"height": 761,
		"timestamp": 1565830293847,
		"lines": [
			[
				335.71429443359375,
				278.5714340209961,
				0
			],
			[
				334,
				278.0000534057617,
				24
			],
			[
				329.4285888671875,
				276.0000534057617,
				45
			],
			[
				326.2857666015625,
				274.0000534057617,
				61
			],
			[
				322.8571472167969,
				272.28572845458984,
				78
			],
			[
				319.4285888671875,
				270.85713958740234,
				94
			],
			[
				315.1429138183594,
				269.42858123779297,
				112
			],
			[
				310.2857666015625,
				267.42858123779297,
				128
			],
			[
				305.4285888671875,
				265.14290618896484,
				146
			],
			[
				301.1429138183594,
				263.14290618896484,
				162
			],
			[
				297.4285888671875,
				261.42858123779297,
				179
			],
			[
				282.57147216796875,
				255.42858123779297,
				229
			],
			[
				272.2857360839844,
				250.85713958740234,
				263
			],
			[
				261.1429138183594,
				245.71428680419922,
				297
			],
			[
				249.71429443359375,
				240.00005340576172,
				331
			],
			[
				237.14288330078125,
				234.00005340576172,
				365
			],
			[
				226.85714721679688,
				228.85713958740234,
				398
			],
			[
				215.71429443359375,
				224.00005340576172,
				430
			],
			[
				204.2857208251953,
				218.85713958740234,
				464
			],
			[
				191.71429443359375,
				211.71428680419922,
				496
			],
			[
				181.71429443359375,
				206.00005340576172,
				530
			],
			[
				171.71429443359375,
				201.71428680419922,
				563
			],
			[
				163.14288330078125,
				197.71428680419922,
				597
			],
			[
				155.42857360839844,
				194.0000228881836,
				631
			],
			[
				146.2857208251953,
				189.42859649658203,
				665
			],
			[
				137.71429443359375,
				184.5714340209961,
				696
			],
			[
				129.71429443359375,
				180.85717010498047,
				730
			],
			[
				122.00001525878906,
				177.71428680419922,
				764
			],
			[
				115.14286041259766,
				174.85717010498047,
				797
			],
			[
				110.57144165039062,
				173.71428680419922,
				820
			]
		]
	}
}