{
	"env": 1234,
	"subject": "1234",
	"line_num": 1,
	"first": {
		"dev_index": "3",
		"dev_info": "etc",
		"width": 483,
		"height": 644.6264591439689,
		"timestamp": 1564440331757,
		"lines": [
			[
				350.5,
				340,
				0
			],
			[
				348.5,
				339,
				28
			],
			[
				345.5,
				338.5,
				44
			],
			[
				337.5,
				336.5,
				61
			],
			[
				328.5,
				334,
				78
			],
			[
				323.5,
				332.5,
				96
			],
			[
				313,
				329,
				115
			],
			[
				303,
				324.5,
				130
			],
			[
				297.5,
				322,
				145
			],
			[
				287,
				317,
				162
			],
			[
				275.5,
				313,
				180
			],
			[
				263.5,
				308.5,
				197
			],
			[
				257.5,
				306.5,
				213
			],
			[
				246,
				302,
				228
			],
			[
				240,
				299.5,
				246
			],
			[
				228.5,
				295.5,
				262
			],
			[
				217.5,
				291.5,
				278
			],
			[
				206,
				288,
				297
			],
			[
				200.5,
				286,
				313
			],
			[
				190.5,
				281.5,
				328
			],
			[
				185.5,
				279.5,
				344
			],
			[
				175,
				275.5,
				365
			],
			[
				164.5,
				272,
				381
			],
			[
				159.5,
				270.5,
				395
			],
			[
				150,
				267.5,
				414
			],
			[
				141,
				264,
				430
			],
			[
				136.5,
				262.5,
				446
			],
			[
				129.5,
				259,
				462
			],
			[
				123,
				256,
				478
			],
			[
				116,
				254.5,
				496
			],
			[
				112.5,
				253.5,
				511
			]
		]
	},
	"second": {
		"dev_index": "3",
		"dev_info": "etc",
		"width": 483,
		"height": 644.6264591439689,
		"timestamp": 1564440332649,
		"lines": [
			[
				243.5,
				246.5,
				0
			],
			[
				241,
				245.5,
				2
			],
			[
				237.5,
				244.5,
				14
			],
			[
				234,
				243,
				22
			],
			[
				230,
				241.5,
				34
			],
			[
				226,
				239.5,
				42
			],
			[
				222,
				238,
				55
			],
			[
				218,
				236,
				62
			],
			[
				214,
				234.5,
				75
			],
			[
				210,
				232.5,
				84
			],
			[
				206,
				230,
				95
			],
			[
				202,
				227.5,
				103
			],
			[
				198,
				225,
				115
			],
			[
				194,
				222,
				123
			],
			[
				189.5,
				220,
				135
			],
			[
				185.5,
				217,
				143
			],
			[
				180.5,
				215,
				155
			],
			[
				176,
				213,
				163
			],
			[
				171.5,
				211.5,
				175
			],
			[
				167.5,
				210,
				183
			],
			[
				163,
				208,
				195
			],
			[
				158.5,
				206,
				204
			],
			[
				154,
				204,
				215
			],
			[
				150,
				201.5,
				223
			],
			[
				145.5,
				199.5,
				235
			],
			[
				141.5,
				197,
				242
			],
			[
				136.5,
				195.5,
				256
			],
			[
				132,
				193.5,
				262
			],
			[
				128,
				191.5,
				275
			],
			[
				123.5,
				189,
				282
			],
			[
				119.5,
				186.5,
				295
			],
			[
				116,
				184,
				303
			],
			[
				112,
				181.5,
				315
			],
			[
				108,
				178,
				324
			],
			[
				105,
				176,
				334
			],
			[
				101.5,
				173.5,
				342
			],
			[
				98,
				171.5,
				353
			],
			[
				95,
				169.5,
				361
			],
			[
				92,
				167.5,
				374
			],
			[
				89,
				166.5,
				382
			],
			[
				86.5,
				165,
				394
			],
			[
				85,
				163.5,
				401
			],
			[
				84,
				163,
				414
			],
			[
				83,
				162,
				422
			],
			[
				83.5,
				162,
				434
			],
			[
				84,
				162.5,
				442
			],
			[
				84.5,
				162,
				454
			],
			[
				86,
				163,
				461
			]
		]
	}
}