{
	"env": 3000,
	"subject": "3000",
	"line_num": 1,
	"first": {
		"dev_index": "2",
		"dev_info": "etc",
		"width": 483,
		"height": 553.476653696498,
		"timestamp": 1565830403423,
		"lines": [
			[
				20.5,
				123,
				0
			],
			[
				23,
				124,
				61
			],
			[
				24,
				125,
				76
			],
			[
				26.5,
				126.5,
				92
			],
			[
				30,
				128.5,
				110
			],
			[
				33,
				131,
				127
			],
			[
				34.5,
				132.5,
				142
			],
			[
				38,
				135.5,
				160
			],
			[
				41.5,
				137.5,
				177
			],
			[
				43,
				139,
				193
			],
			[
				46,
				141,
				210
			],
			[
				48,
				142.5,
				227
			],
			[
				49.5,
				143.5,
				243
			],
			[
				51.5,
				144.5,
				260
			],
			[
				53,
				145,
				276
			],
			[
				55,
				146,
				294
			],
			[
				57,
				147,
				309
			],
			[
				59.5,
				148.5,
				326
			],
			[
				60.5,
				149.5,
				344
			],
			[
				63.5,
				151.5,
				360
			],
			[
				66.5,
				153,
				377
			],
			[
				68,
				153.5,
				394
			],
			[
				71,
				155.5,
				411
			],
			[
				73.5,
				157,
				427
			],
			[
				75,
				157.5,
				444
			],
			[
				77,
				159.5,
				460
			],
			[
				79.5,
				161.5,
				478
			],
			[
				80.5,
				162.5,
				494
			],
			[
				83,
				163.5,
				509
			],
			[
				85,
				165,
				527
			],
			[
				88,
				166,
				545
			],
			[
				89.5,
				166.5,
				560
			],
			[
				92.5,
				167.5,
				577
			],
			[
				94,
				168,
				594
			],
			[
				97,
				168.5,
				610
			],
			[
				98.5,
				169.5,
				627
			],
			[
				100,
				170,
				644
			],
			[
				101,
				170.5,
				661
			],
			[
				102.5,
				172.5,
				679
			],
			[
				103,
				173,
				694
			],
			[
				105,
				174.5,
				711
			],
			[
				107,
				175.5,
				728
			],
			[
				108.5,
				176.5,
				744
			],
			[
				110.5,
				177.5,
				760
			],
			[
				112.5,
				178,
				777
			],
			[
				113.5,
				178.5,
				794
			],
			[
				115.5,
				179.5,
				811
			],
			[
				117,
				180.5,
				826
			],
			[
				117.5,
				181,
				843
			],
			[
				118.5,
				182,
				860
			],
			[
				119.5,
				183,
				876
			],
			[
				120,
				183,
				893
			],
			[
				122,
				183.5,
				910
			]
		]
	},
	"second": {
		"dev_index": "3",
		"dev_info": "etc",
		"width": 412,
		"height": 761,
		"timestamp": 1565830404773,
		"lines": [
			[
				51.71428680419922,
				210.5714340209961,
				0
			],
			[
				51.71428680419922,
				210.5714340209961,
				13
			],
			[
				53.42857360839844,
				210.5714340209961,
				49
			],
			[
				55.42857360839844,
				210.5714340209961,
				60
			],
			[
				58.57143020629883,
				210.5714340209961,
				76
			],
			[
				62.00000762939453,
				210.5714340209961,
				94
			],
			[
				65.71428680419922,
				210.5714340209961,
				110
			],
			[
				69.71428680419922,
				210.5714340209961,
				128
			],
			[
				73.42857360839844,
				210.5714340209961,
				143
			],
			[
				77.14286041259766,
				210.5714340209961,
				160
			],
			[
				80.57144165039062,
				210.85713958740234,
				178
			],
			[
				90.28572845458984,
				211.14287567138672,
				228
			],
			[
				96.28572845458984,
				211.4286117553711,
				262
			],
			[
				102.85714721679688,
				212.00005340576172,
				295
			],
			[
				110.00001525878906,
				212.00005340576172,
				331
			],
			[
				117.71430206298828,
				212.00005340576172,
				362
			],
			[
				125.14286041259766,
				212.5714340209961,
				395
			],
			[
				132,
				212.85713958740234,
				428
			],
			[
				139.42857360839844,
				212.85713958740234,
				464
			],
			[
				148,
				213.4286117553711,
				497
			],
			[
				155.42857360839844,
				213.71428680419922,
				529
			],
			[
				162.5714569091797,
				214.28572845458984,
				564
			],
			[
				170.5714569091797,
				214.5714340209961,
				596
			],
			[
				177.42857360839844,
				214.85713958740234,
				629
			],
			[
				184.2857208251953,
				215.71428680419922,
				663
			],
			[
				191.42857360839844,
				216.00005340576172,
				697
			],
			[
				198.85714721679688,
				216.28572845458984,
				729
			],
			[
				205.14288330078125,
				216.5714340209961,
				764
			],
			[
				212.2857208251953,
				216.5714340209961,
				797
			],
			[
				219.14288330078125,
				216.5714340209961,
				829
			],
			[
				224.2857208251953,
				216.5714340209961,
				863
			],
			[
				228.85714721679688,
				216.5714340209961,
				897
			],
			[
				232.5714569091797,
				216.5714340209961,
				931
			],
			[
				234.2857208251953,
				216.5714340209961,
				972
			]
		]
	}
}