{
	"env": 1234,
	"subject": "1234",
	"line_num": 0,
	"first": {
		"dev_index": "1",
		"dev_info": "etc",
		"width": 483,
		"height": 623.2865497076024,
		"timestamp": 1564440350593,
		"lines": [
			[
				316.5,
				125,
				0
			],
			[
				315.5,
				122.5,
				7
			],
			[
				311.5,
				123.5,
				40
			],
			[
				307,
				124.5,
				57
			],
			[
				295.5,
				127.5,
				73
			],
			[
				284.5,
				132,
				89
			],
			[
				279,
				134.5,
				106
			],
			[
				268.5,
				139.5,
				121
			],
			[
				259,
				144.5,
				141
			],
			[
				253.5,
				147,
				158
			],
			[
				243,
				152.5,
				174
			],
			[
				233,
				158,
				191
			],
			[
				228.5,
				161,
				207
			],
			[
				221,
				165.5,
				222
			],
			[
				214.5,
				168.5,
				240
			],
			[
				211.5,
				170,
				256
			],
			[
				205,
				172,
				272
			],
			[
				199,
				174.5,
				289
			],
			[
				196,
				175.5,
				306
			],
			[
				189.5,
				178.5,
				321
			],
			[
				182.5,
				182,
				341
			],
			[
				179,
				184,
				355
			],
			[
				171.5,
				187,
				372
			],
			[
				163.5,
				190,
				389
			],
			[
				159.5,
				191,
				405
			],
			[
				151.5,
				193.5,
				423
			],
			[
				143.5,
				195.5,
				444
			],
			[
				139.5,
				196.5,
				455
			],
			[
				132,
				198.5,
				472
			],
			[
				125,
				200.5,
				489
			],
			[
				121.5,
				201.5,
				504
			],
			[
				115,
				203,
				522
			],
			[
				111.5,
				204,
				538
			],
			[
				105,
				205,
				554
			],
			[
				98.5,
				207,
				573
			],
			[
				92.5,
				208.5,
				588
			],
			[
				87.5,
				210,
				607
			],
			[
				85.5,
				211,
				624
			],
			[
				81,
				212,
				641
			],
			[
				78.5,
				212.5,
				657
			],
			[
				74,
				214,
				673
			],
			[
				70,
				215.5,
				690
			]
		]
	},
	"second": {
		"dev_index": "3",
		"dev_info": "etc",
		"width": 483,
		"height": 644.6264591439689,
		"timestamp": 1564440351660,
		"lines": [
			[
				306.5,
				226,
				0
			],
			[
				303,
				227,
				8
			],
			[
				292,
				230,
				22
			],
			[
				286.5,
				232.5,
				39
			],
			[
				280.5,
				235,
				56
			],
			[
				262,
				244.5,
				71
			],
			[
				256.5,
				247.5,
				89
			],
			[
				245,
				252.5,
				106
			],
			[
				235.5,
				257,
				124
			],
			[
				225,
				261,
				142
			],
			[
				220,
				263.5,
				157
			],
			[
				210,
				269,
				173
			],
			[
				205.5,
				271.5,
				189
			],
			[
				197,
				276,
				205
			],
			[
				189,
				280,
				226
			],
			[
				185,
				282,
				239
			],
			[
				176.5,
				286,
				258
			],
			[
				168,
				290,
				274
			],
			[
				164,
				292,
				291
			],
			[
				155.5,
				296,
				305
			],
			[
				148,
				299.5,
				324
			],
			[
				140,
				302.5,
				342
			],
			[
				136,
				304,
				357
			],
			[
				132.5,
				305.5,
				372
			],
			[
				121.5,
				310.5,
				392
			],
			[
				118,
				312.5,
				408
			],
			[
				111,
				315.5,
				424
			],
			[
				105,
				318,
				442
			],
			[
				102,
				318.5,
				457
			],
			[
				96,
				320.5,
				473
			],
			[
				94,
				321,
				489
			],
			[
				91.5,
				322,
				507
			],
			[
				92,
				322,
				525
			]
		]
	}
}