{
	"env": 1234,
	"subject": "1234",
	"line_num": 1,
	"first": {
		"dev_index": "3",
		"dev_info": "etc",
		"width": 483,
		"height": 644.6264591439689,
		"timestamp": 1564440352836,
		"lines": [
			[
				395.5,
				248.5,
				0
			],
			[
				392,
				248,
				15
			],
			[
				387,
				248,
				31
			],
			[
				376,
				248,
				47
			],
			[
				364.5,
				247.5,
				66
			],
			[
				359,
				247,
				80
			],
			[
				347,
				247,
				96
			],
			[
				335,
				246,
				119
			],
			[
				329.5,
				245.5,
				133
			],
			[
				318.5,
				244.5,
				148
			],
			[
				307,
				242,
				164
			],
			[
				302,
				241,
				180
			],
			[
				291,
				239,
				199
			],
			[
				285.5,
				238,
				214
			],
			[
				275,
				236.5,
				231
			],
			[
				265.5,
				234.5,
				246
			],
			[
				257.5,
				233,
				264
			],
			[
				254,
				232.5,
				281
			],
			[
				246,
				231,
				297
			],
			[
				239,
				230,
				320
			],
			[
				236,
				229.5,
				332
			],
			[
				229.5,
				228.5,
				348
			],
			[
				223.5,
				227.5,
				365
			],
			[
				220.5,
				227,
				383
			],
			[
				214.5,
				226.5,
				398
			],
			[
				211.5,
				226,
				414
			],
			[
				205,
				225.5,
				432
			],
			[
				198.5,
				224,
				447
			],
			[
				192,
				222,
				464
			],
			[
				188.5,
				221,
				480
			],
			[
				181.5,
				218.5,
				499
			],
			[
				175,
				216.5,
				515
			],
			[
				171,
				215.5,
				532
			],
			[
				162,
				213.5,
				546
			],
			[
				152.5,
				212,
				565
			],
			[
				147.5,
				211.5,
				580
			],
			[
				139,
				210,
				598
			],
			[
				131,
				208.5,
				613
			],
			[
				127.5,
				207.5,
				631
			],
			[
				120.5,
				206.5,
				647
			],
			[
				115,
				205.5,
				665
			],
			[
				110.5,
				204.5,
				683
			],
			[
				108,
				204,
				699
			],
			[
				103.5,
				202.5,
				713
			],
			[
				101.5,
				202,
				731
			],
			[
				96,
				201.5,
				747
			],
			[
				91,
				200.5,
				770
			],
			[
				89,
				199.5,
				780
			],
			[
				84,
				198.5,
				798
			],
			[
				79.5,
				198,
				813
			],
			[
				77.5,
				197.5,
				832
			],
			[
				74.5,
				197,
				850
			],
			[
				73.5,
				196.5,
				866
			]
		]
	},
	"second": {
		"dev_index": "3",
		"dev_info": "etc",
		"width": 483,
		"height": 644.6264591439689,
		"timestamp": 1564440354033,
		"lines": [
			[
				249.5,
				250,
				0
			],
			[
				247,
				249.5,
				2
			],
			[
				244,
				249,
				7
			],
			[
				240.5,
				248.5,
				16
			],
			[
				237.5,
				247.5,
				23
			],
			[
				234.5,
				247,
				37
			],
			[
				231.5,
				246,
				43
			],
			[
				228,
				245.5,
				57
			],
			[
				225,
				244.5,
				63
			],
			[
				221.5,
				243.5,
				76
			],
			[
				217.5,
				242.5,
				83
			],
			[
				214,
				241.5,
				96
			],
			[
				210.5,
				240,
				105
			],
			[
				206.5,
				239,
				118
			],
			[
				202,
				238.5,
				124
			],
			[
				198,
				237.5,
				137
			],
			[
				194,
				236.5,
				144
			],
			[
				189.5,
				236,
				157
			],
			[
				185.5,
				236,
				164
			],
			[
				180.5,
				235.5,
				177
			],
			[
				176.5,
				235,
				185
			],
			[
				172,
				234.5,
				198
			],
			[
				168.5,
				234.5,
				205
			],
			[
				164.5,
				234,
				217
			],
			[
				161,
				233.5,
				224
			],
			[
				157.5,
				233,
				238
			],
			[
				154,
				232.5,
				244
			],
			[
				150,
				231.5,
				257
			],
			[
				147,
				230.5,
				264
			],
			[
				144,
				230,
				276
			],
			[
				141,
				229,
				284
			],
			[
				137.5,
				227.5,
				296
			],
			[
				134.5,
				226.5,
				304
			],
			[
				131,
				225,
				315
			],
			[
				128,
				223.5,
				323
			],
			[
				124.5,
				222,
				336
			],
			[
				121.5,
				221,
				343
			],
			[
				117.5,
				220,
				356
			],
			[
				113.5,
				219,
				364
			],
			[
				109.5,
				218,
				375
			],
			[
				105.5,
				217,
				383
			],
			[
				102,
				216,
				395
			],
			[
				99,
				215.5,
				403
			],
			[
				95.5,
				214.5,
				415
			],
			[
				92.5,
				214,
				423
			],
			[
				90,
				213.5,
				435
			],
			[
				87,
				212.5,
				443
			],
			[
				85,
				212,
				456
			],
			[
				83,
				212,
				463
			],
			[
				81.5,
				211.5,
				475
			],
			[
				80.5,
				211,
				483
			],
			[
				80,
				211,
				495
			],
			[
				80,
				210.5,
				503
			],
			[
				80,
				211,
				515
			],
			[
				80.5,
				211.5,
				523
			],
			[
				81.5,
				212,
				535
			]
		]
	}
}