{
	"env": 3000,
	"subject": "3000",
	"line_num": 0,
	"first": {
		"dev_index": "1",
		"dev_info": "etc",
		"width": 483,
		"height": 368.1345029239766,
		"timestamp": 1565830537445,
		"lines": [
			[
				75.5,
				73,
				0
			],
			[
				89.5,
				76,
				13
			],
			[
				94,
				76.5,
				29
			],
			[
				103.5,
				78.5,
				45
			],
			[
				108.5,
				80,
				64
			],
			[
				118,
				81.5,
				80
			],
			[
				127.5,
				83,
				97
			],
			[
				136.5,
				83.5,
				114
			],
			[
				140.5,
				84,
				129
			],
			[
				148,
				85,
				147
			],
			[
				151.5,
				86,
				164
			],
			[
				158.5,
				87.5,
				181
			],
			[
				166,
				89,
				197
			],
			[
				173.5,
				89.5,
				214
			],
			[
				177.5,
				90,
				231
			],
			[
				184.5,
				91,
				246
			],
			[
				188.5,
				92,
				264
			],
			[
				196,
				93,
				280
			],
			[
				203.5,
				93.5,
				297
			],
			[
				211,
				94.5,
				314
			],
			[
				219.5,
				95.5,
				331
			],
			[
				223.5,
				96,
				348
			],
			[
				232.5,
				96.5,
				364
			],
			[
				237,
				97.5,
				380
			],
			[
				245.5,
				98.5,
				398
			],
			[
				253.5,
				99.5,
				415
			],
			[
				257,
				100.5,
				431
			],
			[
				265,
				101.5,
				447
			],
			[
				269,
				102,
				464
			],
			[
				277,
				103.5,
				481
			],
			[
				284,
				104.5,
				498
			],
			[
				291.5,
				106,
				515
			],
			[
				299,
				107,
				532
			],
			[
				302.5,
				107.5,
				547
			],
			[
				310,
				108,
				565
			],
			[
				314,
				108.5,
				582
			],
			[
				320.5,
				109.5,
				597
			],
			[
				327.5,
				110.5,
				613
			],
			[
				330.5,
				110.5,
				630
			],
			[
				336,
				112,
				647
			],
			[
				338.5,
				112.5,
				664
			],
			[
				343,
				113.5,
				681
			],
			[
				348,
				114.5,
				698
			],
			[
				353,
				115.5,
				715
			],
			[
				356,
				116,
				731
			],
			[
				363.5,
				116,
				748
			]
		]
	},
	"second": {
		"dev_index": "2",
		"dev_info": "etc",
		"width": 483,
		"height": 553.476653696498,
		"timestamp": 1565830538682,
		"lines": [
			[
				81.5,
				29.5,
				0
			],
			[
				84.5,
				29.5,
				13
			],
			[
				91,
				31.5,
				29
			],
			[
				95,
				32.5,
				44
			],
			[
				105.5,
				35,
				61
			],
			[
				118,
				37.5,
				79
			],
			[
				131,
				39.5,
				96
			],
			[
				137.5,
				40,
				112
			],
			[
				149.5,
				41,
				129
			],
			[
				160,
				41,
				145
			],
			[
				164.5,
				41,
				160
			],
			[
				172,
				41.5,
				178
			],
			[
				178.5,
				42.5,
				194
			],
			[
				181.5,
				43.5,
				211
			],
			[
				186.5,
				45,
				227
			],
			[
				189.5,
				46.5,
				245
			],
			[
				195.5,
				48.5,
				262
			],
			[
				200.5,
				50,
				278
			],
			[
				205.5,
				52,
				294
			],
			[
				208,
				52.5,
				312
			],
			[
				213,
				53,
				327
			],
			[
				215.5,
				53.5,
				345
			],
			[
				221,
				54,
				362
			],
			[
				226.5,
				54.5,
				378
			],
			[
				231.5,
				54.5,
				394
			],
			[
				233.5,
				54.5,
				412
			],
			[
				237,
				55,
				429
			],
			[
				239,
				55,
				444
			],
			[
				242,
				55.5,
				461
			],
			[
				246,
				55.5,
				478
			],
			[
				249.5,
				55.5,
				495
			],
			[
				251,
				56,
				512
			],
			[
				255,
				56,
				529
			],
			[
				257.5,
				55.5,
				544
			],
			[
				262.5,
				56,
				561
			]
		]
	}
}