{
	"env": 3000,
	"subject": "3000",
	"line_num": 1,
	"first": {
		"dev_index": "2",
		"dev_info": "etc",
		"width": 483,
		"height": 553.476653696498,
		"timestamp": 1565830539840,
		"lines": [
			[
				33,
				143,
				0
			],
			[
				36.5,
				145,
				55
			],
			[
				38.5,
				146,
				71
			],
			[
				43.5,
				149,
				88
			],
			[
				46.5,
				151,
				103
			],
			[
				52,
				155,
				120
			],
			[
				57.5,
				158.5,
				137
			],
			[
				60,
				160.5,
				153
			],
			[
				64.5,
				163,
				171
			],
			[
				69,
				165,
				187
			],
			[
				71.5,
				165.5,
				203
			],
			[
				76.5,
				167,
				220
			],
			[
				81,
				169,
				238
			],
			[
				85.5,
				171,
				255
			],
			[
				88,
				172.5,
				270
			],
			[
				92.5,
				174.5,
				288
			],
			[
				95,
				175.5,
				304
			],
			[
				99,
				178,
				321
			],
			[
				103,
				180.5,
				338
			],
			[
				105,
				181.5,
				354
			],
			[
				109.5,
				184,
				371
			],
			[
				111.5,
				184.5,
				387
			],
			[
				116,
				187,
				405
			],
			[
				121,
				188.5,
				421
			],
			[
				126,
				190.5,
				437
			],
			[
				132,
				192,
				455
			],
			[
				135.5,
				193,
				471
			],
			[
				141,
				195.5,
				488
			],
			[
				143.5,
				196.5,
				504
			],
			[
				148.5,
				199,
				521
			],
			[
				153.5,
				201.5,
				538
			],
			[
				156,
				202,
				554
			]
		]
	},
	"second": {
		"dev_index": "3",
		"dev_info": "etc",
		"width": 412,
		"height": 761,
		"timestamp": 1565830540598,
		"lines": [
			[
				83.14286041259766,
				148.28571319580078,
				0
			],
			[
				83.71428680419922,
				148.28571319580078,
				23
			],
			[
				86.28572845458984,
				148.28571319580078,
				40
			],
			[
				90.00001525878906,
				148.0000228881836,
				59
			],
			[
				96.28572845458984,
				148.0000228881836,
				74
			],
			[
				104.28572845458984,
				148.0000228881836,
				91
			],
			[
				113.71430206298828,
				147.71428680419922,
				107
			],
			[
				123.42857360839844,
				147.14286041259766,
				126
			],
			[
				132,
				146.28571319580078,
				145
			],
			[
				139.71429443359375,
				144.5714340209961,
				159
			],
			[
				147.14288330078125,
				142.85717010498047,
				175
			],
			[
				154.2857208251953,
				141.71428680419922,
				191
			],
			[
				175.14288330078125,
				138.85717010498047,
				242
			],
			[
				188.85714721679688,
				137.42859649658203,
				276
			],
			[
				202.2857208251953,
				135.42859649658203,
				309
			],
			[
				214.2857208251953,
				133.42859649658203,
				343
			],
			[
				225.42860412597656,
				132.28571319580078,
				376
			],
			[
				238.00003051757812,
				130.5714340209961,
				409
			],
			[
				249.71429443359375,
				129.14286041259766,
				443
			],
			[
				262.57147216796875,
				128.0000228881836,
				476
			],
			[
				279.4285888671875,
				124.0000228881836,
				509
			],
			[
				284,
				122.85717010498047,
				525
			]
		]
	}
}