{
	"env": 3000,
	"subject": "3000",
	"line_num": 0,
	"first": {
		"dev_index": "1",
		"dev_info": "etc",
		"width": 483,
		"height": 368.1345029239766,
		"timestamp": 1565830545391,
		"lines": [
			[
				57,
				130.5,
				0
			],
			[
				58,
				128,
				39
			],
			[
				61.5,
				128.5,
				58
			],
			[
				64,
				129.5,
				73
			],
			[
				71,
				131,
				89
			],
			[
				79.5,
				132.5,
				107
			],
			[
				84,
				133,
				122
			],
			[
				94,
				134,
				141
			],
			[
				103.5,
				135,
				156
			],
			[
				108.5,
				135.5,
				173
			],
			[
				117.5,
				136.5,
				189
			],
			[
				126.5,
				138,
				207
			],
			[
				130.5,
				138.5,
				224
			],
			[
				138.5,
				139.5,
				239
			],
			[
				145,
				140.5,
				256
			],
			[
				148.5,
				141.5,
				274
			],
			[
				155,
				143,
				290
			],
			[
				158.5,
				144.5,
				307
			],
			[
				165,
				146.5,
				324
			],
			[
				172,
				148,
				340
			],
			[
				179,
				150,
				357
			],
			[
				182.5,
				151,
				374
			],
			[
				189.5,
				153,
				391
			],
			[
				197,
				154.5,
				407
			],
			[
				201.5,
				155.5,
				424
			],
			[
				210,
				157,
				441
			],
			[
				219,
				159,
				458
			],
			[
				228,
				160,
				474
			],
			[
				232,
				160.5,
				489
			],
			[
				240.5,
				161.5,
				506
			],
			[
				245.5,
				162.5,
				523
			],
			[
				254.5,
				163.5,
				540
			],
			[
				263,
				164.5,
				556
			],
			[
				271,
				166.5,
				574
			],
			[
				275,
				167.5,
				590
			],
			[
				282.5,
				169,
				606
			],
			[
				286.5,
				169.5,
				624
			],
			[
				295.5,
				170.5,
				640
			],
			[
				304,
				171.5,
				658
			],
			[
				308.5,
				172.5,
				674
			],
			[
				318,
				174,
				691
			],
			[
				327.5,
				175.5,
				707
			],
			[
				331.5,
				176.5,
				723
			]
		]
	},
	"second": {
		"dev_index": "2",
		"dev_info": "etc",
		"width": 483,
		"height": 553.476653696498,
		"timestamp": 1565830546565,
		"lines": [
			[
				84,
				108.5,
				0
			],
			[
				95,
				111,
				19
			],
			[
				98.5,
				112,
				33
			],
			[
				106.5,
				114,
				51
			],
			[
				115,
				116.5,
				68
			],
			[
				124,
				118.5,
				84
			],
			[
				128.5,
				119.5,
				99
			],
			[
				138,
				122,
				117
			],
			[
				142.5,
				122.5,
				135
			],
			[
				152,
				124,
				149
			],
			[
				161,
				125.5,
				167
			],
			[
				169.5,
				127.5,
				184
			],
			[
				173.5,
				128.5,
				200
			],
			[
				182.5,
				130.5,
				217
			],
			[
				187,
				131.5,
				234
			],
			[
				195.5,
				133.5,
				250
			],
			[
				204,
				135.5,
				266
			],
			[
				211,
				136.5,
				284
			],
			[
				214,
				136.5,
				300
			],
			[
				220.5,
				137,
				318
			],
			[
				223.5,
				137,
				334
			],
			[
				229.5,
				137,
				351
			],
			[
				234.5,
				138.5,
				368
			]
		]
	}
}