{
	"env": 3000,
	"subject": "3000",
	"line_num": 1,
	"first": {
		"dev_index": "2",
		"dev_info": "etc",
		"width": 483,
		"height": 553.476653696498,
		"timestamp": 1565830547442,
		"lines": [
			[
				13,
				95.5,
				0
			],
			[
				15,
				98,
				45
			],
			[
				17,
				100,
				57
			],
			[
				19.5,
				102.5,
				73
			],
			[
				25,
				109,
				90
			],
			[
				31.5,
				115.5,
				107
			],
			[
				35,
				118.5,
				123
			],
			[
				42,
				124,
				140
			],
			[
				49,
				129.5,
				157
			],
			[
				52.5,
				132,
				173
			],
			[
				59.5,
				137,
				190
			],
			[
				66.5,
				143,
				207
			],
			[
				70,
				145.5,
				225
			],
			[
				76,
				151,
				240
			],
			[
				78.5,
				153.5,
				257
			],
			[
				83,
				158,
				274
			],
			[
				87.5,
				162.5,
				290
			],
			[
				91.5,
				166.5,
				308
			],
			[
				93,
				168.5,
				324
			],
			[
				96.5,
				171.5,
				341
			],
			[
				99,
				174.5,
				358
			],
			[
				100.5,
				176,
				373
			],
			[
				103,
				178.5,
				391
			],
			[
				106,
				181.5,
				407
			],
			[
				109.5,
				184.5,
				424
			],
			[
				111.5,
				185.5,
				441
			],
			[
				116.5,
				188.5,
				457
			],
			[
				119,
				190.5,
				473
			],
			[
				124.5,
				194,
				491
			],
			[
				129,
				198.5,
				507
			],
			[
				132,
				204,
				524
			]
		]
	},
	"second": {
		"dev_index": "3",
		"dev_info": "etc",
		"width": 412,
		"height": 761,
		"timestamp": 1565830548129,
		"lines": [
			[
				51.14286422729492,
				255.42858123779297,
				0
			],
			[
				58.00000762939453,
				255.42858123779297,
				39
			],
			[
				69.14286804199219,
				257.14290618896484,
				73
			],
			[
				84,
				262.85713958740234,
				107
			],
			[
				109.42857360839844,
				270.85713958740234,
				156
			],
			[
				125.42857360839844,
				274.0000534057617,
				190
			],
			[
				142.28573608398438,
				278.28572845458984,
				223
			],
			[
				159.71429443359375,
				282.5714340209961,
				257
			],
			[
				176.85714721679688,
				286.85713958740234,
				291
			],
			[
				193.42857360839844,
				292.8572006225586,
				323
			],
			[
				209.71429443359375,
				298.5714340209961,
				356
			],
			[
				224.5714569091797,
				302.0000534057617,
				390
			],
			[
				238.85714721679688,
				304.0000534057617,
				423
			],
			[
				251.42860412597656,
				305.7142868041992,
				457
			],
			[
				254.5714569091797,
				306.28572845458984,
				471
			]
		]
	}
}