{
	"env": 3000,
	"subject": "3000",
	"line_num": 1,
	"first": {
		"dev_index": "2",
		"dev_info": "etc",
		"width": 483,
		"height": 553.476653696498,
		"timestamp": 1565830717752,
		"lines": [
			[
				32.5,
				62,
				0
			],
			[
				35,
				64.5,
				57
			],
			[
				36.5,
				66,
				64
			],
			[
				38,
				68,
				81
			],
			[
				42.5,
				73.5,
				97
			],
			[
				44.5,
				76,
				115
			],
			[
				49,
				81.5,
				132
			],
			[
				52.5,
				86,
				148
			],
			[
				56,
				90,
				164
			],
			[
				58,
				92.5,
				182
			],
			[
				62.5,
				97,
				199
			],
			[
				65,
				99.5,
				215
			],
			[
				69,
				103,
				233
			],
			[
				72.5,
				106.5,
				248
			],
			[
				75.5,
				109.5,
				264
			],
			[
				77,
				111,
				281
			],
			[
				80,
				114,
				297
			],
			[
				81,
				115.5,
				314
			],
			[
				84.5,
				118.5,
				331
			],
			[
				88.5,
				122,
				348
			],
			[
				92,
				125,
				364
			],
			[
				94,
				127,
				381
			],
			[
				97,
				130,
				397
			],
			[
				98,
				131.5,
				415
			],
			[
				101,
				134.5,
				432
			],
			[
				104,
				137.5,
				448
			],
			[
				106.5,
				140,
				464
			],
			[
				107.5,
				141.5,
				482
			],
			[
				110.5,
				144,
				499
			],
			[
				111.5,
				145,
				516
			],
			[
				114.5,
				147.5,
				532
			],
			[
				117,
				149.5,
				548
			],
			[
				119.5,
				151.5,
				566
			],
			[
				120.5,
				152.5,
				581
			],
			[
				122.5,
				155.5,
				598
			],
			[
				124,
				157,
				616
			],
			[
				127,
				160.5,
				632
			],
			[
				130.5,
				163.5,
				648
			],
			[
				134,
				166.5,
				664
			],
			[
				135.5,
				168,
				681
			],
			[
				138.5,
				170,
				697
			],
			[
				139.5,
				171,
				715
			],
			[
				141.5,
				173.5,
				731
			],
			[
				143,
				175,
				749
			],
			[
				145,
				177.5,
				764
			],
			[
				146,
				179,
				782
			],
			[
				148.5,
				182,
				799
			],
			[
				150,
				183,
				815
			],
			[
				153.5,
				185.5,
				832
			],
			[
				157,
				188,
				848
			],
			[
				159.5,
				190.5,
				866
			],
			[
				161.5,
				192,
				882
			],
			[
				164.5,
				195,
				899
			],
			[
				166,
				196.5,
				915
			]
		]
	},
	"second": {
		"dev_index": "3",
		"dev_info": "etc",
		"width": 412,
		"height": 761,
		"timestamp": 1565830719062,
		"lines": [
			[
				63.14286422729492,
				226.5714340209961,
				0
			],
			[
				63.42857360839844,
				226.5714340209961,
				25
			],
			[
				63.71428680419922,
				226.5714340209961,
				41
			],
			[
				65.71428680419922,
				226.5714340209961,
				55
			],
			[
				68.85714721679688,
				227.4286117553711,
				73
			],
			[
				72.85714721679688,
				229.4286117553711,
				89
			],
			[
				77.14286041259766,
				231.4286117553711,
				105
			],
			[
				82,
				233.14287567138672,
				122
			],
			[
				86.57144165039062,
				234.85713958740234,
				138
			],
			[
				91.71428680419922,
				236.28572845458984,
				156
			],
			[
				96.57144165039062,
				237.71428680419922,
				171
			],
			[
				101.42857360839844,
				238.85713958740234,
				188
			],
			[
				115.42857360839844,
				243.14290618896484,
				241
			],
			[
				124.57144165039062,
				245.71428680419922,
				273
			],
			[
				133.42857360839844,
				249.14290618896484,
				308
			],
			[
				141.1428680419922,
				252.00005340576172,
				339
			],
			[
				147.42857360839844,
				254.00005340576172,
				372
			],
			[
				158.85714721679688,
				258.0000534057617,
				408
			],
			[
				168.5714569091797,
				262.28572845458984,
				441
			],
			[
				177.71429443359375,
				266.28572845458984,
				473
			],
			[
				186.5714569091797,
				270.0000534057617,
				506
			],
			[
				197.42857360839844,
				274.28572845458984,
				541
			],
			[
				206.85714721679688,
				277.7142868041992,
				576
			],
			[
				217.14288330078125,
				280.85713958740234,
				608
			],
			[
				226.2857208251953,
				283.7142868041992,
				642
			],
			[
				236.00003051757812,
				287.42858123779297,
				686
			],
			[
				241.71429443359375,
				289.42858123779297,
				706
			],
			[
				248.5714569091797,
				292.28572845458984,
				741
			],
			[
				255.42860412597656,
				295.42858123779297,
				774
			],
			[
				262.8571472167969,
				298.8572006225586,
				807
			],
			[
				270.8571472167969,
				302.0000534057617,
				842
			],
			[
				277.71429443359375,
				303.42858123779297,
				874
			],
			[
				284.8571472167969,
				305.7142868041992,
				908
			],
			[
				287.4285888671875,
				306.5714340209961,
				923
			]
		]
	}
}