{
	"env": 1234,
	"subject": "1234",
	"line_num": 0,
	"first": {
		"dev_index": "2",
		"dev_info": "etc",
		"width": 382,
		"height": 266.75650842266464,
		"timestamp": 1564436085567,
		"lines": [
			[
				140,
				157.5,
				0
			],
			[
				140,
				164.5,
				10
			],
			[
				141,
				187.5,
				14
			],
			[
				145,
				210.5,
				21
			],
			[
				148,
				221.5,
				28
			],
			[
				152,
				251.5,
				38
			],
			[
				153,
				277.5,
				43
			],
			[
				155,
				289.5,
				51
			],
			[
				158,
				327.5,
				60
			],
			[
				161,
				358.5,
				66
			],
			[
				167,
				392.5,
				73
			],
			[
				168,
				398.5,
				80
			]
		]
	},
	"second": {
		"dev_index": "2",
		"dev_info": "etc",
		"width": 382,
		"height": 266.75650842266464,
		"timestamp": 1564436085844,
		"lines": [
			[
				171,
				146.5,
				0
			],
			[
				171,
				147.5,
				21
			],
			[
				171,
				154.5,
				27
			],
			[
				171,
				174.5,
				35
			],
			[
				171,
				203.5,
				44
			],
			[
				171,
				216.5,
				50
			],
			[
				173,
				262.5,
				57
			],
			[
				173,
				294.5,
				65
			],
			[
				173,
				331.5,
				74
			],
			[
				173,
				339.5,
				84
			],
			[
				174,
				351.5,
				89
			],
			[
				175,
				361.5,
				97
			],
			[
				176,
				363.5,
				104
			],
			[
				176,
				365.5,
				112
			]
		]
	}
}