{
	"env": 3000,
	"subject": "3000",
	"line_num": 1,
	"first": {
		"dev_index": "2",
		"dev_info": "etc",
		"width": 483,
		"height": 553.476653696498,
		"timestamp": 1565830725404,
		"lines": [
			[
				38.5,
				54,
				0
			],
			[
				42.5,
				57,
				50
			],
			[
				47,
				59.5,
				67
			],
			[
				49.5,
				61,
				84
			],
			[
				55,
				65,
				100
			],
			[
				59.5,
				69,
				118
			],
			[
				61.5,
				71,
				134
			],
			[
				65.5,
				74.5,
				150
			],
			[
				68,
				76.5,
				167
			],
			[
				72,
				79.5,
				184
			],
			[
				76,
				82,
				200
			],
			[
				79.5,
				84,
				217
			],
			[
				83.5,
				86,
				235
			],
			[
				85,
				87,
				250
			],
			[
				89,
				90,
				267
			],
			[
				91,
				91,
				284
			],
			[
				95.5,
				94,
				301
			],
			[
				99.5,
				97,
				319
			],
			[
				104,
				100,
				334
			],
			[
				106,
				101.5,
				352
			],
			[
				111,
				104,
				368
			],
			[
				113.5,
				105,
				385
			],
			[
				118,
				107.5,
				402
			],
			[
				121.5,
				110,
				418
			],
			[
				124.5,
				112.5,
				435
			],
			[
				126,
				113.5,
				450
			],
			[
				129.5,
				116,
				467
			],
			[
				131,
				117.5,
				485
			],
			[
				134.5,
				120,
				501
			],
			[
				138,
				122.5,
				517
			],
			[
				139.5,
				124,
				534
			],
			[
				142.5,
				125.5,
				551
			],
			[
				144.5,
				127,
				567
			],
			[
				146.5,
				128,
				585
			],
			[
				149.5,
				129.5,
				602
			],
			[
				153,
				131,
				617
			],
			[
				156,
				133,
				634
			],
			[
				157.5,
				134.5,
				652
			],
			[
				161,
				136,
				669
			],
			[
				162.5,
				137,
				684
			],
			[
				166,
				139,
				702
			],
			[
				169,
				141.5,
				718
			],
			[
				173,
				144,
				736
			],
			[
				175,
				145,
				752
			],
			[
				178.5,
				147,
				768
			],
			[
				180.5,
				148,
				786
			],
			[
				183,
				150,
				803
			],
			[
				186,
				152,
				819
			],
			[
				188.5,
				154,
				834
			]
		]
	},
	"second": {
		"dev_index": "3",
		"dev_info": "etc",
		"width": 412,
		"height": 761,
		"timestamp": 1565830726564,
		"lines": [
			[
				52.28572082519531,
				110.85713958740234,
				0
			],
			[
				53.71428680419922,
				110.85713958740234,
				25
			],
			[
				56.85715103149414,
				110.85713958740234,
				48
			],
			[
				59.71428680419922,
				110.85713958740234,
				62
			],
			[
				62.85715103149414,
				110.85713958740234,
				80
			],
			[
				66,
				111.14286041259766,
				96
			],
			[
				69.14286804199219,
				111.14286041259766,
				113
			],
			[
				72.5714340209961,
				111.71428680419922,
				131
			],
			[
				76.85714721679688,
				112.28571319580078,
				147
			],
			[
				81.71428680419922,
				112.5714340209961,
				164
			],
			[
				86.28572845458984,
				112.85713958740234,
				181
			],
			[
				99.14286041259766,
				113.42859649658203,
				232
			],
			[
				108.57144165039062,
				113.42859649658203,
				265
			],
			[
				118.00001525878906,
				113.42859649658203,
				298
			],
			[
				128.5714569091797,
				113.42859649658203,
				331
			],
			[
				139.71429443359375,
				113.71428680419922,
				366
			],
			[
				152.5714569091797,
				114.0000228881836,
				399
			],
			[
				163.71429443359375,
				114.5714340209961,
				433
			],
			[
				175.14288330078125,
				114.85713958740234,
				464
			],
			[
				186.2857208251953,
				115.14286041259766,
				499
			],
			[
				197.71429443359375,
				115.14286041259766,
				532
			],
			[
				209.14288330078125,
				115.14286041259766,
				566
			],
			[
				220.2857208251953,
				115.42859649658203,
				599
			],
			[
				229.71429443359375,
				115.71428680419922,
				632
			],
			[
				238.85714721679688,
				116.0000228881836,
				664
			],
			[
				246.5714569091797,
				116.5714340209961,
				698
			],
			[
				252.5714569091797,
				116.85713958740234,
				733
			],
			[
				258.8571472167969,
				117.42859649658203,
				766
			],
			[
				264.57147216796875,
				118.28571319580078,
				799
			],
			[
				270,
				119.14286041259766,
				833
			],
			[
				275.4285888671875,
				120.28571319580078,
				867
			],
			[
				282.2857360839844,
				121.42859649658203,
				898
			],
			[
				291.4285888671875,
				122.0000228881836,
				933
			]
		]
	}
}