{
	"env": 3000,
	"subject": "3000",
	"line_num": 1,
	"first": {
		"dev_index": "2",
		"dev_info": "etc",
		"width": 483,
		"height": 553.476653696498,
		"timestamp": 1565830732917,
		"lines": [
			[
				38.5,
				227,
				0
			],
			[
				41.5,
				225,
				10
			],
			[
				43.5,
				226,
				29
			],
			[
				47,
				226.5,
				42
			],
			[
				50,
				227,
				60
			],
			[
				56,
				228,
				77
			],
			[
				60,
				228.5,
				93
			],
			[
				62,
				229.5,
				109
			],
			[
				66.5,
				230.5,
				127
			],
			[
				71,
				231.5,
				144
			],
			[
				73.5,
				232,
				159
			],
			[
				77.5,
				233,
				177
			],
			[
				80.5,
				234,
				194
			],
			[
				84,
				235,
				209
			],
			[
				85.5,
				235.5,
				227
			],
			[
				90,
				237,
				244
			],
			[
				92.5,
				237,
				260
			],
			[
				96.5,
				238,
				276
			],
			[
				99.5,
				238.5,
				294
			],
			[
				103,
				239.5,
				310
			],
			[
				105,
				240,
				326
			],
			[
				108.5,
				241,
				343
			],
			[
				110,
				241.5,
				359
			],
			[
				113.5,
				242.5,
				377
			],
			[
				118,
				243.5,
				392
			],
			[
				121.5,
				244.5,
				409
			],
			[
				123,
				245,
				427
			],
			[
				126.5,
				245,
				444
			],
			[
				128.5,
				245,
				459
			],
			[
				133,
				245.5,
				477
			],
			[
				137,
				246.5,
				494
			],
			[
				141,
				247,
				509
			],
			[
				142.5,
				247.5,
				526
			]
		]
	},
	"second": {
		"dev_index": "3",
		"dev_info": "etc",
		"width": 412,
		"height": 761,
		"timestamp": 1565830733659,
		"lines": [
			[
				44.57143020629883,
				168.2857437133789,
				0
			],
			[
				44.85714340209961,
				168.2857437133789,
				10
			],
			[
				46.00000762939453,
				168.0000228881836,
				28
			],
			[
				47.71428680419922,
				167.71428680419922,
				44
			],
			[
				50.28572082519531,
				166.85717010498047,
				61
			],
			[
				53.42857360839844,
				165.14286041259766,
				78
			],
			[
				57.14286422729492,
				163.42859649658203,
				94
			],
			[
				61.14286422729492,
				161.71428680419922,
				112
			],
			[
				64.5714340209961,
				160.28571319580078,
				127
			],
			[
				67.42857360839844,
				158.85717010498047,
				145
			],
			[
				70.28572845458984,
				157.71428680419922,
				163
			],
			[
				73.71428680419922,
				156.28571319580078,
				177
			],
			[
				83.14286041259766,
				152.0000228881836,
				230
			],
			[
				89.14286041259766,
				149.14286041259766,
				264
			],
			[
				95.71428680419922,
				147.14286041259766,
				297
			],
			[
				104.28572845458984,
				144.5714340209961,
				331
			],
			[
				112.85714721679688,
				141.42859649658203,
				364
			],
			[
				122.00001525878906,
				137.71428680419922,
				397
			],
			[
				132,
				134.85717010498047,
				428
			],
			[
				141.42857360839844,
				131.42859649658203,
				463
			],
			[
				153.42857360839844,
				126.85717010498047,
				497
			],
			[
				164.5714569091797,
				123.14286041259766,
				531
			],
			[
				176.2857208251953,
				119.14286041259766,
				564
			],
			[
				188.5714569091797,
				114.85713958740234,
				597
			],
			[
				201.42857360839844,
				110.28571319580078,
				630
			],
			[
				214.2857208251953,
				105.71428680419922,
				664
			],
			[
				228.5714569091797,
				100.5714340209961,
				698
			],
			[
				241.14288330078125,
				96.5714340209961,
				729
			],
			[
				250.00003051757812,
				93.14286041259766,
				762
			],
			[
				259.1429138183594,
				90.28571319580078,
				796
			],
			[
				267.71429443359375,
				87.71428680419922,
				830
			],
			[
				271.1429138183594,
				86.28571319580078,
				856
			]
		]
	}
}