{
	"env": 3000,
	"subject": "3000",
	"line_num": 1,
	"first": {
		"dev_index": "2",
		"dev_info": "etc",
		"width": 483,
		"height": 553.476653696498,
		"timestamp": 1565830762684,
		"lines": [
			[
				32.5,
				137.5,
				0
			],
			[
				36,
				141,
				47
			],
			[
				40.5,
				144.5,
				63
			],
			[
				45.5,
				148,
				80
			],
			[
				50.5,
				152.5,
				97
			],
			[
				52.5,
				154,
				113
			],
			[
				57,
				157.5,
				130
			],
			[
				58.5,
				158.5,
				147
			],
			[
				61.5,
				161,
				164
			],
			[
				65,
				163.5,
				180
			],
			[
				69.5,
				166.5,
				197
			],
			[
				71.5,
				167.5,
				213
			],
			[
				75.5,
				171,
				229
			],
			[
				77.5,
				172.5,
				248
			],
			[
				81,
				175,
				263
			],
			[
				84.5,
				177.5,
				280
			],
			[
				88,
				180.5,
				296
			],
			[
				90,
				182,
				313
			],
			[
				93,
				184,
				330
			],
			[
				94.5,
				185,
				347
			],
			[
				97,
				187,
				364
			],
			[
				99,
				188.5,
				380
			],
			[
				99.5,
				189,
				397
			],
			[
				101,
				190.5,
				414
			],
			[
				102.5,
				192,
				430
			],
			[
				103,
				192.5,
				447
			],
			[
				104.5,
				193.5,
				464
			],
			[
				106,
				195,
				480
			],
			[
				107,
				196,
				497
			],
			[
				108,
				196.5,
				514
			],
			[
				110,
				198,
				530
			],
			[
				111.5,
				198.5,
				548
			],
			[
				114,
				201,
				563
			],
			[
				116.5,
				202.5,
				580
			],
			[
				119,
				204.5,
				596
			],
			[
				120,
				205.5,
				614
			],
			[
				121.5,
				206.5,
				630
			],
			[
				122.5,
				207.5,
				647
			],
			[
				125.5,
				209.5,
				664
			],
			[
				128.5,
				211.5,
				681
			],
			[
				132,
				214,
				697
			],
			[
				133.5,
				214.5,
				714
			],
			[
				136.5,
				216,
				731
			],
			[
				138,
				217,
				747
			],
			[
				140,
				219,
				763
			],
			[
				142,
				220,
				781
			],
			[
				143.5,
				221,
				797
			],
			[
				144,
				221.5,
				814
			],
			[
				145,
				222.5,
				831
			],
			[
				146,
				223,
				848
			],
			[
				147.5,
				224,
				864
			],
			[
				150.5,
				225.5,
				880
			],
			[
				153,
				227,
				896
			],
			[
				154.5,
				228,
				914
			],
			[
				154.5,
				228.5,
				930
			]
		]
	},
	"second": {
		"dev_index": "3",
		"dev_info": "etc",
		"width": 412,
		"height": 761,
		"timestamp": 1565830763942,
		"lines": [
			[
				15.714287757873535,
				215.4286117553711,
				0
			],
			[
				18,
				215.14287567138672,
				39
			],
			[
				22.57143211364746,
				215.14287567138672,
				72
			],
			[
				28.285715103149414,
				215.14287567138672,
				107
			],
			[
				38,
				216.00005340576172,
				156
			],
			[
				44.57143020629883,
				216.85713958740234,
				190
			],
			[
				50.85714340209961,
				217.4286117553711,
				222
			],
			[
				58.00000762939453,
				218.00005340576172,
				256
			],
			[
				64.85714721679688,
				218.28572845458984,
				289
			],
			[
				71.14286804199219,
				218.85713958740234,
				322
			],
			[
				78.28572845458984,
				219.14287567138672,
				356
			],
			[
				84.57144165039062,
				219.71428680419922,
				389
			],
			[
				90.00001525878906,
				220.00005340576172,
				423
			],
			[
				95.14286041259766,
				220.5714340209961,
				456
			],
			[
				100.85714721679688,
				221.14287567138672,
				489
			],
			[
				106.00001525878906,
				221.71428680419922,
				523
			],
			[
				110.28572845458984,
				222.5714340209961,
				556
			],
			[
				114.57144165039062,
				223.4286117553711,
				588
			],
			[
				120.00001525878906,
				224.28572845458984,
				623
			],
			[
				126.28572845458984,
				225.14287567138672,
				657
			],
			[
				132.28573608398438,
				226.00005340576172,
				690
			],
			[
				137.71429443359375,
				226.5714340209961,
				724
			],
			[
				143.71429443359375,
				228.00005340576172,
				757
			],
			[
				150.2857208251953,
				229.14287567138672,
				790
			],
			[
				156.2857208251953,
				229.71428680419922,
				823
			],
			[
				162,
				230.5714340209961,
				856
			],
			[
				168.2857208251953,
				233.4286117553711,
				890
			],
			[
				174.85714721679688,
				235.14287567138672,
				924
			],
			[
				181.14288330078125,
				236.5714340209961,
				957
			],
			[
				188.85714721679688,
				238.00005340576172,
				990
			],
			[
				196.85714721679688,
				238.85713958740234,
				1023
			],
			[
				204.5714569091797,
				240.28572845458984,
				1057
			],
			[
				212.5714569091797,
				241.42858123779297,
				1090
			],
			[
				221.42860412597656,
				242.28572845458984,
				1124
			],
			[
				228.5714569091797,
				243.42858123779297,
				1156
			],
			[
				236.2857208251953,
				244.00005340576172,
				1191
			],
			[
				245.42860412597656,
				244.85713958740234,
				1224
			],
			[
				248.00003051757812,
				245.14290618896484,
				1238
			]
		]
	}
}