{
	"env": 3000,
	"subject": "3000",
	"line_num": 1,
	"first": {
		"dev_index": "2",
		"dev_info": "etc",
		"width": 483,
		"height": 553.476653696498,
		"timestamp": 1565830806058,
		"lines": [
			[
				25,
				205.5,
				0
			],
			[
				28,
				206.5,
				55
			],
			[
				30.5,
				207,
				69
			],
			[
				36,
				208,
				85
			],
			[
				44,
				209.5,
				103
			],
			[
				48,
				210.5,
				119
			],
			[
				56,
				212.5,
				136
			],
			[
				59.5,
				213,
				153
			],
			[
				66,
				214.5,
				170
			],
			[
				72,
				216,
				187
			],
			[
				76.5,
				217,
				203
			],
			[
				78.5,
				217.5,
				219
			],
			[
				82,
				218.5,
				236
			],
			[
				84,
				219,
				254
			],
			[
				88.5,
				220.5,
				268
			],
			[
				93,
				222,
				285
			],
			[
				97,
				223,
				302
			],
			[
				98.5,
				223,
				319
			],
			[
				102,
				224.5,
				335
			],
			[
				104,
				225,
				352
			],
			[
				108,
				225.5,
				369
			],
			[
				112,
				226.5,
				385
			],
			[
				115,
				227.5,
				403
			],
			[
				116.5,
				228,
				420
			],
			[
				119.5,
				228.5,
				437
			],
			[
				121,
				229,
				452
			],
			[
				123,
				229.5,
				469
			],
			[
				125,
				230,
				486
			],
			[
				126.5,
				230.5,
				503
			],
			[
				127.5,
				231,
				519
			],
			[
				129.5,
				231,
				537
			],
			[
				131,
				231.5,
				553
			],
			[
				133.5,
				232,
				570
			],
			[
				136,
				232.5,
				586
			],
			[
				138.5,
				233,
				602
			],
			[
				139.5,
				234,
				619
			],
			[
				141.5,
				234.5,
				637
			],
			[
				142.5,
				236,
				652
			]
		]
	},
	"second": {
		"dev_index": "3",
		"dev_info": "etc",
		"width": 412,
		"height": 761,
		"timestamp": 1565830806972,
		"lines": [
			[
				44.85714340209961,
				169.14286041259766,
				0
			],
			[
				45.42857360839844,
				169.14286041259766,
				15
			],
			[
				48.00000762939453,
				168.85717010498047,
				32
			],
			[
				53.42857360839844,
				166.2857437133789,
				50
			],
			[
				57.42857360839844,
				164.28571319580078,
				67
			],
			[
				61.71428680419922,
				162.28571319580078,
				84
			],
			[
				66,
				160.5714340209961,
				102
			],
			[
				70.28572845458984,
				159.14286041259766,
				118
			],
			[
				74.57144165039062,
				157.71428680419922,
				135
			],
			[
				78.85714721679688,
				156.5714340209961,
				152
			],
			[
				83.42857360839844,
				155.42859649658203,
				167
			],
			[
				87.14286041259766,
				154.0000228881836,
				185
			],
			[
				99.42857360839844,
				151.42859649658203,
				236
			],
			[
				106.00001525878906,
				149.71428680419922,
				270
			],
			[
				112.28572845458984,
				148.0000228881836,
				302
			],
			[
				117.71430206298828,
				146.85717010498047,
				336
			],
			[
				123.42857360839844,
				145.71428680419922,
				370
			],
			[
				129.71429443359375,
				144.28571319580078,
				403
			],
			[
				135.42857360839844,
				142.85717010498047,
				436
			],
			[
				142.28573608398438,
				141.14286041259766,
				469
			],
			[
				150.2857208251953,
				140.28571319580078,
				503
			],
			[
				157.71429443359375,
				139.42859649658203,
				537
			],
			[
				165.42857360839844,
				136.28571319580078,
				570
			],
			[
				173.71429443359375,
				132.5714340209961,
				604
			],
			[
				182.5714569091797,
				129.42859649658203,
				636
			],
			[
				194.00003051757812,
				125.71428680419922,
				669
			],
			[
				207.14288330078125,
				121.42859649658203,
				703
			],
			[
				221.14288330078125,
				117.14286041259766,
				737
			],
			[
				233.14288330078125,
				113.42859649658203,
				770
			],
			[
				245.71429443359375,
				110.28571319580078,
				804
			],
			[
				257.1429138183594,
				106.5714340209961,
				837
			],
			[
				268.8571472167969,
				102.5714340209961,
				870
			],
			[
				278.2857360839844,
				99.42859649658203,
				903
			],
			[
				287.4285888671875,
				96.5714340209961,
				938
			],
			[
				294,
				94.28571319580078,
				970
			],
			[
				300,
				92.85713958740234,
				1004
			],
			[
				302,
				92.85713958740234,
				1018
			]
		]
	}
}