{
	"env": 1,
	"subject": "1",
	"line_num": 0,
	"first": {
		"dev_index": "1",
		"dev_info": "etc",
		"width": 483,
		"height": 623.2865497076024,
		"timestamp": 1564441054467,
		"lines": [
			[
				335,
				119,
				0
			],
			[
				331,
				122.5,
				8
			],
			[
				327,
				121.5,
				27
			],
			[
				321.5,
				122.5,
				40
			],
			[
				316.5,
				123.5,
				47
			],
			[
				311.5,
				125,
				67
			],
			[
				301,
				126.5,
				83
			],
			[
				295.5,
				127.5,
				99
			],
			[
				286,
				129.5,
				114
			],
			[
				277,
				131.5,
				131
			],
			[
				267,
				133.5,
				155
			],
			[
				262.5,
				135,
				164
			],
			[
				258,
				136.5,
				181
			],
			[
				248.5,
				141,
				198
			],
			[
				240,
				145,
				215
			],
			[
				231.5,
				148.5,
				230
			],
			[
				223,
				151.5,
				250
			],
			[
				218.5,
				153,
				265
			],
			[
				209,
				155.5,
				284
			],
			[
				205,
				157.5,
				299
			],
			[
				198,
				160.5,
				314
			],
			[
				191.5,
				163,
				335
			],
			[
				184.5,
				165.5,
				354
			],
			[
				181.5,
				166.5,
				365
			],
			[
				175.5,
				168.5,
				381
			],
			[
				173,
				170,
				398
			],
			[
				166,
				171,
				414
			],
			[
				159.5,
				172.5,
				438
			],
			[
				155,
				173,
				454
			],
			[
				152.5,
				173.5,
				466
			],
			[
				148,
				174.5,
				481
			],
			[
				145.5,
				175,
				498
			],
			[
				140.5,
				175,
				519
			],
			[
				135.5,
				176.5,
				533
			],
			[
				131.5,
				177.5,
				554
			],
			[
				129,
				178.5,
				566
			],
			[
				127,
				179,
				581
			],
			[
				122,
				180,
				597
			],
			[
				116.5,
				181,
				617
			],
			[
				112.5,
				182.5,
				633
			],
			[
				108.5,
				183.5,
				651
			],
			[
				106,
				183.5,
				667
			],
			[
				101.5,
				184.5,
				682
			],
			[
				99.5,
				185,
				697
			],
			[
				95.5,
				185.5,
				714
			],
			[
				92,
				186.5,
				733
			],
			[
				88,
				187,
				749
			],
			[
				86,
				187.5,
				765
			],
			[
				80.5,
				188.5,
				781
			],
			[
				78,
				188.5,
				798
			]
		]
	},
	"second": {
		"dev_index": "2",
		"dev_info": "etc",
		"width": 483,
		"height": 644.6264591439689,
		"timestamp": 1564441055713,
		"lines": [
			[
				319,
				193,
				0
			],
			[
				317,
				193,
				2
			],
			[
				314,
				193,
				18
			],
			[
				307,
				194,
				36
			],
			[
				303,
				195.5,
				53
			],
			[
				294,
				198,
				71
			],
			[
				285.5,
				202,
				86
			],
			[
				275.5,
				205.5,
				102
			],
			[
				270.5,
				207.5,
				119
			],
			[
				261,
				211,
				135
			],
			[
				251,
				214.5,
				155
			],
			[
				246.5,
				216.5,
				171
			],
			[
				238,
				219,
				187
			],
			[
				231,
				221.5,
				203
			],
			[
				227,
				223,
				220
			],
			[
				220.5,
				225,
				239
			],
			[
				213.5,
				227,
				254
			],
			[
				209.5,
				227.5,
				271
			],
			[
				202.5,
				229,
				287
			],
			[
				196,
				230,
				304
			],
			[
				192.5,
				230.5,
				320
			],
			[
				184.5,
				232,
				336
			],
			[
				177,
				233.5,
				358
			],
			[
				174,
				234.5,
				369
			],
			[
				166,
				236,
				386
			],
			[
				158,
				237.5,
				406
			],
			[
				150,
				239,
				422
			],
			[
				146,
				239.5,
				438
			],
			[
				138,
				241,
				454
			],
			[
				134,
				241.5,
				470
			],
			[
				128,
				243.5,
				487
			],
			[
				121,
				246,
				503
			],
			[
				118,
				247,
				520
			],
			[
				112,
				250,
				536
			],
			[
				107.5,
				251.5,
				555
			],
			[
				105,
				252.5,
				572
			],
			[
				100,
				253.5,
				589
			],
			[
				96.5,
				254,
				604
			],
			[
				95.5,
				254,
				619
			],
			[
				94,
				254,
				639
			],
			[
				93,
				253.5,
				655
			],
			[
				92,
				254,
				671
			],
			[
				90,
				253.5,
				686
			],
			[
				88,
				254,
				703
			],
			[
				86,
				255.5,
				723
			],
			[
				84.5,
				255.5,
				738
			],
			[
				83,
				256,
				754
			],
			[
				82.5,
				256.5,
				769
			]
		]
	}
}