{
	"env": 4000,
	"subject": "4000",
	"line_num": 0,
	"first": {
		"dev_index": "1",
		"dev_info": "etc",
		"width": 483,
		"height": 368.1345029239766,
		"timestamp": 1565831339251,
		"lines": [
			[
				102.5,
				116.5,
				0
			],
			[
				104,
				116.5,
				1
			],
			[
				107,
				115,
				16
			],
			[
				109,
				115,
				26
			],
			[
				111.5,
				114.5,
				42
			],
			[
				114.5,
				114,
				58
			],
			[
				121,
				112.5,
				75
			],
			[
				127.5,
				111.5,
				92
			],
			[
				135,
				110.5,
				110
			],
			[
				147,
				108.5,
				142
			],
			[
				154.5,
				106,
				160
			],
			[
				162,
				104.5,
				176
			],
			[
				165.5,
				103.5,
				192
			],
			[
				173.5,
				101.5,
				210
			],
			[
				182.5,
				98.5,
				227
			],
			[
				187,
				97.5,
				243
			],
			[
				195.5,
				95,
				259
			],
			[
				199.5,
				93.5,
				276
			],
			[
				208,
				91,
				292
			],
			[
				216.5,
				88.5,
				308
			],
			[
				225,
				86.5,
				326
			],
			[
				229.5,
				85.5,
				342
			],
			[
				238.5,
				83,
				358
			],
			[
				243,
				82,
				375
			],
			[
				252,
				80,
				392
			],
			[
				261.5,
				78,
				409
			],
			[
				270.5,
				75,
				425
			],
			[
				275,
				73.5,
				442
			],
			[
				284,
				71,
				460
			],
			[
				292,
				68.5,
				476
			],
			[
				296,
				68,
				493
			],
			[
				303.5,
				66.5,
				510
			],
			[
				311.5,
				65,
				526
			],
			[
				318.5,
				63.5,
				543
			],
			[
				322,
				63,
				559
			],
			[
				328,
				62.5,
				576
			],
			[
				331.5,
				62,
				593
			],
			[
				337.5,
				61.5,
				610
			],
			[
				343,
				60.5,
				626
			],
			[
				345,
				60,
				642
			],
			[
				350,
				59,
				659
			],
			[
				354.5,
				58,
				675
			],
			[
				356.5,
				58,
				692
			],
			[
				360,
				57,
				708
			],
			[
				364,
				55.5,
				726
			],
			[
				365.5,
				55,
				742
			],
			[
				369.5,
				53.5,
				760
			],
			[
				374,
				51.5,
				775
			],
			[
				376.5,
				50.5,
				793
			],
			[
				379,
				50,
				809
			]
		]
	},
	"second": {
		"dev_index": "2",
		"dev_info": "etc",
		"width": 483,
		"height": 552.5369649805448,
		"timestamp": 1565831341028,
		"lines": [
			[
				188.5,
				93,
				0
			],
			[
				194,
				94,
				17
			],
			[
				201,
				93,
				33
			],
			[
				206,
				92.5,
				50
			],
			[
				217.5,
				91,
				67
			],
			[
				228.5,
				89.5,
				85
			],
			[
				240,
				87.5,
				100
			],
			[
				246,
				86.5,
				118
			],
			[
				257.5,
				84.5,
				134
			],
			[
				263.5,
				83.5,
				150
			],
			[
				274,
				82,
				167
			],
			[
				284.5,
				81,
				184
			],
			[
				295,
				79.5,
				201
			],
			[
				300.5,
				78.5,
				217
			],
			[
				311,
				77,
				234
			],
			[
				321,
				74.5,
				250
			],
			[
				326,
				73.5,
				267
			],
			[
				335,
				71.5,
				285
			],
			[
				342.5,
				70,
				301
			],
			[
				346.5,
				69.5,
				317
			],
			[
				354,
				68,
				333
			],
			[
				357.5,
				67,
				350
			],
			[
				365,
				66,
				368
			],
			[
				372,
				65,
				383
			],
			[
				379,
				64,
				401
			],
			[
				386.5,
				63.5,
				418
			],
			[
				390.5,
				63.5,
				435
			],
			[
				394,
				62.5,
				452
			],
			[
				400,
				62,
				468
			],
			[
				405.5,
				61,
				484
			],
			[
				410,
				61.5,
				501
			],
			[
				412,
				61,
				518
			],
			[
				415.5,
				61,
				535
			],
			[
				418.5,
				61,
				551
			]
		]
	}
}