{
	"env": 4000,
	"subject": "4000",
	"line_num": 1,
	"first": {
		"dev_index": "2",
		"dev_info": "etc",
		"width": 483,
		"height": 552.5369649805448,
		"timestamp": 1565831342600,
		"lines": [
			[
				411,
				91.5,
				0
			],
			[
				410,
				92,
				13
			],
			[
				407.5,
				99.5,
				63
			],
			[
				405.5,
				103,
				79
			],
			[
				401.5,
				112,
				96
			],
			[
				397.5,
				121.5,
				112
			],
			[
				394.5,
				128,
				130
			],
			[
				393,
				130.5,
				146
			],
			[
				391,
				134.5,
				163
			],
			[
				390.5,
				136.5,
				180
			],
			[
				388.5,
				141.5,
				196
			],
			[
				387.5,
				145.5,
				213
			],
			[
				386,
				149.5,
				230
			],
			[
				385.5,
				151,
				247
			],
			[
				384,
				154.5,
				263
			],
			[
				383,
				158,
				280
			],
			[
				382,
				159.5,
				297
			],
			[
				380,
				163.5,
				313
			],
			[
				378,
				167.5,
				329
			],
			[
				377,
				169,
				347
			],
			[
				375,
				173,
				363
			],
			[
				374,
				174.5,
				380
			],
			[
				372.5,
				178,
				396
			],
			[
				370.5,
				182,
				414
			],
			[
				369.5,
				185.5,
				429
			],
			[
				369,
				187,
				447
			],
			[
				368.5,
				190,
				464
			],
			[
				368,
				191.5,
				480
			],
			[
				366.5,
				195.5,
				497
			],
			[
				364.5,
				199,
				513
			],
			[
				363,
				203.5,
				530
			],
			[
				362.5,
				205.5,
				546
			],
			[
				361.5,
				208,
				564
			],
			[
				360.5,
				209.5,
				581
			],
			[
				360.5,
				210,
				597
			],
			[
				359.5,
				211.5,
				613
			],
			[
				357.5,
				213.5,
				630
			],
			[
				357,
				214.5,
				646
			],
			[
				356,
				216.5,
				663
			],
			[
				355,
				219.5,
				680
			],
			[
				354,
				221.5,
				697
			],
			[
				352.5,
				226,
				713
			],
			[
				351.5,
				230,
				730
			],
			[
				351,
				231,
				747
			],
			[
				349.5,
				233.5,
				763
			],
			[
				349,
				235,
				780
			],
			[
				347.5,
				238,
				796
			],
			[
				345,
				241.5,
				814
			],
			[
				343,
				246.5,
				830
			],
			[
				340.5,
				251,
				848
			],
			[
				339,
				253,
				863
			],
			[
				338,
				255.5,
				880
			]
		]
	},
	"second": {
		"dev_index": "3",
		"dev_info": "etc",
		"width": 412,
		"height": 761,
		"timestamp": 1565831343813,
		"lines": [
			[
				346.5714416503906,
				290.8572006225586,
				0
			],
			[
				346.2857666015625,
				290.5714340209961,
				25
			],
			[
				342.2857666015625,
				290.5714340209961,
				57
			],
			[
				338.8571472167969,
				290.8572006225586,
				75
			],
			[
				333.71429443359375,
				291.7142868041992,
				91
			],
			[
				328.2857666015625,
				294.5714340209961,
				106
			],
			[
				322.8571472167969,
				297.7142868041992,
				123
			],
			[
				317.1429138183594,
				300.8572006225586,
				140
			],
			[
				312,
				302.8572006225586,
				157
			],
			[
				307.4285888671875,
				304.28572845458984,
				173
			],
			[
				303.71429443359375,
				306.0000534057617,
				191
			],
			[
				295.4285888671875,
				309.42858123779297,
				242
			],
			[
				289.71429443359375,
				312.0000534057617,
				274
			],
			[
				282.2857360839844,
				314.28572845458984,
				308
			],
			[
				276,
				316.8572006225586,
				341
			],
			[
				269.1429138183594,
				320.0000534057617,
				376
			],
			[
				260.57147216796875,
				323.14290618896484,
				408
			],
			[
				255.14288330078125,
				326.28572845458984,
				442
			],
			[
				249.14288330078125,
				328.5714340209961,
				476
			],
			[
				242.2857208251953,
				330.5714340209961,
				509
			],
			[
				235.14288330078125,
				333.42858123779297,
				543
			],
			[
				228.2857208251953,
				336.8572006225586,
				576
			],
			[
				220.00003051757812,
				340.5714340209961,
				608
			],
			[
				210.5714569091797,
				343.14290618896484,
				640
			],
			[
				203.42857360839844,
				346.5714340209961,
				676
			],
			[
				194.00003051757812,
				349.42858123779297,
				713
			],
			[
				185.71429443359375,
				352.28572845458984,
				741
			],
			[
				179.42857360839844,
				355.14290618896484,
				774
			],
			[
				171.14288330078125,
				357.7142868041992,
				809
			],
			[
				163.71429443359375,
				360.28572845458984,
				845
			],
			[
				156,
				362.8572006225586,
				877
			],
			[
				148.2857208251953,
				364.28572845458984,
				910
			],
			[
				144,
				365.7142868041992,
				943
			]
		]
	}
}