{
	"env": 4000,
	"subject": "4000",
	"line_num": 1,
	"first": {
		"dev_index": "2",
		"dev_info": "etc",
		"width": 483,
		"height": 552.5369649805448,
		"timestamp": 1565831462947,
		"lines": [
			[
				396,
				40.5,
				0
			],
			[
				394,
				45.5,
				84
			],
			[
				393,
				49,
				100
			],
			[
				392,
				53,
				115
			],
			[
				389,
				61.5,
				132
			],
			[
				386,
				68,
				148
			],
			[
				384,
				73.5,
				166
			],
			[
				383,
				75.5,
				182
			],
			[
				381.5,
				79.5,
				199
			],
			[
				381,
				82,
				215
			],
			[
				380,
				85,
				231
			],
			[
				378.5,
				89.5,
				248
			],
			[
				376.5,
				94,
				266
			],
			[
				375.5,
				97,
				283
			],
			[
				374,
				102.5,
				299
			],
			[
				373.5,
				105,
				316
			],
			[
				372,
				109,
				333
			],
			[
				370,
				112.5,
				349
			],
			[
				367.5,
				116.5,
				365
			],
			[
				367,
				119,
				382
			],
			[
				364.5,
				123,
				400
			],
			[
				361.5,
				126.5,
				416
			],
			[
				360,
				128.5,
				432
			],
			[
				357,
				132,
				449
			],
			[
				354.5,
				135.5,
				467
			],
			[
				352,
				140,
				483
			],
			[
				351,
				142,
				500
			],
			[
				350,
				144,
				515
			],
			[
				348,
				147.5,
				534
			],
			[
				346.5,
				150.5,
				548
			],
			[
				345.5,
				152.5,
				565
			],
			[
				345.5,
				153,
				582
			],
			[
				345,
				153,
				599
			],
			[
				345.5,
				154,
				616
			],
			[
				345,
				154.5,
				633
			],
			[
				344,
				157,
				649
			],
			[
				342.5,
				160.5,
				666
			],
			[
				342,
				162.5,
				682
			],
			[
				341,
				167,
				700
			],
			[
				339,
				171,
				716
			],
			[
				338.5,
				173,
				733
			],
			[
				336.5,
				176.5,
				749
			],
			[
				335,
				179.5,
				766
			],
			[
				334,
				181,
				784
			],
			[
				332,
				185,
				799
			],
			[
				330,
				189,
				816
			],
			[
				329,
				190.5,
				834
			],
			[
				327.5,
				193.5,
				850
			],
			[
				326.5,
				196,
				866
			],
			[
				326,
				197.5,
				882
			],
			[
				324.5,
				200.5,
				900
			],
			[
				323.5,
				203.5,
				915
			],
			[
				323.5,
				205,
				933
			],
			[
				322.5,
				208.5,
				950
			],
			[
				321,
				210.5,
				965
			]
		]
	},
	"second": {
		"dev_index": "3",
		"dev_info": "etc",
		"width": 412,
		"height": 761,
		"timestamp": 1565831464242,
		"lines": [
			[
				339.4285888671875,
				244.28572845458984,
				0
			],
			[
				338,
				245.14290618896484,
				11
			],
			[
				336,
				245.71428680419922,
				28
			],
			[
				332.2857666015625,
				246.5714340209961,
				52
			],
			[
				329.4285888671875,
				246.85713958740234,
				67
			],
			[
				326.5714416503906,
				247.42858123779297,
				85
			],
			[
				323.71429443359375,
				248.00005340576172,
				101
			],
			[
				320.2857666015625,
				249.42858123779297,
				117
			],
			[
				316.2857666015625,
				251.42858123779297,
				134
			],
			[
				311.71429443359375,
				253.42858123779297,
				152
			],
			[
				307.4285888671875,
				255.14290618896484,
				169
			],
			[
				303.71429443359375,
				256.5714340209961,
				185
			],
			[
				293.71429443359375,
				261.42858123779297,
				235
			],
			[
				286.8571472167969,
				264.85713958740234,
				270
			],
			[
				280,
				268.85713958740234,
				305
			],
			[
				273.1429138183594,
				272.85713958740234,
				336
			],
			[
				264.8571472167969,
				275.7142868041992,
				370
			],
			[
				256.8571472167969,
				279.14290618896484,
				404
			],
			[
				250.2857208251953,
				282.28572845458984,
				438
			],
			[
				241.14288330078125,
				285.42858123779297,
				470
			],
			[
				230.85714721679688,
				289.7142868041992,
				503
			],
			[
				219.42860412597656,
				295.14290618896484,
				536
			],
			[
				207.42857360839844,
				300.8572006225586,
				570
			],
			[
				193.71429443359375,
				305.7142868041992,
				604
			],
			[
				180.00003051757812,
				312.0000534057617,
				636
			],
			[
				164,
				318.8572006225586,
				671
			],
			[
				149.14288330078125,
				325.14290618896484,
				702
			],
			[
				138.85714721679688,
				330.28572845458984,
				737
			],
			[
				129.71429443359375,
				334.5714340209961,
				770
			],
			[
				118.28572845458984,
				339.42858123779297,
				802
			],
			[
				107.14286041259766,
				344.28572845458984,
				837
			],
			[
				96.85714721679688,
				347.7142868041992,
				870
			],
			[
				90.57144165039062,
				350.5714340209961,
				904
			],
			[
				84.28572845458984,
				352.5714340209961,
				937
			],
			[
				79.42857360839844,
				354.5714340209961,
				970
			],
			[
				76.57144165039062,
				355.42858123779297,
				1003
			]
		]
	}
}