{
	"env": 4000,
	"subject": "4000",
	"line_num": 0,
	"first": {
		"dev_index": "1",
		"dev_info": "etc",
		"width": 483,
		"height": 368.1345029239766,
		"timestamp": 1565831474584,
		"lines": [
			[
				42,
				84,
				0
			],
			[
				42.5,
				83.5,
				2
			],
			[
				45.5,
				83.5,
				52
			],
			[
				49,
				83.5,
				70
			],
			[
				55,
				84,
				87
			],
			[
				63.5,
				84.5,
				102
			],
			[
				73,
				84,
				118
			],
			[
				77.5,
				84,
				137
			],
			[
				86.5,
				83,
				152
			],
			[
				90.5,
				83,
				169
			],
			[
				98,
				82.5,
				185
			],
			[
				105.5,
				81.5,
				202
			],
			[
				112,
				81,
				219
			],
			[
				115.5,
				81,
				235
			],
			[
				121.5,
				81,
				253
			],
			[
				125,
				81,
				270
			],
			[
				132,
				80,
				285
			],
			[
				139.5,
				79.5,
				302
			],
			[
				146.5,
				78.5,
				320
			],
			[
				150,
				78,
				336
			],
			[
				157.5,
				77,
				352
			],
			[
				165.5,
				75.5,
				370
			],
			[
				169.5,
				75,
				385
			],
			[
				178.5,
				73.5,
				402
			],
			[
				187,
				72,
				420
			],
			[
				190.5,
				71,
				437
			],
			[
				198.5,
				70,
				452
			],
			[
				202,
				69,
				470
			],
			[
				208.5,
				68,
				487
			],
			[
				216,
				67.5,
				503
			],
			[
				223,
				67,
				520
			],
			[
				226.5,
				66,
				537
			],
			[
				233,
				65.5,
				554
			],
			[
				239.5,
				65,
				570
			],
			[
				242.5,
				64.5,
				585
			],
			[
				248.5,
				64,
				603
			],
			[
				253.5,
				63.5,
				620
			],
			[
				256,
				63,
				635
			],
			[
				262,
				62,
				653
			],
			[
				265,
				61,
				669
			],
			[
				271,
				60,
				686
			],
			[
				277.5,
				59,
				703
			],
			[
				283.5,
				57.5,
				720
			],
			[
				286.5,
				57.5,
				736
			],
			[
				292,
				57,
				752
			],
			[
				296.5,
				56,
				770
			],
			[
				298.5,
				56,
				787
			],
			[
				303,
				55.5,
				803
			],
			[
				308,
				54.5,
				819
			],
			[
				311.5,
				54.5,
				837
			],
			[
				316.5,
				53.5,
				854
			],
			[
				319,
				53,
				870
			],
			[
				324.5,
				52.5,
				887
			],
			[
				330,
				52.5,
				904
			],
			[
				336,
				52,
				920
			],
			[
				339.5,
				51.5,
				936
			],
			[
				347,
				51,
				952
			]
		]
	},
	"second": {
		"dev_index": "2",
		"dev_info": "etc",
		"width": 483,
		"height": 552.5369649805448,
		"timestamp": 1565831476766,
		"lines": [
			[
				190,
				137,
				0
			],
			[
				190,
				136.5,
				6
			],
			[
				193.5,
				135.5,
				32
			],
			[
				196.5,
				135.5,
				39
			],
			[
				200,
				135.5,
				56
			],
			[
				210.5,
				135,
				74
			],
			[
				216,
				134.5,
				89
			],
			[
				226.5,
				134,
				106
			],
			[
				234,
				133,
				123
			],
			[
				240.5,
				132.5,
				140
			],
			[
				243.5,
				132.5,
				155
			],
			[
				249.5,
				132,
				173
			],
			[
				253.5,
				132,
				189
			],
			[
				262,
				132,
				207
			],
			[
				270,
				132,
				223
			],
			[
				276,
				132,
				240
			],
			[
				279,
				132.5,
				256
			],
			[
				285,
				132.5,
				273
			],
			[
				291,
				132.5,
				290
			],
			[
				294.5,
				132.5,
				306
			],
			[
				302,
				133,
				322
			],
			[
				309.5,
				133,
				340
			],
			[
				312,
				133,
				356
			],
			[
				318,
				133.5,
				374
			],
			[
				323.5,
				133,
				390
			],
			[
				326.5,
				133,
				406
			],
			[
				332,
				132.5,
				424
			],
			[
				338.5,
				132.5,
				439
			],
			[
				342,
				132.5,
				457
			],
			[
				349,
				132,
				474
			],
			[
				355.5,
				132,
				490
			],
			[
				358,
				132,
				507
			],
			[
				364,
				132.5,
				523
			],
			[
				371.5,
				132.5,
				539
			],
			[
				374.5,
				132.5,
				556
			],
			[
				382,
				132.5,
				573
			],
			[
				389.5,
				132.5,
				589
			],
			[
				393.5,
				132.5,
				607
			],
			[
				400.5,
				131.5,
				623
			],
			[
				407.5,
				130,
				640
			],
			[
				414.5,
				128,
				657
			],
			[
				417.5,
				127.5,
				673
			],
			[
				420,
				127,
				689
			],
			[
				423,
				126,
				706
			],
			[
				423.5,
				125.5,
				724
			],
			[
				425,
				125.5,
				749
			],
			[
				428,
				125.5,
				757
			],
			[
				432,
				125,
				774
			],
			[
				438.5,
				125,
				790
			],
			[
				441,
				124.5,
				806
			],
			[
				443.5,
				124.5,
				823
			],
			[
				444,
				124.5,
				841
			],
			[
				444.5,
				125,
				857
			]
		]
	}
}