{
	"env": 1,
	"subject": "1",
	"line_num": 1,
	"first": {
		"dev_index": "2",
		"dev_info": "etc",
		"width": 483,
		"height": 644.6264591439689,
		"timestamp": 1564441057217,
		"lines": [
			[
				319.5,
				346.5,
				0
			],
			[
				320.5,
				344.5,
				9
			],
			[
				318.5,
				343,
				49
			],
			[
				316,
				341.5,
				68
			],
			[
				310,
				339.5,
				83
			],
			[
				306.5,
				338,
				99
			],
			[
				299.5,
				335.5,
				116
			],
			[
				291,
				333,
				136
			],
			[
				282.5,
				330.5,
				152
			],
			[
				278,
				329.5,
				167
			],
			[
				269.5,
				327.5,
				186
			],
			[
				265.5,
				326.5,
				200
			],
			[
				258.5,
				323.5,
				219
			],
			[
				251.5,
				321,
				235
			],
			[
				244.5,
				318,
				252
			],
			[
				241,
				317,
				268
			],
			[
				234.5,
				315,
				283
			],
			[
				230.5,
				313.5,
				300
			],
			[
				223.5,
				311,
				319
			],
			[
				216.5,
				308.5,
				335
			],
			[
				209.5,
				305.5,
				351
			],
			[
				205.5,
				304,
				367
			],
			[
				198.5,
				301.5,
				384
			],
			[
				194.5,
				300.5,
				399
			],
			[
				186.5,
				298,
				420
			],
			[
				179,
				296,
				435
			],
			[
				172,
				294,
				452
			],
			[
				168.5,
				293,
				467
			],
			[
				161.5,
				291,
				485
			],
			[
				158,
				290.5,
				500
			],
			[
				151.5,
				288.5,
				519
			],
			[
				144.5,
				286.5,
				534
			],
			[
				138.5,
				284.5,
				551
			],
			[
				135,
				283,
				567
			],
			[
				129,
				281,
				583
			],
			[
				122.5,
				279.5,
				602
			],
			[
				119.5,
				278.5,
				619
			],
			[
				113.5,
				276.5,
				635
			],
			[
				108.5,
				275,
				650
			],
			[
				106,
				274.5,
				668
			],
			[
				100.5,
				273,
				683
			],
			[
				95.5,
				271.5,
				702
			],
			[
				93.5,
				271,
				718
			],
			[
				90,
				269.5,
				737
			],
			[
				86,
				267.5,
				749
			],
			[
				84.5,
				267,
				766
			],
			[
				80.5,
				265.5,
				783
			],
			[
				76.5,
				263.5,
				803
			],
			[
				75,
				263,
				819
			],
			[
				72,
				261.5,
				835
			],
			[
				69,
				262,
				852
			]
		]
	},
	"second": {
		"dev_index": "3",
		"dev_info": "etc",
		"width": 287,
		"height": 285.03693570451435,
		"timestamp": 1564441058496,
		"lines": [
			[
				234.5,
				278.5,
				0
			],
			[
				229.5,
				277,
				9
			],
			[
				225.5,
				276,
				20
			],
			[
				222,
				275,
				28
			],
			[
				218.5,
				274,
				41
			],
			[
				215.5,
				273,
				48
			],
			[
				212,
				271.5,
				64
			],
			[
				209,
				270,
				68
			],
			[
				206,
				268,
				80
			],
			[
				202.5,
				266,
				88
			],
			[
				199.5,
				264,
				101
			],
			[
				196.5,
				262,
				108
			],
			[
				194,
				260.5,
				122
			],
			[
				191,
				259.5,
				129
			],
			[
				188.5,
				258,
				141
			],
			[
				186,
				256.5,
				149
			],
			[
				183,
				255.5,
				162
			],
			[
				180,
				254,
				169
			],
			[
				177,
				253,
				182
			],
			[
				174.5,
				252,
				190
			],
			[
				171.5,
				251,
				202
			],
			[
				169,
				249.5,
				209
			],
			[
				166,
				248,
				222
			],
			[
				163.5,
				246.5,
				229
			],
			[
				160.5,
				245,
				241
			],
			[
				157,
				243.5,
				249
			],
			[
				154,
				242,
				261
			],
			[
				151,
				241,
				269
			],
			[
				148,
				239.5,
				281
			],
			[
				145.5,
				238.5,
				290
			],
			[
				142.5,
				237.5,
				302
			],
			[
				139.5,
				236.5,
				310
			],
			[
				136.5,
				235.5,
				320
			],
			[
				133.5,
				234.5,
				328
			],
			[
				130.5,
				233.5,
				341
			],
			[
				127.5,
				232.5,
				349
			],
			[
				124.5,
				231.5,
				362
			],
			[
				121.5,
				230.5,
				371
			],
			[
				118.5,
				229.5,
				381
			],
			[
				115.5,
				229,
				390
			],
			[
				112.5,
				227.5,
				401
			],
			[
				109.5,
				226.5,
				410
			],
			[
				106.5,
				225.5,
				420
			],
			[
				104,
				224.5,
				428
			],
			[
				101.5,
				223.5,
				441
			],
			[
				98.5,
				222,
				448
			],
			[
				96,
				221.5,
				460
			],
			[
				93,
				220,
				467
			],
			[
				90.5,
				219,
				480
			],
			[
				87.5,
				218,
				488
			],
			[
				85,
				217,
				500
			],
			[
				82.5,
				216,
				508
			],
			[
				81,
				215,
				520
			],
			[
				79,
				214,
				528
			],
			[
				77.5,
				213.5,
				540
			],
			[
				75.5,
				212.5,
				548
			],
			[
				73.5,
				211.5,
				560
			],
			[
				72,
				211,
				566
			],
			[
				70.5,
				210,
				579
			],
			[
				69.5,
				209.5,
				587
			],
			[
				68.5,
				209,
				600
			],
			[
				67.5,
				208.5,
				608
			],
			[
				66.5,
				208.5,
				620
			],
			[
				66,
				208.5,
				628
			],
			[
				65.5,
				208.5,
				640
			],
			[
				65.5,
				209,
				660
			],
			[
				66.5,
				209.5,
				680
			]
		]
	}
}