{
	"env": 4000,
	"subject": "4000",
	"line_num": 1,
	"first": {
		"dev_index": "2",
		"dev_info": "etc",
		"width": 483,
		"height": 552.5369649805448,
		"timestamp": 1565831478596,
		"lines": [
			[
				454,
				166,
				0
			],
			[
				454,
				169,
				45
			],
			[
				452.5,
				170.5,
				60
			],
			[
				451.5,
				171.5,
				77
			],
			[
				448,
				175.5,
				94
			],
			[
				446,
				177.5,
				110
			],
			[
				442,
				183,
				126
			],
			[
				439,
				187.5,
				144
			],
			[
				436.5,
				191.5,
				161
			],
			[
				435,
				193.5,
				178
			],
			[
				433,
				198,
				195
			],
			[
				432,
				200.5,
				211
			],
			[
				429,
				206,
				227
			],
			[
				426,
				211,
				244
			],
			[
				422.5,
				215,
				260
			],
			[
				421,
				217,
				277
			],
			[
				419,
				220,
				293
			],
			[
				418,
				221.5,
				310
			],
			[
				416.5,
				224,
				327
			],
			[
				415,
				227.5,
				344
			],
			[
				413.5,
				231.5,
				360
			],
			[
				412.5,
				233.5,
				378
			],
			[
				410.5,
				237,
				395
			],
			[
				408.5,
				239,
				412
			],
			[
				408.5,
				239.5,
				427
			],
			[
				407.5,
				240,
				445
			],
			[
				407.5,
				241,
				495
			],
			[
				405.5,
				245.5,
				512
			],
			[
				403.5,
				248,
				527
			],
			[
				399.5,
				253,
				545
			],
			[
				396,
				257.5,
				561
			],
			[
				394,
				260,
				577
			],
			[
				391,
				265,
				595
			],
			[
				388,
				270,
				611
			],
			[
				386.5,
				272.5,
				628
			],
			[
				383.5,
				277,
				645
			],
			[
				380,
				280.5,
				661
			],
			[
				379,
				282.5,
				678
			],
			[
				376.5,
				285,
				694
			],
			[
				375.5,
				286,
				711
			],
			[
				373.5,
				288,
				728
			],
			[
				372.5,
				290.5,
				745
			],
			[
				371.5,
				293,
				761
			],
			[
				371,
				294,
				777
			],
			[
				370.5,
				296,
				794
			],
			[
				370,
				296.5,
				811
			],
			[
				370,
				297,
				827
			],
			[
				369.5,
				297,
				845
			]
		]
	},
	"second": {
		"dev_index": "3",
		"dev_info": "etc",
		"width": 412,
		"height": 761,
		"timestamp": 1565831479769,
		"lines": [
			[
				345.1429138183594,
				336.28572845458984,
				0
			],
			[
				345.1429138183594,
				336.28572845458984,
				17
			],
			[
				345.1429138183594,
				336.28572845458984,
				32
			],
			[
				345.1429138183594,
				336.28572845458984,
				47
			],
			[
				344.8571472167969,
				336.28572845458984,
				63
			],
			[
				343.1429138183594,
				336.28572845458984,
				78
			],
			[
				339.71429443359375,
				336.5714340209961,
				94
			],
			[
				334.8571472167969,
				337.14290618896484,
				110
			],
			[
				328.8571472167969,
				338.5714340209961,
				127
			],
			[
				323.4285888671875,
				340.0000534057617,
				144
			],
			[
				319.1429138183594,
				341.7142868041992,
				161
			],
			[
				315.1429138183594,
				343.14290618896484,
				177
			],
			[
				304.5714416503906,
				344.5714340209961,
				232
			],
			[
				299.4285888671875,
				346.28572845458984,
				263
			],
			[
				292.8571472167969,
				348.8572006225586,
				296
			],
			[
				285.1429138183594,
				351.7142868041992,
				329
			],
			[
				277.4285888671875,
				354.8572006225586,
				363
			],
			[
				270,
				357.42858123779297,
				397
			],
			[
				260.2857360839844,
				360.0000534057617,
				430
			],
			[
				250.00003051757812,
				363.42858123779297,
				463
			],
			[
				238.2857208251953,
				365.14290618896484,
				496
			],
			[
				228.00003051757812,
				367.14290618896484,
				531
			],
			[
				217.42857360839844,
				370.0000534057617,
				565
			],
			[
				206.2857208251953,
				373.14290618896484,
				596
			],
			[
				192.2857208251953,
				377.42858123779297,
				630
			],
			[
				180.85714721679688,
				381.42858123779297,
				663
			],
			[
				171.71429443359375,
				383.7142868041992,
				697
			],
			[
				163.71429443359375,
				386.8572006225586,
				731
			],
			[
				155.14288330078125,
				389.42858123779297,
				763
			],
			[
				147.14288330078125,
				391.14290618896484,
				797
			],
			[
				141.1428680419922,
				393.14290618896484,
				830
			],
			[
				136,
				394.5714340209961,
				865
			],
			[
				130.5714569091797,
				396.5714340209961,
				898
			],
			[
				121.71430206298828,
				398.0000534057617,
				931
			],
			[
				112.85714721679688,
				399.14290618896484,
				965
			],
			[
				106.57144165039062,
				399.71434783935547,
				997
			],
			[
				102.00001525878906,
				399.71434783935547,
				1031
			],
			[
				99.42857360839844,
				399.71434783935547,
				1063
			]
		]
	}
}