{
	"env": 4000,
	"subject": "4000",
	"line_num": 0,
	"first": {
		"dev_index": "1",
		"dev_info": "etc",
		"width": 483,
		"height": 368.1345029239766,
		"timestamp": 1565831483251,
		"lines": [
			[
				164,
				180.5,
				0
			],
			[
				170,
				179,
				8
			],
			[
				172.5,
				178.5,
				27
			],
			[
				177,
				177,
				41
			],
			[
				180,
				176,
				58
			],
			[
				187,
				174.5,
				75
			],
			[
				195,
				173,
				91
			],
			[
				203,
				171.5,
				107
			],
			[
				207,
				170.5,
				124
			],
			[
				215.5,
				168.5,
				142
			],
			[
				222.5,
				166.5,
				158
			],
			[
				225.5,
				166,
				175
			],
			[
				230.5,
				165,
				191
			],
			[
				235,
				163.5,
				207
			],
			[
				238,
				163,
				225
			],
			[
				243.5,
				162,
				242
			],
			[
				249.5,
				160.5,
				258
			],
			[
				252,
				160,
				275
			],
			[
				257.5,
				158.5,
				292
			],
			[
				262,
				157,
				308
			],
			[
				264.5,
				156.5,
				324
			],
			[
				270,
				155,
				342
			],
			[
				276.5,
				153.5,
				359
			],
			[
				280,
				153,
				376
			],
			[
				287.5,
				151.5,
				391
			],
			[
				295,
				150.5,
				409
			],
			[
				298.5,
				149.5,
				426
			],
			[
				305.5,
				148.5,
				443
			],
			[
				308.5,
				148,
				458
			],
			[
				314,
				146,
				474
			],
			[
				319.5,
				144.5,
				491
			],
			[
				326,
				142.5,
				509
			],
			[
				329,
				141.5,
				526
			],
			[
				336,
				140,
				543
			],
			[
				343,
				138,
				558
			],
			[
				345.5,
				137.5,
				574
			],
			[
				350.5,
				136,
				592
			],
			[
				355.5,
				134,
				608
			],
			[
				357.5,
				133.5,
				625
			],
			[
				361,
				132,
				641
			],
			[
				364.5,
				131.5,
				658
			],
			[
				366.5,
				131,
				676
			],
			[
				370.5,
				130.5,
				692
			],
			[
				374,
				129.5,
				709
			],
			[
				377.5,
				128.5,
				726
			],
			[
				379.5,
				128,
				742
			],
			[
				382.5,
				126.5,
				758
			],
			[
				385,
				125.5,
				776
			]
		]
	},
	"second": {
		"dev_index": "2",
		"dev_info": "etc",
		"width": 483,
		"height": 552.5369649805448,
		"timestamp": 1565831485223,
		"lines": [
			[
				262,
				170,
				0
			],
			[
				263.5,
				170,
				4
			],
			[
				268,
				169,
				21
			],
			[
				270.5,
				168.5,
				37
			],
			[
				275.5,
				167.5,
				54
			],
			[
				282,
				167,
				71
			],
			[
				285,
				166,
				88
			],
			[
				291,
				164.5,
				104
			],
			[
				296,
				163,
				121
			],
			[
				301,
				161,
				138
			],
			[
				303.5,
				160.5,
				156
			],
			[
				309.5,
				159,
				171
			],
			[
				312.5,
				158.5,
				188
			],
			[
				319,
				157,
				206
			],
			[
				325.5,
				156.5,
				222
			],
			[
				333,
				156,
				239
			],
			[
				336.5,
				156,
				256
			],
			[
				344.5,
				155.5,
				273
			],
			[
				348,
				155.5,
				289
			],
			[
				354,
				155.5,
				306
			],
			[
				360,
				155,
				322
			],
			[
				366.5,
				155.5,
				338
			],
			[
				370.5,
				155.5,
				355
			],
			[
				378,
				155,
				371
			],
			[
				382,
				154.5,
				390
			],
			[
				390,
				154,
				405
			],
			[
				397,
				153.5,
				421
			],
			[
				403,
				153,
				438
			],
			[
				405,
				152.5,
				454
			],
			[
				407,
				152,
				471
			],
			[
				411,
				152,
				488
			],
			[
				415.5,
				151,
				505
			],
			[
				420,
				150,
				522
			],
			[
				422.5,
				150,
				538
			],
			[
				427.5,
				149,
				555
			],
			[
				432,
				148.5,
				572
			],
			[
				434,
				148,
				589
			],
			[
				437.5,
				147.5,
				606
			],
			[
				440,
				147,
				622
			],
			[
				441,
				146.5,
				639
			],
			[
				441,
				146,
				658
			],
			[
				440.5,
				146,
				679
			],
			[
				441.5,
				146,
				690
			],
			[
				444,
				145.5,
				706
			],
			[
				451,
				145.5,
				722
			],
			[
				454,
				145.5,
				738
			]
		]
	}
}