{
	"env": 4000,
	"subject": "4000",
	"line_num": 1,
	"first": {
		"dev_index": "2",
		"dev_info": "etc",
		"width": 483,
		"height": 552.5369649805448,
		"timestamp": 1565831486827,
		"lines": [
			[
				371,
				36.5,
				0
			],
			[
				369.5,
				37.5,
				6
			],
			[
				367.5,
				39,
				53
			],
			[
				365,
				42.5,
				69
			],
			[
				361,
				48,
				86
			],
			[
				359,
				50.5,
				103
			],
			[
				354.5,
				57,
				119
			],
			[
				353,
				59.5,
				136
			],
			[
				349.5,
				64,
				153
			],
			[
				346.5,
				68,
				170
			],
			[
				345.5,
				70.5,
				185
			],
			[
				343,
				75,
				201
			],
			[
				342,
				77.5,
				218
			],
			[
				339.5,
				83,
				235
			],
			[
				336,
				89,
				251
			],
			[
				331.5,
				95,
				268
			],
			[
				329.5,
				98,
				286
			],
			[
				325.5,
				103.5,
				302
			],
			[
				323.5,
				105.5,
				318
			],
			[
				320,
				108.5,
				336
			],
			[
				317,
				110.5,
				352
			],
			[
				315,
				113,
				369
			],
			[
				314,
				114.5,
				385
			],
			[
				312,
				117,
				403
			],
			[
				311,
				118,
				419
			],
			[
				308,
				121.5,
				435
			],
			[
				305,
				124.5,
				453
			],
			[
				301.5,
				127.5,
				469
			],
			[
				300,
				129,
				486
			],
			[
				297,
				131.5,
				503
			],
			[
				295.5,
				132.5,
				519
			],
			[
				293.5,
				135,
				536
			],
			[
				292,
				137.5,
				552
			],
			[
				290,
				140,
				569
			],
			[
				288.5,
				143,
				586
			],
			[
				287.5,
				144.5,
				603
			],
			[
				286.5,
				146.5,
				618
			],
			[
				286,
				147.5,
				636
			],
			[
				284.5,
				149.5,
				653
			],
			[
				283,
				151,
				669
			],
			[
				282,
				152,
				686
			],
			[
				281,
				153,
				702
			],
			[
				279,
				155,
				719
			],
			[
				277.5,
				156.5,
				736
			],
			[
				274,
				159.5,
				753
			],
			[
				272,
				161,
				768
			]
		]
	},
	"second": {
		"dev_index": "3",
		"dev_info": "etc",
		"width": 412,
		"height": 761,
		"timestamp": 1565831487970,
		"lines": [
			[
				356.5714416503906,
				120.28571319580078,
				0
			],
			[
				356.2857666015625,
				120.28571319580078,
				17
			],
			[
				354.8571472167969,
				120.28571319580078,
				34
			],
			[
				350.2857666015625,
				120.28571319580078,
				55
			],
			[
				345.71429443359375,
				120.28571319580078,
				72
			],
			[
				339.71429443359375,
				120.5714340209961,
				88
			],
			[
				332.5714416503906,
				121.14286041259766,
				104
			],
			[
				326,
				121.71428680419922,
				121
			],
			[
				320.5714416503906,
				123.42859649658203,
				137
			],
			[
				315.71429443359375,
				125.71428680419922,
				155
			],
			[
				311.1429138183594,
				128.0000228881836,
				172
			],
			[
				306.5714416503906,
				130.28571319580078,
				187
			],
			[
				291.4285888671875,
				134.85717010498047,
				240
			],
			[
				281.1429138183594,
				137.14286041259766,
				273
			],
			[
				272.8571472167969,
				139.14286041259766,
				306
			],
			[
				263.71429443359375,
				140.85717010498047,
				341
			],
			[
				254.00003051757812,
				142.28571319580078,
				373
			],
			[
				242.2857208251953,
				144.0000228881836,
				408
			],
			[
				230.5714569091797,
				146.28571319580078,
				440
			],
			[
				220.2857208251953,
				149.42859649658203,
				473
			],
			[
				208.5714569091797,
				152.5714340209961,
				506
			],
			[
				196.00003051757812,
				156.0000228881836,
				541
			],
			[
				184.00003051757812,
				159.14286041259766,
				573
			],
			[
				171.14288330078125,
				162.28571319580078,
				607
			],
			[
				159.71429443359375,
				164.85717010498047,
				641
			],
			[
				148.2857208251953,
				166.0000228881836,
				672
			],
			[
				139.42857360839844,
				167.42859649658203,
				708
			],
			[
				133.1428680419922,
				168.5714340209961,
				739
			],
			[
				125.14286041259766,
				169.42859649658203,
				773
			],
			[
				118.00001525878906,
				170.5714340209961,
				808
			],
			[
				112.00001525878906,
				170.85717010498047,
				839
			],
			[
				104.85714721679688,
				171.42859649658203,
				873
			],
			[
				98.57144165039062,
				171.71428680419922,
				907
			],
			[
				94.85714721679688,
				172.2857437133789,
				938
			]
		]
	}
}