{
	"env": 4000,
	"subject": "4000",
	"line_num": 0,
	"first": {
		"dev_index": "1",
		"dev_info": "etc",
		"width": 483,
		"height": 368.1345029239766,
		"timestamp": 1565831490446,
		"lines": [
			[
				97.5,
				53,
				0
			],
			[
				99,
				52,
				18
			],
			[
				102,
				51,
				34
			],
			[
				107,
				50,
				53
			],
			[
				115.5,
				49.5,
				67
			],
			[
				120.5,
				49,
				84
			],
			[
				130.5,
				47.5,
				101
			],
			[
				140.5,
				47,
				117
			],
			[
				145.5,
				46,
				134
			],
			[
				155,
				45,
				151
			],
			[
				164,
				44,
				168
			],
			[
				173,
				42.5,
				185
			],
			[
				177.5,
				42,
				202
			],
			[
				186.5,
				41.5,
				219
			],
			[
				191,
				41,
				234
			],
			[
				200.5,
				40.5,
				251
			],
			[
				209.5,
				40,
				268
			],
			[
				218,
				40,
				286
			],
			[
				222.5,
				39.5,
				302
			],
			[
				230,
				39.5,
				319
			],
			[
				234,
				39,
				335
			],
			[
				241,
				38,
				351
			],
			[
				248,
				37.5,
				368
			],
			[
				254.5,
				37.5,
				385
			],
			[
				258,
				37,
				402
			],
			[
				265.5,
				36,
				417
			],
			[
				269.5,
				35,
				434
			],
			[
				273.5,
				34.5,
				451
			],
			[
				285,
				32,
				468
			],
			[
				288.5,
				31.5,
				485
			],
			[
				295,
				30.5,
				502
			],
			[
				301.5,
				29,
				519
			],
			[
				305,
				29,
				535
			],
			[
				310.5,
				28,
				552
			],
			[
				316,
				27.5,
				568
			],
			[
				318.5,
				27.5,
				586
			],
			[
				322,
				27.5,
				601
			],
			[
				324,
				27,
				618
			],
			[
				327,
				26.5,
				635
			],
			[
				330,
				26.5,
				652
			],
			[
				333.5,
				26,
				668
			],
			[
				336,
				25.5,
				685
			],
			[
				341.5,
				25.5,
				702
			],
			[
				347,
				25,
				720
			],
			[
				349.5,
				25,
				735
			],
			[
				355,
				24.5,
				752
			],
			[
				359.5,
				24.5,
				768
			],
			[
				362,
				24.5,
				786
			]
		]
	},
	"second": {
		"dev_index": "2",
		"dev_info": "etc",
		"width": 483,
		"height": 552.5369649805448,
		"timestamp": 1565831492389,
		"lines": [
			[
				221.5,
				110,
				0
			],
			[
				228,
				108,
				12
			],
			[
				231.5,
				107.5,
				26
			],
			[
				240,
				106.5,
				43
			],
			[
				249,
				106.5,
				60
			],
			[
				257.5,
				106,
				77
			],
			[
				262,
				105.5,
				95
			],
			[
				269,
				105.5,
				110
			],
			[
				273,
				105,
				127
			],
			[
				280,
				104,
				144
			],
			[
				286,
				103.5,
				160
			],
			[
				291,
				103.5,
				177
			],
			[
				294,
				103,
				195
			],
			[
				301,
				103.5,
				210
			],
			[
				305,
				103,
				228
			],
			[
				313,
				103,
				245
			],
			[
				320.5,
				102.5,
				262
			],
			[
				327,
				101.5,
				277
			],
			[
				330,
				101.5,
				294
			],
			[
				336.5,
				101,
				310
			],
			[
				340,
				100.5,
				327
			],
			[
				348,
				100,
				344
			],
			[
				355,
				99.5,
				360
			],
			[
				361.5,
				99,
				377
			],
			[
				364.5,
				99,
				394
			],
			[
				369.5,
				99,
				411
			],
			[
				371.5,
				98.5,
				428
			],
			[
				376.5,
				98,
				444
			],
			[
				382,
				97,
				460
			],
			[
				387,
				96,
				477
			],
			[
				389.5,
				95.5,
				495
			],
			[
				393,
				95,
				512
			],
			[
				395,
				94.5,
				527
			],
			[
				398.5,
				94,
				545
			],
			[
				402,
				93,
				562
			],
			[
				405.5,
				93,
				578
			],
			[
				407.5,
				92.5,
				594
			],
			[
				412.5,
				92,
				612
			],
			[
				415,
				91.5,
				627
			],
			[
				420,
				90.5,
				644
			],
			[
				424,
				89.5,
				660
			],
			[
				427,
				89,
				678
			],
			[
				428.5,
				88.5,
				693
			],
			[
				432,
				87.5,
				710
			],
			[
				437,
				86.5,
				728
			],
			[
				439,
				86.5,
				744
			],
			[
				443.5,
				86,
				761
			],
			[
				446,
				86,
				778
			]
		]
	}
}