{
	"env": 4000,
	"subject": "4000",
	"line_num": 1,
	"first": {
		"dev_index": "2",
		"dev_info": "etc",
		"width": 483,
		"height": 552.5369649805448,
		"timestamp": 1565831494308,
		"lines": [
			[
				446,
				236,
				0
			],
			[
				444.5,
				235,
				9
			],
			[
				442,
				236.5,
				28
			],
			[
				439.5,
				237.5,
				42
			],
			[
				437,
				239,
				60
			],
			[
				432,
				242.5,
				76
			],
			[
				428.5,
				245.5,
				93
			],
			[
				425,
				248.5,
				110
			],
			[
				423.5,
				249.5,
				127
			],
			[
				420,
				252.5,
				142
			],
			[
				418.5,
				253.5,
				160
			],
			[
				415.5,
				256,
				177
			],
			[
				412.5,
				257.5,
				193
			],
			[
				409.5,
				259.5,
				210
			],
			[
				407.5,
				260.5,
				226
			],
			[
				405,
				262,
				243
			],
			[
				403,
				262,
				260
			],
			[
				401,
				263,
				275
			],
			[
				398.5,
				264.5,
				292
			],
			[
				396,
				266,
				309
			],
			[
				394,
				267.5,
				327
			],
			[
				391.5,
				269,
				342
			],
			[
				390.5,
				270.5,
				360
			],
			[
				388.5,
				271.5,
				376
			],
			[
				387,
				273.5,
				392
			],
			[
				385,
				274.5,
				408
			],
			[
				383.5,
				275,
				427
			],
			[
				381.5,
				276,
				444
			],
			[
				380.5,
				277,
				459
			],
			[
				378.5,
				278,
				476
			],
			[
				376,
				279,
				493
			],
			[
				374,
				279.5,
				509
			],
			[
				373.5,
				280,
				526
			],
			[
				372,
				281,
				543
			],
			[
				371,
				281.5,
				560
			],
			[
				369.5,
				282.5,
				576
			],
			[
				368,
				283.5,
				592
			],
			[
				367,
				284,
				609
			],
			[
				366.5,
				284.5,
				626
			],
			[
				364.5,
				286,
				643
			],
			[
				363.5,
				286.5,
				660
			],
			[
				361.5,
				287,
				676
			],
			[
				359.5,
				288,
				694
			],
			[
				357.5,
				289,
				709
			],
			[
				356.5,
				289,
				727
			],
			[
				354,
				290.5,
				743
			],
			[
				352.5,
				291,
				759
			],
			[
				351.5,
				292,
				777
			]
		]
	},
	"second": {
		"dev_index": "3",
		"dev_info": "etc",
		"width": 412,
		"height": 761,
		"timestamp": 1565831495447,
		"lines": [
			[
				340,
				234.28572845458984,
				0
			],
			[
				339.4285888671875,
				234.28572845458984,
				24
			],
			[
				337.71429443359375,
				234.00005340576172,
				39
			],
			[
				335.4285888671875,
				233.4286117553711,
				53
			],
			[
				332.2857666015625,
				232.85713958740234,
				71
			],
			[
				329.1429138183594,
				232.5714340209961,
				86
			],
			[
				325.1429138183594,
				232.00005340576172,
				104
			],
			[
				320,
				232.00005340576172,
				119
			],
			[
				314,
				232.00005340576172,
				136
			],
			[
				307.71429443359375,
				231.71428680419922,
				154
			],
			[
				302,
				231.71428680419922,
				170
			],
			[
				296.2857666015625,
				231.71428680419922,
				188
			],
			[
				278.2857360839844,
				231.71428680419922,
				239
			],
			[
				266,
				231.14287567138672,
				272
			],
			[
				253.71429443359375,
				230.5714340209961,
				305
			],
			[
				242.2857208251953,
				229.71428680419922,
				339
			],
			[
				227.71429443359375,
				228.85713958740234,
				371
			],
			[
				212.00003051757812,
				228.00005340576172,
				405
			],
			[
				198.2857208251953,
				226.85713958740234,
				439
			],
			[
				184.5714569091797,
				225.4286117553711,
				472
			],
			[
				173.42857360839844,
				222.28572845458984,
				504
			],
			[
				164.85714721679688,
				220.5714340209961,
				540
			],
			[
				156.85714721679688,
				219.14287567138672,
				572
			],
			[
				149.71429443359375,
				217.14287567138672,
				606
			],
			[
				143.71429443359375,
				215.71428680419922,
				639
			],
			[
				138,
				213.4286117553711,
				672
			],
			[
				130.5714569091797,
				210.5714340209961,
				706
			],
			[
				122.28572845458984,
				208.00005340576172,
				739
			],
			[
				114.57144165039062,
				205.71428680419922,
				773
			],
			[
				108.00001525878906,
				204.28572845458984,
				806
			],
			[
				100.57144165039062,
				202.2857437133789,
				839
			],
			[
				93.71428680419922,
				201.42859649658203,
				872
			],
			[
				86.85714721679688,
				200.5714340209961,
				907
			]
		]
	}
}