{
	"env": 4000,
	"subject": "4000",
	"line_num": 1,
	"first": {
		"dev_index": "2",
		"dev_info": "etc",
		"width": 483,
		"height": 552.5369649805448,
		"timestamp": 1565831502948,
		"lines": [
			[
				452,
				42,
				0
			],
			[
				451,
				43,
				8
			],
			[
				448,
				45.5,
				61
			],
			[
				446.5,
				47.5,
				74
			],
			[
				442,
				52,
				92
			],
			[
				437.5,
				57.5,
				108
			],
			[
				434.5,
				60,
				125
			],
			[
				429.5,
				65,
				141
			],
			[
				427,
				68,
				159
			],
			[
				421.5,
				73,
				176
			],
			[
				415.5,
				78.5,
				191
			],
			[
				410,
				83.5,
				208
			],
			[
				407.5,
				86,
				226
			],
			[
				403,
				90.5,
				241
			],
			[
				401,
				92.5,
				259
			],
			[
				397,
				96,
				276
			],
			[
				393,
				100,
				291
			],
			[
				389,
				103,
				309
			],
			[
				387,
				105,
				324
			],
			[
				383,
				108.5,
				343
			],
			[
				380.5,
				110.5,
				358
			],
			[
				376,
				114,
				375
			],
			[
				371.5,
				119.5,
				392
			],
			[
				367,
				123.5,
				408
			],
			[
				365,
				125.5,
				425
			],
			[
				360,
				130,
				441
			],
			[
				357.5,
				131.5,
				458
			],
			[
				353,
				136,
				474
			],
			[
				349,
				140,
				492
			],
			[
				345,
				144,
				508
			],
			[
				343.5,
				146,
				525
			],
			[
				339.5,
				148,
				541
			],
			[
				337.5,
				149.5,
				558
			],
			[
				333.5,
				151.5,
				576
			],
			[
				330.5,
				154,
				592
			],
			[
				328,
				156,
				608
			],
			[
				327,
				157.5,
				625
			],
			[
				324.5,
				160,
				643
			],
			[
				324,
				161,
				659
			],
			[
				322.5,
				163.5,
				676
			],
			[
				321.5,
				165.5,
				693
			],
			[
				321,
				167,
				709
			],
			[
				320,
				168.5,
				725
			],
			[
				318.5,
				169.5,
				741
			],
			[
				317.5,
				170.5,
				749
			]
		]
	},
	"second": {
		"dev_index": "3",
		"dev_info": "etc",
		"width": 412,
		"height": 761,
		"timestamp": 1565831504073,
		"lines": [
			[
				330,
				142.85717010498047,
				0
			],
			[
				327.1429138183594,
				142.85717010498047,
				14
			],
			[
				324.5714416503906,
				142.85717010498047,
				30
			],
			[
				320.2857666015625,
				142.85717010498047,
				57
			],
			[
				316.5714416503906,
				142.85717010498047,
				72
			],
			[
				311.71429443359375,
				142.85717010498047,
				90
			],
			[
				305.71429443359375,
				142.85717010498047,
				105
			],
			[
				298.8571472167969,
				142.85717010498047,
				122
			],
			[
				291.71429443359375,
				142.85717010498047,
				140
			],
			[
				284.57147216796875,
				142.85717010498047,
				156
			],
			[
				278,
				142.85717010498047,
				174
			],
			[
				271.71429443359375,
				142.85717010498047,
				190
			],
			[
				253.42860412597656,
				142.85717010498047,
				242
			],
			[
				240.5714569091797,
				143.14286041259766,
				272
			],
			[
				229.14288330078125,
				143.14286041259766,
				306
			],
			[
				217.14288330078125,
				143.42859649658203,
				341
			],
			[
				206.5714569091797,
				144.0000228881836,
				376
			],
			[
				195.14288330078125,
				144.5714340209961,
				409
			],
			[
				183.71429443359375,
				145.14286041259766,
				441
			],
			[
				172.2857208251953,
				145.71428680419922,
				476
			],
			[
				161.42857360839844,
				146.28571319580078,
				506
			],
			[
				149.71429443359375,
				146.5714340209961,
				541
			],
			[
				137.71429443359375,
				146.85717010498047,
				574
			],
			[
				126.28572845458984,
				147.14286041259766,
				609
			],
			[
				116.00001525878906,
				147.14286041259766,
				641
			],
			[
				107.42857360839844,
				147.14286041259766,
				675
			],
			[
				97.42857360839844,
				147.14286041259766,
				708
			],
			[
				88.00001525878906,
				147.14286041259766,
				740
			]
		]
	}
}