{
	"env": 4000,
	"subject": "4000",
	"line_num": 1,
	"first": {
		"dev_index": "2",
		"dev_info": "etc",
		"width": 483,
		"height": 552.5369649805448,
		"timestamp": 1565831511121,
		"lines": [
			[
				444,
				173,
				0
			],
			[
				445,
				174,
				8
			],
			[
				441.5,
				178,
				39
			],
			[
				439,
				181,
				58
			],
			[
				434,
				188.5,
				74
			],
			[
				428,
				195.5,
				90
			],
			[
				423,
				201.5,
				107
			],
			[
				420.5,
				203.5,
				124
			],
			[
				416.5,
				207.5,
				140
			],
			[
				414.5,
				209,
				158
			],
			[
				411,
				212.5,
				174
			],
			[
				406.5,
				215,
				191
			],
			[
				401.5,
				218,
				207
			],
			[
				398.5,
				219.5,
				225
			],
			[
				393.5,
				223.5,
				242
			],
			[
				391,
				225,
				257
			],
			[
				388,
				228.5,
				275
			],
			[
				385,
				231,
				292
			],
			[
				382.5,
				233.5,
				307
			],
			[
				381.5,
				234.5,
				325
			],
			[
				380,
				236,
				342
			],
			[
				378.5,
				237.5,
				359
			],
			[
				378,
				238.5,
				375
			],
			[
				376.5,
				240.5,
				392
			],
			[
				375,
				242.5,
				408
			],
			[
				373.5,
				243.5,
				425
			],
			[
				371,
				246,
				441
			],
			[
				368.5,
				249,
				458
			],
			[
				367.5,
				250.5,
				475
			],
			[
				364.5,
				252.5,
				490
			],
			[
				362,
				255,
				507
			],
			[
				361,
				255.5,
				525
			],
			[
				359,
				257,
				543
			],
			[
				358,
				258.5,
				558
			],
			[
				355.5,
				261,
				574
			],
			[
				353.5,
				264.5,
				592
			],
			[
				352,
				266,
				607
			]
		]
	},
	"second": {
		"dev_index": "3",
		"dev_info": "etc",
		"width": 412,
		"height": 761,
		"timestamp": 1565831512086,
		"lines": [
			[
				301.71429443359375,
				247.71428680419922,
				0
			],
			[
				298.2857666015625,
				247.71428680419922,
				19
			],
			[
				294.8571472167969,
				247.42858123779297,
				36
			],
			[
				290.8571472167969,
				246.00005340576172,
				53
			],
			[
				286.8571472167969,
				244.5714340209961,
				71
			],
			[
				282.8571472167969,
				244.00005340576172,
				87
			],
			[
				278.57147216796875,
				244.28572845458984,
				104
			],
			[
				273.1429138183594,
				244.85713958740234,
				120
			],
			[
				266.8571472167969,
				245.14290618896484,
				137
			],
			[
				260,
				245.71428680419922,
				155
			],
			[
				253.42860412597656,
				246.28572845458984,
				171
			],
			[
				246.5714569091797,
				246.5714340209961,
				189
			],
			[
				227.42860412597656,
				246.85713958740234,
				240
			],
			[
				215.71429443359375,
				246.85713958740234,
				272
			],
			[
				204.2857208251953,
				248.00005340576172,
				304
			],
			[
				191.14288330078125,
				248.28572845458984,
				339
			],
			[
				179.14288330078125,
				248.85713958740234,
				372
			],
			[
				165.14288330078125,
				249.42858123779297,
				406
			],
			[
				154.5714569091797,
				250.00005340576172,
				438
			],
			[
				144,
				250.5714340209961,
				472
			],
			[
				132.28573608398438,
				251.14290618896484,
				504
			],
			[
				119.42857360839844,
				251.71428680419922,
				538
			],
			[
				110.00001525878906,
				252.00005340576172,
				571
			],
			[
				100.85714721679688,
				252.28572845458984,
				606
			],
			[
				94.28572845458984,
				252.28572845458984,
				638
			],
			[
				90.85714721679688,
				252.28572845458984,
				672
			]
		]
	}
}