{
	"env": 4000,
	"subject": "4000",
	"line_num": 1,
	"first": {
		"dev_index": "2",
		"dev_info": "etc",
		"width": 483,
		"height": 552.5369649805448,
		"timestamp": 1565831523483,
		"lines": [
			[
				451.5,
				46.5,
				0
			],
			[
				452,
				51,
				38
			],
			[
				452.5,
				53,
				54
			],
			[
				452,
				59,
				70
			],
			[
				451,
				62,
				87
			],
			[
				448.5,
				69,
				104
			],
			[
				445,
				76,
				120
			],
			[
				441.5,
				83,
				138
			],
			[
				439.5,
				85.5,
				154
			],
			[
				438,
				88.5,
				170
			],
			[
				436,
				94,
				187
			],
			[
				434,
				99.5,
				204
			],
			[
				432,
				104.5,
				220
			],
			[
				431,
				106.5,
				237
			],
			[
				428.5,
				111.5,
				254
			],
			[
				425.5,
				116.5,
				271
			],
			[
				424,
				119,
				288
			],
			[
				421.5,
				124,
				304
			],
			[
				419.5,
				128.5,
				322
			],
			[
				417.5,
				132.5,
				338
			],
			[
				416.5,
				135,
				355
			],
			[
				414.5,
				140.5,
				371
			],
			[
				413,
				143.5,
				388
			],
			[
				410.5,
				149,
				404
			],
			[
				407.5,
				154,
				421
			],
			[
				405.5,
				159.5,
				438
			],
			[
				404,
				162.5,
				454
			],
			[
				402,
				168,
				470
			],
			[
				401,
				170.5,
				488
			],
			[
				399.5,
				175,
				504
			],
			[
				398,
				179.5,
				521
			],
			[
				397.5,
				181.5,
				537
			],
			[
				396,
				186.5,
				555
			],
			[
				394.5,
				191.5,
				570
			],
			[
				394,
				193.5,
				588
			],
			[
				392,
				198,
				605
			],
			[
				391,
				202,
				622
			],
			[
				389.5,
				207,
				638
			],
			[
				389,
				209.5,
				654
			],
			[
				387.5,
				213.5,
				671
			],
			[
				386.5,
				215.5,
				689
			],
			[
				385,
				219.5,
				705
			],
			[
				384,
				223.5,
				721
			],
			[
				383,
				227.5,
				738
			],
			[
				382,
				230,
				754
			],
			[
				380,
				234,
				770
			],
			[
				379.5,
				236,
				788
			],
			[
				378,
				239.5,
				804
			],
			[
				377,
				243,
				821
			],
			[
				375,
				247.5,
				837
			],
			[
				374.5,
				249.5,
				854
			],
			[
				374,
				251.5,
				871
			]
		]
	},
	"second": {
		"dev_index": "3",
		"dev_info": "etc",
		"width": 412,
		"height": 761,
		"timestamp": 1565831524685,
		"lines": [
			[
				331.1429138183594,
				364.28572845458984,
				0
			],
			[
				330.8571472167969,
				364.28572845458984,
				18
			],
			[
				330.8571472167969,
				364.5714340209961,
				36
			],
			[
				329.4285888671875,
				364.8572006225586,
				53
			],
			[
				327.1429138183594,
				365.42858123779297,
				71
			],
			[
				323.71429443359375,
				367.7142868041992,
				86
			],
			[
				319.4285888671875,
				370.28572845458984,
				104
			],
			[
				314.2857666015625,
				373.14290618896484,
				120
			],
			[
				308.8571472167969,
				376.5714340209961,
				138
			],
			[
				303.71429443359375,
				379.7142868041992,
				153
			],
			[
				299.1429138183594,
				382.8572006225586,
				171
			],
			[
				293.71429443359375,
				386.0000534057617,
				187
			],
			[
				275.71429443359375,
				394.5714340209961,
				238
			],
			[
				264,
				400.28572845458984,
				273
			],
			[
				252.2857208251953,
				406.5714340209961,
				305
			],
			[
				238.85714721679688,
				412.5714340209961,
				340
			],
			[
				226.5714569091797,
				418.0000534057617,
				372
			],
			[
				212.2857208251953,
				423.42858123779297,
				406
			],
			[
				197.71429443359375,
				429.14290618896484,
				441
			],
			[
				182.2857208251953,
				436.28572845458984,
				472
			],
			[
				164.85714721679688,
				444.0000534057617,
				506
			],
			[
				142.5714569091797,
				450.28572845458984,
				540
			],
			[
				123.14286041259766,
				457.71434783935547,
				573
			],
			[
				108.57144165039062,
				466.00008392333984,
				606
			],
			[
				96.00001525878906,
				472.85713958740234,
				640
			],
			[
				86.85714721679688,
				477.4286117553711,
				673
			],
			[
				76.85714721679688,
				481.1429672241211,
				707
			],
			[
				68.28572845458984,
				485.4286117553711,
				738
			],
			[
				61.42857360839844,
				489.4286117553711,
				771
			]
		]
	}
}