{
	"env": 4000,
	"subject": "4000",
	"line_num": 1,
	"first": {
		"dev_index": "2",
		"dev_info": "etc",
		"width": 483,
		"height": 552.5369649805448,
		"timestamp": 1565831539250,
		"lines": [
			[
				460.5,
				153,
				0
			],
			[
				460,
				156.5,
				29
			],
			[
				459,
				159,
				37
			],
			[
				458,
				162.5,
				50
			],
			[
				457,
				165.5,
				64
			],
			[
				454,
				172,
				81
			],
			[
				451.5,
				179,
				97
			],
			[
				450.5,
				182,
				114
			],
			[
				448,
				189,
				132
			],
			[
				446.5,
				194.5,
				149
			],
			[
				445.5,
				197,
				165
			],
			[
				444,
				202.5,
				182
			],
			[
				442,
				208,
				199
			],
			[
				440.5,
				210.5,
				214
			],
			[
				438.5,
				215.5,
				231
			],
			[
				436.5,
				220.5,
				249
			],
			[
				435.5,
				223.5,
				265
			],
			[
				433.5,
				229,
				282
			],
			[
				431.5,
				233.5,
				298
			],
			[
				430.5,
				236,
				315
			],
			[
				428,
				240.5,
				332
			],
			[
				427,
				243.5,
				348
			],
			[
				424.5,
				248.5,
				366
			],
			[
				422,
				254,
				381
			],
			[
				419.5,
				259,
				397
			],
			[
				419,
				261.5,
				414
			],
			[
				416.5,
				266.5,
				432
			],
			[
				414.5,
				272,
				449
			],
			[
				414,
				274.5,
				464
			],
			[
				412.5,
				278,
				481
			],
			[
				411.5,
				281.5,
				499
			],
			[
				411,
				283,
				515
			],
			[
				409.5,
				287.5,
				532
			],
			[
				408.5,
				290,
				548
			],
			[
				407,
				294,
				565
			],
			[
				405,
				298.5,
				582
			],
			[
				403,
				303,
				599
			],
			[
				402.5,
				305,
				616
			],
			[
				400.5,
				309.5,
				632
			],
			[
				398.5,
				313.5,
				649
			],
			[
				398,
				315.5,
				666
			],
			[
				397,
				319.5,
				682
			],
			[
				396,
				323,
				699
			],
			[
				395,
				324.5,
				715
			],
			[
				394,
				328.5,
				731
			],
			[
				393,
				330.5,
				748
			],
			[
				391.5,
				335,
				765
			],
			[
				390,
				336.5,
				779
			]
		]
	},
	"second": {
		"dev_index": "3",
		"dev_info": "etc",
		"width": 412,
		"height": 761,
		"timestamp": 1565831540333,
		"lines": [
			[
				333.1429138183594,
				426.5714340209961,
				0
			],
			[
				332.8571472167969,
				426.8572006225586,
				20
			],
			[
				330.5714416503906,
				427.71434783935547,
				43
			],
			[
				327.71429443359375,
				428.5714340209961,
				58
			],
			[
				324.8571472167969,
				431.42858123779297,
				77
			],
			[
				321.4285888671875,
				434.8572006225586,
				92
			],
			[
				316.8571472167969,
				438.0000534057617,
				111
			],
			[
				310.8571472167969,
				440.8572006225586,
				125
			],
			[
				304.5714416503906,
				444.0000534057617,
				143
			],
			[
				298.2857666015625,
				446.5714340209961,
				159
			],
			[
				292.2857360839844,
				448.8572006225586,
				175
			],
			[
				275.1429138183594,
				454.0000534057617,
				228
			],
			[
				262.2857360839844,
				458.85713958740234,
				261
			],
			[
				248.85714721679688,
				465.1429672241211,
				294
			],
			[
				235.14288330078125,
				470.85713958740234,
				327
			],
			[
				224.00003051757812,
				476.28572845458984,
				361
			],
			[
				212.2857208251953,
				481.71431732177734,
				396
			],
			[
				198.5714569091797,
				491.1429672241211,
				428
			],
			[
				181.71429443359375,
				500.5714340209961,
				460
			],
			[
				166.2857208251953,
				506.28572845458984,
				494
			],
			[
				153.71429443359375,
				512.2857284545898,
				528
			],
			[
				142.5714569091797,
				518.0000839233398,
				562
			],
			[
				135.71429443359375,
				522.8571395874023,
				595
			],
			[
				128.85714721679688,
				526.0000839233398,
				628
			],
			[
				122.28572845458984,
				529.4286117553711,
				661
			],
			[
				116.28572845458984,
				533.1429672241211,
				696
			],
			[
				110.28572845458984,
				536.2857284545898,
				728
			],
			[
				103.71428680419922,
				539.7143173217773,
				762
			],
			[
				96.85714721679688,
				543.4286727905273,
				797
			],
			[
				92.57144165039062,
				545.7143173217773,
				829
			],
			[
				88.00001525878906,
				547.1429672241211,
				862
			]
		]
	}
}