{
	"env": 4000,
	"subject": "4000",
	"line_num": 0,
	"first": {
		"dev_index": "1",
		"dev_info": "etc",
		"width": 483,
		"height": 368.1345029239766,
		"timestamp": 1565831543086,
		"lines": [
			[
				132,
				191,
				0
			],
			[
				131.5,
				190,
				15
			],
			[
				134.5,
				190,
				31
			],
			[
				138,
				189,
				49
			],
			[
				141,
				189,
				65
			],
			[
				148.5,
				187,
				81
			],
			[
				157,
				186,
				98
			],
			[
				161,
				185.5,
				114
			],
			[
				169,
				184,
				131
			],
			[
				176.5,
				183,
				148
			],
			[
				180.5,
				182.5,
				164
			],
			[
				188,
				181.5,
				182
			],
			[
				196,
				180.5,
				199
			],
			[
				203.5,
				179,
				215
			],
			[
				207,
				178.5,
				232
			],
			[
				214,
				177,
				248
			],
			[
				217,
				177,
				265
			],
			[
				224,
				176,
				282
			],
			[
				230.5,
				174,
				298
			],
			[
				234,
				173.5,
				315
			],
			[
				241.5,
				172.5,
				333
			],
			[
				249.5,
				171.5,
				348
			],
			[
				254,
				171,
				365
			],
			[
				263.5,
				169.5,
				383
			],
			[
				272.5,
				168.5,
				399
			],
			[
				281.5,
				166.5,
				414
			],
			[
				286,
				166,
				433
			],
			[
				293.5,
				164,
				450
			],
			[
				297,
				163,
				466
			],
			[
				304.5,
				161,
				482
			],
			[
				312,
				159,
				499
			],
			[
				319.5,
				157,
				515
			],
			[
				323.5,
				156,
				532
			],
			[
				331,
				154,
				549
			],
			[
				334,
				153.5,
				566
			],
			[
				340.5,
				152,
				582
			],
			[
				346.5,
				151.5,
				599
			],
			[
				352.5,
				151,
				615
			],
			[
				355,
				150.5,
				633
			],
			[
				360,
				150,
				648
			],
			[
				362.5,
				149.5,
				665
			],
			[
				367.5,
				149,
				683
			],
			[
				372.5,
				148,
				699
			],
			[
				377.5,
				148.5,
				715
			],
			[
				379.5,
				148.5,
				733
			],
			[
				383.5,
				148,
				749
			],
			[
				386,
				147,
				766
			]
		]
	},
	"second": {
		"dev_index": "2",
		"dev_info": "etc",
		"width": 483,
		"height": 552.5369649805448,
		"timestamp": 1565831545070,
		"lines": [
			[
				273,
				182,
				0
			],
			[
				280.5,
				180.5,
				16
			],
			[
				284,
				180,
				32
			],
			[
				288,
				179,
				48
			],
			[
				298,
				178.5,
				65
			],
			[
				307.5,
				177.5,
				81
			],
			[
				314.5,
				177,
				99
			],
			[
				318,
				176,
				114
			],
			[
				318.5,
				175.5,
				132
			],
			[
				319,
				175,
				150
			],
			[
				320.5,
				174,
				165
			],
			[
				325.5,
				172.5,
				181
			],
			[
				331.5,
				170.5,
				199
			],
			[
				338.5,
				169,
				216
			],
			[
				342.5,
				168,
				232
			],
			[
				351.5,
				166.5,
				249
			],
			[
				355.5,
				165.5,
				265
			],
			[
				364.5,
				163.5,
				282
			],
			[
				372,
				162,
				299
			],
			[
				379,
				159.5,
				316
			],
			[
				382,
				158,
				332
			],
			[
				389.5,
				156.5,
				349
			],
			[
				393,
				155.5,
				366
			],
			[
				398,
				154,
				383
			],
			[
				402,
				153.5,
				400
			],
			[
				404,
				153,
				416
			],
			[
				405.5,
				152.5,
				433
			],
			[
				407.5,
				152,
				450
			],
			[
				408.5,
				151.5,
				465
			],
			[
				411.5,
				151.5,
				483
			],
			[
				415,
				151,
				500
			],
			[
				418.5,
				150.5,
				516
			],
			[
				420.5,
				151,
				532
			],
			[
				424.5,
				150.5,
				550
			],
			[
				426,
				150.5,
				565
			],
			[
				428,
				150,
				582
			],
			[
				428.5,
				150,
				606
			],
			[
				429.5,
				149.5,
				616
			],
			[
				431.5,
				149.5,
				632
			],
			[
				435.5,
				149,
				648
			],
			[
				440,
				148.5,
				666
			],
			[
				442,
				148,
				682
			],
			[
				446,
				147,
				699
			],
			[
				450,
				145.5,
				716
			],
			[
				451.5,
				145,
				733
			],
			[
				456,
				144,
				750
			]
		]
	}
}