{
	"env": 4000,
	"subject": "4000",
	"line_num": 1,
	"first": {
		"dev_index": "2",
		"dev_info": "etc",
		"width": 483,
		"height": 552.5369649805448,
		"timestamp": 1565831546549,
		"lines": [
			[
				437,
				49,
				0
			],
			[
				435.5,
				54,
				37
			],
			[
				433,
				59,
				54
			],
			[
				431.5,
				62,
				71
			],
			[
				428.5,
				68,
				87
			],
			[
				427,
				71,
				104
			],
			[
				424,
				77,
				122
			],
			[
				421,
				82.5,
				137
			],
			[
				418.5,
				87,
				153
			],
			[
				417.5,
				89.5,
				171
			],
			[
				415.5,
				94,
				187
			],
			[
				414.5,
				96.5,
				203
			],
			[
				412,
				102.5,
				221
			],
			[
				409,
				108,
				238
			],
			[
				405.5,
				113,
				253
			],
			[
				404,
				115.5,
				271
			],
			[
				401.5,
				120,
				288
			],
			[
				400,
				122.5,
				304
			],
			[
				397.5,
				128,
				321
			],
			[
				395,
				133,
				337
			],
			[
				392,
				139.5,
				355
			],
			[
				390.5,
				143,
				370
			],
			[
				389,
				146,
				387
			],
			[
				386,
				151.5,
				405
			],
			[
				382,
				157,
				422
			],
			[
				378,
				163,
				438
			],
			[
				374.5,
				168.5,
				454
			],
			[
				373,
				171.5,
				472
			],
			[
				369.5,
				177.5,
				488
			],
			[
				367.5,
				180.5,
				504
			],
			[
				364,
				186,
				522
			],
			[
				360.5,
				191,
				538
			],
			[
				358.5,
				193,
				554
			],
			[
				355.5,
				196.5,
				570
			],
			[
				353,
				199.5,
				587
			],
			[
				352,
				201,
				603
			],
			[
				350.5,
				204.5,
				621
			],
			[
				349,
				207.5,
				638
			],
			[
				348,
				210,
				655
			],
			[
				347.5,
				211,
				671
			],
			[
				345.5,
				213.5,
				688
			],
			[
				344.5,
				214.5,
				705
			],
			[
				343,
				217,
				722
			],
			[
				341,
				220,
				738
			],
			[
				338.5,
				223.5,
				754
			],
			[
				337,
				226,
				772
			],
			[
				333.5,
				230,
				788
			],
			[
				332,
				232,
				804
			],
			[
				329.5,
				235.5,
				821
			],
			[
				327,
				238,
				838
			],
			[
				325,
				239.5,
				854
			]
		]
	},
	"second": {
		"dev_index": "3",
		"dev_info": "etc",
		"width": 412,
		"height": 761,
		"timestamp": 1565831547747,
		"lines": [
			[
				308.5714416503906,
				266.5714340209961,
				0
			],
			[
				306.5714416503906,
				266.5714340209961,
				23
			],
			[
				304,
				266.85713958740234,
				38
			],
			[
				301.1429138183594,
				267.7142868041992,
				55
			],
			[
				297.4285888671875,
				269.42858123779297,
				72
			],
			[
				292.8571472167969,
				271.42858123779297,
				88
			],
			[
				287.1429138183594,
				273.7142868041992,
				104
			],
			[
				281.4285888671875,
				276.0000534057617,
				122
			],
			[
				276.2857360839844,
				278.0000534057617,
				138
			],
			[
				270.57147216796875,
				279.7142868041992,
				155
			],
			[
				264.57147216796875,
				281.14290618896484,
				171
			],
			[
				258.8571472167969,
				282.85713958740234,
				188
			],
			[
				247.14288330078125,
				287.42858123779297,
				240
			],
			[
				238.2857208251953,
				291.14290618896484,
				272
			],
			[
				230.00003051757812,
				295.7142868041992,
				305
			],
			[
				220.2857208251953,
				300.0000534057617,
				339
			],
			[
				209.71429443359375,
				304.5714340209961,
				374
			],
			[
				199.42857360839844,
				308.8572006225586,
				407
			],
			[
				189.42857360839844,
				311.7142868041992,
				439
			],
			[
				187.71429443359375,
				312.5714340209961,
				473
			],
			[
				173.42857360839844,
				319.14290618896484,
				507
			],
			[
				162.5714569091797,
				325.42858123779297,
				541
			],
			[
				152.85714721679688,
				330.8572006225586,
				574
			],
			[
				142.85714721679688,
				335.7142868041992,
				606
			],
			[
				134.28573608398438,
				340.0000534057617,
				642
			],
			[
				123.71430206298828,
				344.5714340209961,
				674
			],
			[
				113.71430206298828,
				349.42858123779297,
				708
			],
			[
				103.14286041259766,
				352.8572006225586,
				742
			],
			[
				95.14286041259766,
				356.5714340209961,
				774
			],
			[
				87.14286041259766,
				359.7142868041992,
				809
			],
			[
				79.71428680419922,
				361.42858123779297,
				843
			],
			[
				74.85714721679688,
				363.14290618896484,
				874
			],
			[
				71.14286804199219,
				364.8572006225586,
				909
			],
			[
				70,
				365.14290618896484,
				923
			]
		]
	}
}