{
	"env": 4000,
	"subject": "4000",
	"line_num": 1,
	"first": {
		"dev_index": "2",
		"dev_info": "etc",
		"width": 483,
		"height": 552.5369649805448,
		"timestamp": 1565831606603,
		"lines": [
			[
				461,
				132,
				0
			],
			[
				459,
				136.5,
				58
			],
			[
				457,
				139.5,
				76
			],
			[
				452,
				146.5,
				93
			],
			[
				449,
				149.5,
				110
			],
			[
				442.5,
				156,
				124
			],
			[
				437,
				162,
				142
			],
			[
				433,
				167,
				160
			],
			[
				432,
				168.5,
				175
			],
			[
				430,
				171.5,
				192
			],
			[
				430,
				172,
				208
			],
			[
				428.5,
				173,
				225
			],
			[
				427.5,
				175,
				242
			],
			[
				425.5,
				177,
				258
			],
			[
				424,
				178.5,
				276
			],
			[
				421.5,
				182,
				292
			],
			[
				420,
				184,
				309
			],
			[
				417.5,
				187.5,
				325
			],
			[
				415,
				190,
				342
			],
			[
				413,
				193,
				358
			],
			[
				411.5,
				194.5,
				376
			],
			[
				408.5,
				198,
				393
			],
			[
				406.5,
				199.5,
				409
			],
			[
				403.5,
				203,
				425
			],
			[
				399.5,
				207.5,
				443
			],
			[
				396,
				211,
				459
			],
			[
				394.5,
				212.5,
				476
			],
			[
				392,
				215.5,
				492
			],
			[
				390.5,
				217,
				509
			],
			[
				390,
				218,
				526
			],
			[
				389,
				219.5,
				541
			],
			[
				388.5,
				220.5,
				559
			],
			[
				388,
				221,
				576
			],
			[
				386,
				223,
				592
			],
			[
				384,
				226,
				609
			],
			[
				383,
				227.5,
				625
			],
			[
				380.5,
				231,
				643
			],
			[
				378,
				234.5,
				659
			],
			[
				376.5,
				236,
				676
			],
			[
				373,
				238.5,
				692
			],
			[
				371.5,
				240.5,
				709
			],
			[
				368.5,
				243.5,
				725
			],
			[
				366,
				245,
				742
			],
			[
				364.5,
				246,
				759
			],
			[
				361.5,
				248,
				776
			],
			[
				360.5,
				249,
				792
			]
		]
	},
	"second": {
		"dev_index": "3",
		"dev_info": "etc",
		"width": 412,
		"height": 761,
		"timestamp": 1565831607826,
		"lines": [
			[
				317.4285888671875,
				282.0000534057617,
				0
			],
			[
				317.4285888671875,
				282.0000534057617,
				10
			],
			[
				317.1429138183594,
				282.0000534057617,
				27
			],
			[
				315.4285888671875,
				282.0000534057617,
				40
			],
			[
				314,
				282.0000534057617,
				54
			],
			[
				306.8571472167969,
				282.0000534057617,
				71
			],
			[
				300.8571472167969,
				282.28572845458984,
				87
			],
			[
				294,
				282.28572845458984,
				104
			],
			[
				287.1429138183594,
				282.5714340209961,
				120
			],
			[
				281.4285888671875,
				282.5714340209961,
				137
			],
			[
				276.8571472167969,
				282.5714340209961,
				154
			],
			[
				273.71429443359375,
				282.85713958740234,
				171
			],
			[
				270.8571472167969,
				282.85713958740234,
				188
			],
			[
				259.1429138183594,
				283.14290618896484,
				240
			],
			[
				251.71429443359375,
				283.14290618896484,
				270
			],
			[
				245.14288330078125,
				283.42858123779297,
				307
			],
			[
				236.5714569091797,
				283.7142868041992,
				338
			],
			[
				227.14288330078125,
				284.85713958740234,
				373
			],
			[
				214.85714721679688,
				286.5714340209961,
				407
			],
			[
				201.14288330078125,
				287.7142868041992,
				438
			],
			[
				186.5714569091797,
				288.5714340209961,
				473
			],
			[
				174.85714721679688,
				288.5714340209961,
				506
			],
			[
				164,
				288.5714340209961,
				539
			],
			[
				155.42857360839844,
				288.5714340209961,
				573
			],
			[
				148.85714721679688,
				288.5714340209961,
				605
			],
			[
				142.85714721679688,
				288.5714340209961,
				638
			],
			[
				138,
				288.5714340209961,
				673
			],
			[
				132.5714569091797,
				288.5714340209961,
				705
			],
			[
				125.42857360839844,
				288.5714340209961,
				739
			],
			[
				119.14286041259766,
				288.5714340209961,
				773
			],
			[
				114.00001525878906,
				288.5714340209961,
				806
			],
			[
				108.57144165039062,
				288.5714340209961,
				839
			]
		]
	}
}