{
	"env": 5000,
	"subject": "5000",
	"line_num": 0,
	"first": {
		"dev_index": "1",
		"dev_info": "etc",
		"width": 483,
		"height": 368.1345029239766,
		"timestamp": 1565831662579,
		"lines": [
			[
				92,
				80,
				0
			],
			[
				94,
				82.5,
				3
			],
			[
				96.5,
				82.5,
				25
			],
			[
				98.5,
				83,
				36
			],
			[
				102.5,
				84,
				55
			],
			[
				106.5,
				84.5,
				70
			],
			[
				109,
				84.5,
				86
			],
			[
				113,
				85,
				104
			],
			[
				115,
				85,
				121
			],
			[
				119,
				85.5,
				138
			],
			[
				123,
				86.5,
				153
			],
			[
				127,
				87,
				170
			],
			[
				129,
				87.5,
				188
			],
			[
				133,
				87,
				203
			],
			[
				135,
				87,
				220
			],
			[
				139,
				87.5,
				237
			],
			[
				143.5,
				88,
				255
			],
			[
				148.5,
				88.5,
				271
			],
			[
				152,
				88.5,
				288
			],
			[
				157.5,
				89.5,
				305
			],
			[
				160,
				89.5,
				320
			],
			[
				165.5,
				89.5,
				337
			],
			[
				170.5,
				90,
				355
			],
			[
				176,
				91,
				372
			],
			[
				179,
				91.5,
				387
			],
			[
				185,
				92.5,
				405
			],
			[
				192,
				93.5,
				421
			],
			[
				195.5,
				94,
				436
			],
			[
				202,
				94.5,
				453
			],
			[
				208,
				95.5,
				470
			],
			[
				211,
				95.5,
				488
			],
			[
				217,
				96,
				503
			],
			[
				220,
				96.5,
				520
			],
			[
				226,
				97.5,
				537
			],
			[
				231.5,
				98,
				555
			],
			[
				237.5,
				98.5,
				570
			],
			[
				240.5,
				99,
				587
			],
			[
				245.5,
				99.5,
				605
			],
			[
				248,
				100,
				620
			],
			[
				252.5,
				101,
				637
			],
			[
				257,
				101.5,
				655
			],
			[
				262.5,
				102,
				672
			],
			[
				265,
				102,
				687
			],
			[
				271,
				102.5,
				704
			],
			[
				274,
				102.5,
				721
			],
			[
				280,
				102.5,
				737
			],
			[
				285.5,
				102.5,
				754
			],
			[
				291,
				103,
				770
			],
			[
				293.5,
				103.5,
				789
			],
			[
				299.5,
				104.5,
				803
			],
			[
				306.5,
				105,
				821
			],
			[
				309.5,
				105.5,
				837
			],
			[
				317,
				106.5,
				854
			],
			[
				325.5,
				106.5,
				871
			]
		]
	},
	"second": {
		"dev_index": "2",
		"dev_info": "etc",
		"width": 483,
		"height": 552.5369649805448,
		"timestamp": 1565831663987,
		"lines": [
			[
				142,
				132,
				0
			],
			[
				151,
				133,
				18
			],
			[
				154.5,
				134,
				30
			],
			[
				162.5,
				136.5,
				48
			],
			[
				172,
				139.5,
				63
			],
			[
				181.5,
				142,
				81
			],
			[
				187,
				143.5,
				97
			],
			[
				197,
				145,
				113
			],
			[
				202.5,
				146,
				131
			],
			[
				212.5,
				147.5,
				148
			],
			[
				222,
				148.5,
				164
			],
			[
				226.5,
				149.5,
				180
			],
			[
				235.5,
				151.5,
				197
			],
			[
				244,
				153,
				214
			],
			[
				248,
				154,
				232
			],
			[
				255.5,
				156,
				248
			],
			[
				263,
				158.5,
				264
			],
			[
				270,
				159.5,
				280
			],
			[
				273.5,
				160,
				296
			],
			[
				281,
				161.5,
				314
			],
			[
				285,
				161.5,
				332
			],
			[
				292,
				162.5,
				348
			],
			[
				300,
				163,
				363
			],
			[
				307,
				163.5,
				381
			],
			[
				311,
				164,
				397
			],
			[
				318.5,
				164.5,
				413
			],
			[
				322.5,
				164.5,
				430
			],
			[
				330,
				165,
				447
			],
			[
				337.5,
				166,
				465
			],
			[
				345,
				166.5,
				481
			],
			[
				348,
				167,
				497
			],
			[
				354,
				168,
				514
			],
			[
				357,
				168.5,
				532
			],
			[
				363.5,
				169.5,
				547
			],
			[
				370,
				170,
				565
			],
			[
				375.5,
				170.5,
				582
			],
			[
				377.5,
				171.5,
				597
			],
			[
				379,
				172,
				613
			]
		]
	}
}