{
	"env": 5000,
	"subject": "5000",
	"line_num": 1,
	"first": {
		"dev_index": "2",
		"dev_info": "etc",
		"width": 483,
		"height": 552.5369649805448,
		"timestamp": 1565831664982,
		"lines": [
			[
				421.5,
				83.5,
				0
			],
			[
				419.5,
				87,
				57
			],
			[
				417.5,
				90,
				69
			],
			[
				413.5,
				97,
				85
			],
			[
				410.5,
				100.5,
				104
			],
			[
				404.5,
				108.5,
				121
			],
			[
				401.5,
				112,
				136
			],
			[
				395.5,
				120,
				153
			],
			[
				390,
				126.5,
				170
			],
			[
				385,
				133.5,
				187
			],
			[
				382.5,
				137.5,
				202
			],
			[
				377,
				145,
				220
			],
			[
				374,
				148.5,
				236
			],
			[
				368.5,
				157,
				252
			],
			[
				362.5,
				165,
				270
			],
			[
				356.5,
				172,
				287
			],
			[
				353.5,
				175.5,
				304
			],
			[
				348,
				183.5,
				319
			],
			[
				345.5,
				187,
				336
			],
			[
				340.5,
				193,
				354
			],
			[
				335.5,
				199.5,
				371
			],
			[
				330.5,
				205.5,
				386
			],
			[
				328,
				208.5,
				403
			],
			[
				323.5,
				214,
				421
			],
			[
				321.5,
				217,
				437
			],
			[
				317.5,
				223,
				453
			],
			[
				313.5,
				228.5,
				469
			],
			[
				310.5,
				233.5,
				488
			],
			[
				309,
				235.5,
				502
			],
			[
				305,
				241.5,
				520
			],
			[
				303.5,
				245,
				536
			],
			[
				300.5,
				251.5,
				552
			],
			[
				296.5,
				257.5,
				569
			],
			[
				293.5,
				264.5,
				586
			],
			[
				288.5,
				272.5,
				604
			],
			[
				286,
				275.5,
				619
			],
			[
				283.5,
				279.5,
				636
			],
			[
				279,
				287,
				654
			],
			[
				274.5,
				294,
				671
			],
			[
				270.5,
				299.5,
				687
			],
			[
				266,
				305,
				704
			],
			[
				264,
				307.5,
				721
			],
			[
				261.5,
				310.5,
				736
			],
			[
				257.5,
				316,
				753
			],
			[
				254.5,
				319,
				770
			]
		]
	},
	"second": {
		"dev_index": "3",
		"dev_info": "etc",
		"width": 412,
		"height": 761,
		"timestamp": 1565831665974,
		"lines": [
			[
				349.1429138183594,
				270.85713958740234,
				0
			],
			[
				349.4285888671875,
				274.5714340209961,
				12
			],
			[
				348.8571472167969,
				278.0000534057617,
				33
			],
			[
				344.5714416503906,
				283.14290618896484,
				55
			],
			[
				340.5714416503906,
				287.42858123779297,
				71
			],
			[
				336.8571472167969,
				292.8572006225586,
				88
			],
			[
				332.5714416503906,
				299.7142868041992,
				104
			],
			[
				327.71429443359375,
				308.28572845458984,
				121
			],
			[
				322.5714416503906,
				317.42858123779297,
				138
			],
			[
				317.71429443359375,
				326.28572845458984,
				154
			],
			[
				312.2857666015625,
				334.5714340209961,
				170
			],
			[
				307.4285888671875,
				342.0000534057617,
				188
			],
			[
				294.5714416503906,
				364.0000534057617,
				238
			],
			[
				282.57147216796875,
				382.0000534057617,
				271
			],
			[
				272,
				400.28572845458984,
				305
			],
			[
				260.2857360839844,
				416.5714340209961,
				338
			],
			[
				249.71429443359375,
				431.42858123779297,
				371
			],
			[
				237.42860412597656,
				449.42858123779297,
				409
			],
			[
				227.14288330078125,
				466.28572845458984,
				438
			],
			[
				217.71429443359375,
				478.85713958740234,
				472
			],
			[
				209.14288330078125,
				487.71431732177734,
				508
			],
			[
				203.14288330078125,
				496.5714340209961,
				539
			],
			[
				196.85714721679688,
				505.1429672241211,
				572
			],
			[
				190.2857208251953,
				512.8571395874023,
				605
			],
			[
				184.00003051757812,
				523.4286117553711,
				640
			],
			[
				175.71429443359375,
				535.7143173217773,
				673
			],
			[
				172.85714721679688,
				538.8571395874023,
				687
			]
		]
	}
}