{
	"env": 5000,
	"subject": "5000",
	"line_num": 0,
	"first": {
		"dev_index": "1",
		"dev_info": "etc",
		"width": 483,
		"height": 368.1345029239766,
		"timestamp": 1565831669201,
		"lines": [
			[
				50.5,
				81.5,
				0
			],
			[
				52.5,
				79.5,
				2
			],
			[
				55,
				80.5,
				19
			],
			[
				62,
				80,
				36
			],
			[
				70.5,
				79,
				54
			],
			[
				75,
				79,
				70
			],
			[
				84.5,
				78.5,
				87
			],
			[
				89,
				78.5,
				103
			],
			[
				97,
				78.5,
				121
			],
			[
				105.5,
				79.5,
				136
			],
			[
				113,
				79.5,
				154
			],
			[
				116,
				79.5,
				170
			],
			[
				122.5,
				79.5,
				187
			],
			[
				125.5,
				80,
				202
			],
			[
				132,
				80,
				220
			],
			[
				138.5,
				80,
				238
			],
			[
				144.5,
				80.5,
				252
			],
			[
				147.5,
				80.5,
				271
			],
			[
				153.5,
				81,
				287
			],
			[
				156.5,
				81,
				302
			],
			[
				162,
				81,
				319
			],
			[
				167.5,
				81,
				337
			],
			[
				173.5,
				81,
				353
			],
			[
				176.5,
				80.5,
				369
			],
			[
				182,
				81,
				387
			],
			[
				185.5,
				81,
				403
			],
			[
				192.5,
				80.5,
				419
			],
			[
				200.5,
				80.5,
				436
			],
			[
				207.5,
				80,
				453
			],
			[
				211,
				80,
				471
			],
			[
				218,
				79.5,
				486
			],
			[
				221.5,
				79.5,
				504
			],
			[
				228,
				79,
				521
			],
			[
				234.5,
				79,
				538
			],
			[
				242,
				79,
				553
			],
			[
				245.5,
				78.5,
				570
			],
			[
				252.5,
				78.5,
				588
			],
			[
				256,
				78.5,
				603
			],
			[
				262,
				78.5,
				621
			],
			[
				266.5,
				78.5,
				636
			],
			[
				270.5,
				78.5,
				653
			],
			[
				273,
				78.5,
				670
			],
			[
				278,
				79,
				687
			],
			[
				283.5,
				79,
				704
			],
			[
				286,
				79,
				721
			],
			[
				291,
				79,
				736
			],
			[
				296.5,
				79,
				754
			],
			[
				304.5,
				79,
				771
			]
		]
	},
	"second": {
		"dev_index": "2",
		"dev_info": "etc",
		"width": 483,
		"height": 552.5369649805448,
		"timestamp": 1565831670531,
		"lines": [
			[
				152.5,
				90.5,
				0
			],
			[
				154.5,
				90.5,
				7
			],
			[
				160,
				90,
				24
			],
			[
				163.5,
				90,
				41
			],
			[
				172.5,
				90.5,
				59
			],
			[
				182,
				91.5,
				74
			],
			[
				187.5,
				92,
				92
			],
			[
				197.5,
				93,
				109
			],
			[
				207,
				94,
				124
			],
			[
				216.5,
				94.5,
				142
			],
			[
				221,
				95,
				158
			],
			[
				229.5,
				95,
				175
			],
			[
				234.5,
				95.5,
				190
			],
			[
				243.5,
				96,
				208
			],
			[
				252.5,
				96,
				225
			],
			[
				257,
				96.5,
				240
			],
			[
				265.5,
				97,
				257
			],
			[
				272.5,
				97.5,
				274
			],
			[
				276,
				98,
				292
			],
			[
				282.5,
				98.5,
				308
			],
			[
				288.5,
				99,
				324
			],
			[
				294.5,
				99.5,
				342
			],
			[
				298,
				99.5,
				357
			],
			[
				301,
				100,
				374
			],
			[
				307,
				100,
				392
			],
			[
				314,
				100.5,
				409
			],
			[
				321,
				100.5,
				424
			],
			[
				327.5,
				100.5,
				442
			],
			[
				331,
				100.5,
				459
			],
			[
				339.5,
				100,
				474
			],
			[
				343.5,
				100,
				490
			],
			[
				352,
				100,
				509
			],
			[
				359,
				100.5,
				524
			],
			[
				365.5,
				101,
				540
			],
			[
				368,
				100.5,
				559
			],
			[
				372.5,
				100.5,
				575
			],
			[
				375,
				100,
				592
			],
			[
				380,
				100,
				608
			],
			[
				386.5,
				100,
				624
			],
			[
				392.5,
				100,
				641
			],
			[
				396,
				100,
				657
			],
			[
				399,
				100.5,
				674
			]
		]
	}
}