{
	"env": 5000,
	"subject": "5000",
	"line_num": 1,
	"first": {
		"dev_index": "2",
		"dev_info": "etc",
		"width": 483,
		"height": 552.5369649805448,
		"timestamp": 1565831671737,
		"lines": [
			[
				431.5,
				230,
				0
			],
			[
				428.5,
				232,
				47
			],
			[
				426,
				234,
				54
			],
			[
				423,
				237.5,
				68
			],
			[
				419,
				241.5,
				86
			],
			[
				410,
				249,
				102
			],
			[
				399.5,
				256.5,
				118
			],
			[
				390,
				264.5,
				135
			],
			[
				385,
				268.5,
				152
			],
			[
				376,
				275,
				169
			],
			[
				371.5,
				277.5,
				185
			],
			[
				362.5,
				282.5,
				202
			],
			[
				354,
				288,
				220
			],
			[
				346,
				293.5,
				235
			],
			[
				341.5,
				295.5,
				252
			],
			[
				333,
				300,
				270
			],
			[
				324.5,
				305,
				287
			],
			[
				320.5,
				308,
				303
			],
			[
				312.5,
				312,
				320
			],
			[
				304.5,
				316,
				336
			],
			[
				300.5,
				318.5,
				352
			],
			[
				292.5,
				323,
				369
			],
			[
				285.5,
				326,
				387
			],
			[
				282,
				328,
				403
			],
			[
				277,
				331,
				420
			],
			[
				272.5,
				333.5,
				437
			],
			[
				270,
				334.5,
				453
			],
			[
				266,
				337,
				470
			],
			[
				261,
				339.5,
				486
			],
			[
				258.5,
				340.5,
				504
			],
			[
				254,
				343,
				520
			],
			[
				250,
				346,
				535
			],
			[
				248,
				347,
				553
			],
			[
				244,
				349.5,
				570
			],
			[
				239.5,
				352.5,
				586
			],
			[
				237.5,
				353.5,
				603
			],
			[
				232,
				356.5,
				620
			],
			[
				226.5,
				359.5,
				636
			]
		]
	},
	"second": {
		"dev_index": "3",
		"dev_info": "etc",
		"width": 412,
		"height": 761,
		"timestamp": 1565831672573,
		"lines": [
			[
				319.4285888671875,
				204.28572845458984,
				0
			],
			[
				308.8571472167969,
				207.4286117553711,
				30
			],
			[
				287.71429443359375,
				218.00005340576172,
				66
			],
			[
				270.2857360839844,
				229.71428680419922,
				96
			],
			[
				251.71429443359375,
				242.5714340209961,
				130
			],
			[
				232.2857208251953,
				255.42858123779297,
				164
			],
			[
				214.5714569091797,
				268.5714340209961,
				196
			],
			[
				198.2857208251953,
				279.7142868041992,
				230
			],
			[
				184.85714721679688,
				289.14290618896484,
				263
			],
			[
				171.71429443359375,
				300.28572845458984,
				298
			],
			[
				157.42857360839844,
				311.42858123779297,
				330
			],
			[
				142.5714569091797,
				321.42858123779297,
				365
			],
			[
				129.42857360839844,
				329.7142868041992,
				398
			],
			[
				116.57144165039062,
				337.7142868041992,
				433
			],
			[
				104.00001525878906,
				344.5714340209961,
				465
			],
			[
				95.14286041259766,
				348.8572006225586,
				498
			],
			[
				91.14286041259766,
				350.8572006225586,
				534
			],
			[
				89.71428680419922,
				351.7142868041992,
				546
			]
		]
	}
}