{
	"env": 5000,
	"subject": "5000",
	"line_num": 0,
	"first": {
		"dev_index": "1",
		"dev_info": "etc",
		"width": 483,
		"height": 368.1345029239766,
		"timestamp": 1565831679601,
		"lines": [
			[
				61,
				139.5,
				0
			],
			[
				60,
				139,
				1
			],
			[
				62,
				139,
				26
			],
			[
				66.5,
				139.5,
				43
			],
			[
				73,
				140,
				60
			],
			[
				77,
				140.5,
				76
			],
			[
				85.5,
				141.5,
				93
			],
			[
				93.5,
				142.5,
				111
			],
			[
				97.5,
				143,
				127
			],
			[
				108,
				144,
				143
			],
			[
				119,
				143.5,
				160
			],
			[
				130,
				142.5,
				177
			],
			[
				135.5,
				142,
				193
			],
			[
				144.5,
				142,
				210
			],
			[
				149,
				141.5,
				227
			],
			[
				157,
				141.5,
				243
			],
			[
				164,
				142,
				261
			],
			[
				170,
				142.5,
				278
			],
			[
				173,
				142.5,
				294
			],
			[
				179,
				143.5,
				310
			],
			[
				182,
				143.5,
				328
			],
			[
				189.5,
				142.5,
				345
			],
			[
				197.5,
				143,
				360
			],
			[
				204.5,
				143,
				376
			],
			[
				208,
				143,
				393
			],
			[
				214,
				142.5,
				411
			],
			[
				217,
				142.5,
				426
			],
			[
				223.5,
				142,
				443
			],
			[
				230,
				142,
				460
			],
			[
				236.5,
				142,
				478
			],
			[
				239,
				142,
				494
			],
			[
				244.5,
				142,
				511
			],
			[
				247,
				142,
				527
			],
			[
				252.5,
				142,
				543
			],
			[
				259,
				141.5,
				561
			],
			[
				265.5,
				141,
				578
			],
			[
				268.5,
				141,
				595
			],
			[
				274,
				140.5,
				610
			],
			[
				277,
				141,
				627
			],
			[
				282.5,
				141,
				644
			],
			[
				287.5,
				140.5,
				662
			],
			[
				292,
				141,
				678
			],
			[
				294.5,
				141,
				694
			],
			[
				300,
				141,
				711
			],
			[
				305,
				141.5,
				728
			],
			[
				307.5,
				141.5,
				744
			],
			[
				312,
				142,
				761
			],
			[
				316,
				142,
				777
			],
			[
				318.5,
				142,
				794
			],
			[
				323.5,
				142,
				811
			],
			[
				329,
				142,
				828
			],
			[
				331.5,
				142.5,
				843
			],
			[
				338,
				142,
				861
			]
		]
	},
	"second": {
		"dev_index": "2",
		"dev_info": "etc",
		"width": 483,
		"height": 552.5369649805448,
		"timestamp": 1565831681048,
		"lines": [
			[
				150,
				138.5,
				0
			],
			[
				155,
				140,
				18
			],
			[
				161,
				141,
				31
			],
			[
				165,
				142,
				47
			],
			[
				173,
				143.5,
				65
			],
			[
				181,
				145,
				80
			],
			[
				185,
				145,
				98
			],
			[
				193,
				145.5,
				115
			],
			[
				200.5,
				146,
				130
			],
			[
				207.5,
				146.5,
				147
			],
			[
				211.5,
				146,
				164
			],
			[
				218.5,
				146.5,
				182
			],
			[
				222,
				147,
				198
			],
			[
				230.5,
				147.5,
				215
			],
			[
				239,
				147.5,
				232
			],
			[
				247,
				147.5,
				248
			],
			[
				250.5,
				147.5,
				264
			],
			[
				256.5,
				147.5,
				281
			],
			[
				259,
				147.5,
				298
			],
			[
				264,
				147.5,
				315
			],
			[
				269.5,
				147.5,
				332
			],
			[
				274.5,
				148,
				348
			],
			[
				277,
				148.5,
				365
			],
			[
				283,
				149,
				381
			],
			[
				286,
				149.5,
				397
			],
			[
				293,
				150,
				416
			],
			[
				301.5,
				150,
				431
			],
			[
				309,
				150,
				447
			],
			[
				312.5,
				150,
				464
			],
			[
				320,
				150.5,
				482
			],
			[
				324,
				150.5,
				498
			],
			[
				332,
				150.5,
				514
			],
			[
				339,
				151,
				531
			],
			[
				346,
				151.5,
				547
			],
			[
				350,
				151.5,
				564
			],
			[
				357,
				152,
				582
			],
			[
				360.5,
				152.5,
				599
			],
			[
				367.5,
				153.5,
				615
			],
			[
				373.5,
				153.5,
				632
			],
			[
				380,
				154.5,
				648
			],
			[
				384,
				155,
				665
			],
			[
				392,
				156,
				682
			],
			[
				396,
				156.5,
				698
			],
			[
				404,
				156.5,
				716
			],
			[
				412.5,
				157,
				731
			],
			[
				420,
				157.5,
				748
			],
			[
				423,
				157,
				764
			],
			[
				429,
				157,
				783
			],
			[
				431,
				157.5,
				798
			],
			[
				432,
				157.5,
				815
			],
			[
				432.5,
				158.5,
				832
			],
			[
				433,
				159,
				848
			]
		]
	}
}