{
	"env": 5000,
	"subject": "5000",
	"line_num": 1,
	"first": {
		"dev_index": "2",
		"dev_info": "etc",
		"width": 483,
		"height": 552.5369649805448,
		"timestamp": 1565831682572,
		"lines": [
			[
				437.5,
				313,
				0
			],
			[
				435.5,
				313,
				42
			],
			[
				434,
				313.5,
				57
			],
			[
				427.5,
				317,
				74
			],
			[
				423,
				318.5,
				90
			],
			[
				413,
				324,
				107
			],
			[
				402.5,
				328.5,
				124
			],
			[
				398,
				331,
				142
			],
			[
				390.5,
				334.5,
				158
			],
			[
				385,
				338,
				175
			],
			[
				382,
				339.5,
				192
			],
			[
				376,
				343,
				209
			],
			[
				369.5,
				347,
				224
			],
			[
				366.5,
				349,
				242
			],
			[
				360.5,
				353,
				259
			],
			[
				354.5,
				357,
				275
			],
			[
				351,
				359,
				292
			],
			[
				344.5,
				362,
				309
			],
			[
				338,
				365.5,
				325
			],
			[
				335,
				367.5,
				342
			],
			[
				329,
				370.5,
				358
			],
			[
				326,
				371.5,
				374
			],
			[
				321,
				374,
				391
			],
			[
				316,
				376,
				408
			],
			[
				310.5,
				377.5,
				425
			],
			[
				308,
				378,
				441
			],
			[
				303,
				379,
				457
			],
			[
				298,
				380.5,
				474
			],
			[
				295,
				381.5,
				491
			],
			[
				289,
				383.5,
				509
			],
			[
				283,
				386.5,
				525
			],
			[
				280.5,
				388,
				541
			]
		]
	},
	"second": {
		"dev_index": "3",
		"dev_info": "etc",
		"width": 412,
		"height": 761,
		"timestamp": 1565831683338,
		"lines": [
			[
				353.1429138183594,
				264.85713958740234,
				0
			],
			[
				349.4285888671875,
				264.85713958740234,
				15
			],
			[
				343.4285888671875,
				265.14290618896484,
				33
			],
			[
				335.71429443359375,
				265.7142868041992,
				46
			],
			[
				332.2857666015625,
				266.0000534057617,
				62
			],
			[
				324.5714416503906,
				267.14290618896484,
				78
			],
			[
				321.4285888671875,
				269.42858123779297,
				94
			],
			[
				318.8571472167969,
				271.7142868041992,
				111
			],
			[
				315.4285888671875,
				274.0000534057617,
				128
			],
			[
				311.4285888671875,
				276.85713958740234,
				145
			],
			[
				306.5714416503906,
				280.0000534057617,
				162
			],
			[
				301.71429443359375,
				282.85713958740234,
				180
			],
			[
				288.2857360839844,
				290.0000534057617,
				231
			],
			[
				278.2857360839844,
				294.5714340209961,
				263
			],
			[
				268,
				298.8572006225586,
				297
			],
			[
				257.71429443359375,
				304.5714340209961,
				331
			],
			[
				247.71429443359375,
				310.5714340209961,
				364
			],
			[
				236.85714721679688,
				317.14290618896484,
				397
			],
			[
				225.42860412597656,
				324.28572845458984,
				430
			],
			[
				210.5714569091797,
				333.42858123779297,
				463
			],
			[
				192.2857208251953,
				343.7142868041992,
				498
			],
			[
				172.2857208251953,
				352.0000534057617,
				530
			],
			[
				158,
				356.28572845458984,
				562
			],
			[
				144.28573608398438,
				361.42858123779297,
				597
			],
			[
				130.85714721679688,
				366.28572845458984,
				631
			],
			[
				118.00001525878906,
				372.28572845458984,
				663
			],
			[
				104.00001525878906,
				379.7142868041992,
				698
			],
			[
				90.00001525878906,
				386.28572845458984,
				731
			],
			[
				80,
				389.42858123779297,
				763
			],
			[
				76,
				390.8572006225586,
				790
			]
		]
	}
}