{
	"env": 5000,
	"subject": "5000",
	"line_num": 0,
	"first": {
		"dev_index": "1",
		"dev_info": "etc",
		"width": 483,
		"height": 368.1345029239766,
		"timestamp": 1565831686289,
		"lines": [
			[
				162.5,
				40.5,
				0
			],
			[
				163,
				39.5,
				10
			],
			[
				167.5,
				39,
				26
			],
			[
				169.5,
				38.5,
				43
			],
			[
				174,
				38,
				59
			],
			[
				180,
				38,
				76
			],
			[
				186,
				38.5,
				94
			],
			[
				189,
				38.5,
				111
			],
			[
				195.5,
				39,
				126
			],
			[
				200.5,
				39.5,
				144
			],
			[
				203,
				39.5,
				161
			],
			[
				208,
				40,
				176
			],
			[
				213.5,
				40,
				194
			],
			[
				216,
				39.5,
				211
			],
			[
				222,
				39.5,
				228
			],
			[
				227,
				39,
				243
			],
			[
				230,
				39.5,
				260
			],
			[
				236.5,
				40,
				278
			],
			[
				239.5,
				39.5,
				294
			],
			[
				245.5,
				39.5,
				311
			],
			[
				250.5,
				40,
				327
			],
			[
				255.5,
				41,
				345
			],
			[
				258.5,
				41,
				360
			],
			[
				264,
				41.5,
				376
			],
			[
				270.5,
				41.5,
				394
			],
			[
				273.5,
				41.5,
				411
			],
			[
				280.5,
				42,
				426
			],
			[
				286.5,
				42,
				443
			],
			[
				289.5,
				42,
				460
			],
			[
				296,
				42,
				477
			],
			[
				299,
				42.5,
				493
			],
			[
				305.5,
				42,
				511
			],
			[
				312,
				42,
				528
			],
			[
				319,
				43,
				544
			],
			[
				325.5,
				43.5,
				561
			],
			[
				328.5,
				44,
				577
			],
			[
				334.5,
				44.5,
				594
			],
			[
				337,
				44.5,
				610
			],
			[
				342.5,
				45,
				628
			],
			[
				347,
				46,
				644
			],
			[
				349.5,
				46,
				660
			],
			[
				354.5,
				46,
				678
			],
			[
				357,
				46,
				693
			],
			[
				362.5,
				46.5,
				711
			],
			[
				368,
				47,
				728
			],
			[
				373.5,
				47,
				744
			],
			[
				378.5,
				47.5,
				761
			],
			[
				381,
				47.5,
				776
			],
			[
				387,
				47.5,
				794
			]
		]
	},
	"second": {
		"dev_index": "2",
		"dev_info": "etc",
		"width": 483,
		"height": 552.5369649805448,
		"timestamp": 1565831687633,
		"lines": [
			[
				187,
				58,
				0
			],
			[
				195,
				57.5,
				2
			],
			[
				202.5,
				58.5,
				19
			],
			[
				207.5,
				59,
				33
			],
			[
				212.5,
				59.5,
				51
			],
			[
				223.5,
				60.5,
				67
			],
			[
				234.5,
				62,
				85
			],
			[
				245,
				63,
				100
			],
			[
				250.5,
				63,
				117
			],
			[
				260,
				63,
				135
			],
			[
				269,
				63.5,
				151
			],
			[
				273,
				64,
				166
			],
			[
				281,
				64.5,
				183
			],
			[
				288.5,
				65.5,
				200
			],
			[
				296.5,
				66.5,
				217
			],
			[
				300.5,
				67,
				233
			],
			[
				308.5,
				68,
				250
			],
			[
				312.5,
				68.5,
				268
			],
			[
				320.5,
				69.5,
				283
			],
			[
				327,
				70,
				301
			],
			[
				334,
				70.5,
				317
			],
			[
				337.5,
				70.5,
				334
			],
			[
				345,
				71,
				351
			],
			[
				348.5,
				71,
				368
			],
			[
				355,
				71,
				384
			],
			[
				362.5,
				71,
				401
			],
			[
				369.5,
				70.5,
				417
			],
			[
				373.5,
				70.5,
				435
			],
			[
				380.5,
				70.5,
				451
			],
			[
				384,
				70.5,
				468
			],
			[
				390,
				71.5,
				485
			],
			[
				395.5,
				72.5,
				502
			],
			[
				401,
				73.5,
				517
			],
			[
				403,
				74,
				535
			]
		]
	}
}