{
	"env": 5000,
	"subject": "5000",
	"line_num": 1,
	"first": {
		"dev_index": "2",
		"dev_info": "etc",
		"width": 483,
		"height": 552.5369649805448,
		"timestamp": 1565831688672,
		"lines": [
			[
				424,
				78.5,
				0
			],
			[
				420,
				81.5,
				45
			],
			[
				415.5,
				87.5,
				62
			],
			[
				409,
				95.5,
				78
			],
			[
				405.5,
				99.5,
				95
			],
			[
				398,
				107,
				113
			],
			[
				394,
				110.5,
				129
			],
			[
				387,
				119,
				146
			],
			[
				380,
				125.5,
				162
			],
			[
				373,
				132,
				180
			],
			[
				369.5,
				135.5,
				195
			],
			[
				362.5,
				142.5,
				213
			],
			[
				359.5,
				146,
				228
			],
			[
				353,
				151.5,
				246
			],
			[
				347.5,
				157,
				263
			],
			[
				342.5,
				162.5,
				279
			],
			[
				340.5,
				165,
				297
			],
			[
				335,
				170,
				312
			],
			[
				332.5,
				172,
				328
			],
			[
				327.5,
				176.5,
				345
			],
			[
				323,
				181,
				363
			],
			[
				319.5,
				185,
				378
			],
			[
				317.5,
				187,
				396
			],
			[
				313,
				191.5,
				413
			],
			[
				308.5,
				196.5,
				429
			],
			[
				306,
				199,
				446
			],
			[
				302,
				204.5,
				463
			],
			[
				298.5,
				208.5,
				480
			],
			[
				294.5,
				212.5,
				497
			],
			[
				292.5,
				214.5,
				513
			],
			[
				288.5,
				218.5,
				529
			],
			[
				286.5,
				221,
				547
			],
			[
				282.5,
				225.5,
				562
			],
			[
				278.5,
				229.5,
				579
			],
			[
				276.5,
				231.5,
				596
			],
			[
				272,
				235.5,
				613
			],
			[
				267,
				239,
				628
			],
			[
				264.5,
				241,
				646
			],
			[
				260.5,
				245,
				662
			],
			[
				257,
				249,
				680
			],
			[
				255.5,
				251,
				695
			],
			[
				251.5,
				255.5,
				712
			]
		]
	},
	"second": {
		"dev_index": "3",
		"dev_info": "etc",
		"width": 412,
		"height": 761,
		"timestamp": 1565831689677,
		"lines": [
			[
				348.8571472167969,
				143.42859649658203,
				0
			],
			[
				348.2857666015625,
				143.42859649658203,
				14
			],
			[
				344.00006103515625,
				147.14286041259766,
				49
			],
			[
				333.4285888671875,
				160.5714340209961,
				82
			],
			[
				316.2857666015625,
				181.42859649658203,
				115
			],
			[
				299.4285888671875,
				199.42859649658203,
				148
			],
			[
				288,
				212.28572845458984,
				184
			],
			[
				277.4285888671875,
				224.5714340209961,
				216
			],
			[
				266,
				239.42858123779297,
				248
			],
			[
				252.5714569091797,
				258.28572845458984,
				282
			],
			[
				238.5714569091797,
				278.5714340209961,
				315
			],
			[
				225.42860412597656,
				296.5714340209961,
				348
			],
			[
				212.5714569091797,
				310.5714340209961,
				382
			],
			[
				203.71429443359375,
				321.14290618896484,
				417
			],
			[
				195.14288330078125,
				331.14290618896484,
				451
			],
			[
				184.85714721679688,
				344.0000534057617,
				484
			],
			[
				173.71429443359375,
				356.5714340209961,
				517
			],
			[
				165.14288330078125,
				364.8572006225586,
				550
			],
			[
				158.2857208251953,
				373.14290618896484,
				583
			],
			[
				150.85714721679688,
				382.0000534057617,
				617
			],
			[
				144,
				389.14290618896484,
				651
			],
			[
				135.42857360839844,
				398.28572845458984,
				684
			],
			[
				122.85714721679688,
				408.8572006225586,
				717
			],
			[
				120.00001525878906,
				411.42858123779297,
				730
			]
		]
	}
}