{
	"env": 5000,
	"subject": "5000",
	"line_num": 0,
	"first": {
		"dev_index": "1",
		"dev_info": "etc",
		"width": 483,
		"height": 368.1345029239766,
		"timestamp": 1565831693454,
		"lines": [
			[
				122.5,
				118,
				0
			],
			[
				128,
				118,
				16
			],
			[
				131,
				118,
				33
			],
			[
				137,
				117.5,
				49
			],
			[
				144.5,
				117,
				66
			],
			[
				152.5,
				116.5,
				84
			],
			[
				156.5,
				116.5,
				101
			],
			[
				164,
				116,
				118
			],
			[
				172,
				115.5,
				134
			],
			[
				175.5,
				115,
				150
			],
			[
				181.5,
				115,
				166
			],
			[
				188,
				114.5,
				184
			],
			[
				190.5,
				114,
				201
			],
			[
				196.5,
				113.5,
				218
			],
			[
				199.5,
				113.5,
				233
			],
			[
				205,
				113.5,
				249
			],
			[
				210.5,
				113,
				267
			],
			[
				216,
				112.5,
				285
			],
			[
				218.5,
				112,
				300
			],
			[
				223,
				112,
				318
			],
			[
				228,
				111.5,
				334
			],
			[
				230.5,
				111.5,
				350
			],
			[
				236,
				111,
				367
			],
			[
				242.5,
				110.5,
				384
			],
			[
				246.5,
				110,
				400
			],
			[
				253.5,
				109.5,
				417
			],
			[
				257.5,
				109,
				433
			],
			[
				264.5,
				108,
				451
			],
			[
				271,
				107.5,
				467
			],
			[
				277,
				107,
				484
			],
			[
				280,
				106.5,
				501
			],
			[
				285.5,
				106,
				517
			],
			[
				288,
				106,
				534
			],
			[
				293,
				105.5,
				550
			],
			[
				299.5,
				105.5,
				568
			],
			[
				306,
				105,
				583
			],
			[
				309,
				105,
				601
			],
			[
				315,
				104.5,
				618
			],
			[
				321,
				104,
				635
			],
			[
				324,
				103.5,
				650
			],
			[
				330.5,
				103,
				668
			],
			[
				335.5,
				102,
				685
			],
			[
				340.5,
				101.5,
				702
			],
			[
				343.5,
				102,
				717
			],
			[
				347,
				102,
				734
			],
			[
				353,
				102.5,
				750
			],
			[
				359.5,
				103,
				767
			],
			[
				362.5,
				103,
				783
			]
		]
	},
	"second": {
		"dev_index": "2",
		"dev_info": "etc",
		"width": 483,
		"height": 552.5369649805448,
		"timestamp": 1565831694876,
		"lines": [
			[
				127.5,
				100,
				0
			],
			[
				134,
				98,
				1
			],
			[
				140.5,
				97.5,
				29
			],
			[
				148.5,
				97.5,
				45
			],
			[
				152,
				97,
				62
			],
			[
				159.5,
				96,
				78
			],
			[
				167.5,
				95.5,
				95
			],
			[
				175,
				95,
				112
			],
			[
				178,
				94.5,
				130
			],
			[
				184.5,
				94,
				145
			],
			[
				191,
				93.5,
				163
			],
			[
				197.5,
				93,
				179
			],
			[
				201,
				93.5,
				196
			],
			[
				207.5,
				93,
				213
			],
			[
				211,
				93,
				229
			],
			[
				218,
				93,
				245
			],
			[
				224,
				92.5,
				262
			],
			[
				230,
				92,
				279
			],
			[
				233,
				91.5,
				297
			],
			[
				238.5,
				91.5,
				312
			],
			[
				241.5,
				91,
				330
			],
			[
				247.5,
				90.5,
				346
			],
			[
				254,
				90,
				363
			],
			[
				260.5,
				89.5,
				379
			],
			[
				263.5,
				89,
				397
			],
			[
				269,
				88,
				414
			],
			[
				272,
				87.5,
				431
			],
			[
				278,
				87.5,
				446
			],
			[
				284,
				86.5,
				463
			],
			[
				290,
				86,
				479
			],
			[
				292.5,
				86,
				497
			],
			[
				298.5,
				86,
				513
			],
			[
				301.5,
				86,
				530
			],
			[
				307.5,
				85.5,
				546
			],
			[
				313,
				85,
				563
			],
			[
				318,
				84.5,
				579
			],
			[
				320.5,
				84.5,
				596
			],
			[
				326,
				84,
				612
			],
			[
				329,
				84,
				629
			],
			[
				334,
				84,
				647
			],
			[
				339.5,
				83.5,
				664
			],
			[
				345,
				83,
				679
			],
			[
				348,
				83,
				697
			],
			[
				354.5,
				82,
				714
			],
			[
				358.5,
				81,
				730
			],
			[
				366,
				79,
				747
			],
			[
				372,
				77,
				764
			],
			[
				377,
				75,
				779
			],
			[
				380,
				75,
				795
			],
			[
				386,
				74,
				812
			],
			[
				388.5,
				74,
				830
			],
			[
				393.5,
				73.5,
				846
			],
			[
				398.5,
				73.5,
				863
			],
			[
				405.5,
				72,
				879
			]
		]
	}
}