{
	"env": 5000,
	"subject": "5000",
	"line_num": 1,
	"first": {
		"dev_index": "2",
		"dev_info": "etc",
		"width": 483,
		"height": 552.5369649805448,
		"timestamp": 1565831696491,
		"lines": [
			[
				387,
				56,
				0
			],
			[
				385,
				57,
				14
			],
			[
				383,
				58.5,
				32
			],
			[
				377,
				63,
				48
			],
			[
				374,
				67,
				65
			],
			[
				371,
				71,
				81
			],
			[
				364.5,
				79.5,
				99
			],
			[
				359,
				87.5,
				116
			],
			[
				353.5,
				95,
				132
			],
			[
				349.5,
				101,
				150
			],
			[
				348,
				103,
				166
			],
			[
				345.5,
				107,
				183
			],
			[
				343.5,
				108.5,
				199
			],
			[
				340.5,
				113,
				215
			],
			[
				337,
				116.5,
				231
			],
			[
				332.5,
				121,
				249
			],
			[
				330.5,
				123,
				266
			],
			[
				326.5,
				126.5,
				283
			],
			[
				324.5,
				129,
				299
			],
			[
				320.5,
				133.5,
				315
			],
			[
				315.5,
				138.5,
				332
			],
			[
				310,
				144,
				348
			],
			[
				307,
				146,
				366
			],
			[
				303,
				151,
				381
			],
			[
				300.5,
				153,
				399
			],
			[
				296.5,
				158.5,
				415
			],
			[
				291.5,
				163.5,
				432
			],
			[
				285.5,
				168,
				448
			],
			[
				283,
				170.5,
				466
			],
			[
				278.5,
				176,
				482
			],
			[
				276.5,
				178.5,
				499
			],
			[
				273,
				183.5,
				516
			],
			[
				269,
				189,
				532
			],
			[
				264.5,
				193.5,
				550
			],
			[
				262.5,
				196,
				565
			],
			[
				258.5,
				201,
				583
			],
			[
				256.5,
				203,
				600
			],
			[
				253,
				207,
				615
			],
			[
				249.5,
				210,
				632
			],
			[
				247.5,
				212,
				650
			],
			[
				246.5,
				212.5,
				667
			],
			[
				246.5,
				213,
				682
			],
			[
				246,
				213,
				699
			],
			[
				246,
				214,
				717
			],
			[
				244.5,
				216.5,
				732
			],
			[
				242,
				221,
				748
			],
			[
				240.5,
				224,
				765
			],
			[
				237,
				229.5,
				782
			],
			[
				235,
				232,
				799
			],
			[
				233.5,
				234,
				815
			]
		]
	},
	"second": {
		"dev_index": "2",
		"dev_info": "etc",
		"width": 483,
		"height": 552.5369649805448,
		"timestamp": 1565831720559,
		"lines": [
			[
				202.5,
				160,
				0
			],
			[
				206,
				156.5,
				16
			],
			[
				211.5,
				150,
				31
			],
			[
				217.5,
				141.5,
				46
			],
			[
				230.5,
				124.5,
				65
			],
			[
				241.5,
				108,
				80
			],
			[
				246.5,
				100.5,
				98
			],
			[
				254,
				87.5,
				115
			],
			[
				259.5,
				79,
				130
			],
			[
				260.5,
				76,
				147
			],
			[
				261.5,
				74,
				165
			],
			[
				260.5,
				74,
				181
			]
		]
	}
}