{
	"env": 5001,
	"subject": "5001",
	"line_num": 0,
	"first": {
		"dev_index": "1",
		"dev_info": "etc",
		"width": 483,
		"height": 368.1345029239766,
		"timestamp": 1565831766893,
		"lines": [
			[
				96.5,
				83,
				0
			],
			[
				102,
				82.5,
				16
			],
			[
				104.5,
				82.5,
				28
			],
			[
				110.5,
				82,
				45
			],
			[
				113.5,
				81.5,
				62
			],
			[
				120,
				81,
				80
			],
			[
				127,
				80,
				97
			],
			[
				130.5,
				79.5,
				111
			],
			[
				136.5,
				79,
				129
			],
			[
				142.5,
				78,
				146
			],
			[
				145.5,
				77.5,
				161
			],
			[
				150.5,
				77.5,
				178
			],
			[
				155,
				77.5,
				195
			],
			[
				157,
				77.5,
				212
			],
			[
				161,
				77.5,
				229
			],
			[
				166.5,
				78,
				245
			],
			[
				172.5,
				78.5,
				261
			],
			[
				176,
				78,
				279
			],
			[
				182.5,
				78,
				296
			],
			[
				186,
				78,
				313
			],
			[
				194.5,
				77.5,
				329
			],
			[
				202,
				76.5,
				346
			],
			[
				209,
				75.5,
				363
			],
			[
				212,
				74.5,
				380
			],
			[
				218.5,
				74,
				395
			],
			[
				224,
				73.5,
				413
			],
			[
				226,
				73.5,
				430
			],
			[
				232,
				73.5,
				446
			],
			[
				238.5,
				73.5,
				462
			],
			[
				242.5,
				73,
				478
			],
			[
				249,
				72.5,
				496
			],
			[
				252.5,
				72.5,
				512
			],
			[
				258,
				72,
				529
			],
			[
				263,
				72,
				546
			],
			[
				268,
				72,
				562
			],
			[
				271,
				72,
				579
			],
			[
				276.5,
				71.5,
				596
			],
			[
				279,
				71.5,
				612
			],
			[
				285,
				71,
				629
			],
			[
				289.5,
				71.5,
				646
			],
			[
				293.5,
				71.5,
				663
			],
			[
				298,
				71,
				680
			],
			[
				300,
				71,
				696
			],
			[
				302,
				71,
				712
			],
			[
				306,
				71,
				729
			],
			[
				310,
				71.5,
				747
			],
			[
				314.5,
				71.5,
				763
			],
			[
				316,
				71,
				779
			],
			[
				321,
				70.5,
				797
			],
			[
				326,
				70,
				814
			],
			[
				328.5,
				70.5,
				830
			],
			[
				333.5,
				70.5,
				846
			],
			[
				339.5,
				70,
				862
			],
			[
				343,
				69,
				880
			]
		]
	},
	"second": {
		"dev_index": "2",
		"dev_info": "etc",
		"width": 483,
		"height": 552.5369649805448,
		"timestamp": 1565831768390,
		"lines": [
			[
				134,
				75.5,
				0
			],
			[
				142,
				76,
				17
			],
			[
				145,
				77,
				32
			],
			[
				151,
				77.5,
				48
			],
			[
				158.5,
				78.5,
				66
			],
			[
				167,
				79,
				83
			],
			[
				170.5,
				79.5,
				100
			],
			[
				177,
				80,
				116
			],
			[
				180,
				80.5,
				132
			],
			[
				185,
				80.5,
				149
			],
			[
				191,
				81,
				165
			],
			[
				194,
				81,
				182
			],
			[
				199,
				80.5,
				199
			],
			[
				203.5,
				80.5,
				217
			],
			[
				208.5,
				81,
				236
			],
			[
				211.5,
				80.5,
				248
			],
			[
				217,
				80.5,
				265
			],
			[
				222,
				80.5,
				281
			],
			[
				224.5,
				80,
				298
			],
			[
				229.5,
				80,
				316
			],
			[
				234.5,
				79.5,
				333
			],
			[
				237.5,
				79.5,
				348
			],
			[
				242,
				79.5,
				366
			],
			[
				246,
				79,
				382
			],
			[
				248.5,
				79.5,
				399
			],
			[
				254,
				79.5,
				416
			],
			[
				257.5,
				79,
				432
			],
			[
				264.5,
				79,
				450
			],
			[
				272,
				78,
				466
			],
			[
				279,
				78,
				482
			],
			[
				282,
				77.5,
				499
			],
			[
				287,
				77.5,
				517
			],
			[
				289.5,
				77.5,
				532
			],
			[
				295.5,
				77.5,
				550
			],
			[
				302,
				77.5,
				566
			],
			[
				309,
				77.5,
				582
			],
			[
				312,
				78,
				599
			],
			[
				319,
				78,
				616
			],
			[
				322,
				78,
				632
			],
			[
				327,
				78.5,
				649
			],
			[
				331,
				78,
				666
			],
			[
				335,
				78,
				682
			],
			[
				336.5,
				77.5,
				700
			],
			[
				341,
				77,
				716
			],
			[
				342.5,
				76.5,
				733
			],
			[
				345.5,
				76,
				750
			],
			[
				348.5,
				76,
				765
			],
			[
				353,
				75.5,
				783
			]
		]
	}
}