{
	"env": 5001,
	"subject": "5001",
	"line_num": 0,
	"first": {
		"dev_index": "1",
		"dev_info": "etc",
		"width": 483,
		"height": 368.1345029239766,
		"timestamp": 1565831773847,
		"lines": [
			[
				103.5,
				43.5,
				0
			],
			[
				110,
				41.5,
				20
			],
			[
				112.5,
				41,
				29
			],
			[
				119,
				41,
				46
			],
			[
				122.5,
				41.5,
				62
			],
			[
				130,
				42,
				79
			],
			[
				137,
				43,
				96
			],
			[
				144.5,
				44,
				114
			],
			[
				148,
				44.5,
				129
			],
			[
				155,
				46,
				147
			],
			[
				158.5,
				47,
				163
			],
			[
				165,
				47.5,
				179
			],
			[
				168,
				48.5,
				196
			],
			[
				173.5,
				49,
				214
			],
			[
				178.5,
				49.5,
				231
			],
			[
				184,
				50.5,
				245
			],
			[
				187,
				50.5,
				262
			],
			[
				193.5,
				50.5,
				280
			],
			[
				200,
				51,
				296
			],
			[
				203.5,
				51.5,
				313
			],
			[
				209.5,
				51.5,
				329
			],
			[
				216,
				51.5,
				346
			],
			[
				223,
				51.5,
				363
			],
			[
				227,
				51,
				379
			],
			[
				235.5,
				51,
				396
			],
			[
				239.5,
				51,
				413
			],
			[
				247,
				50.5,
				430
			],
			[
				253.5,
				50,
				446
			],
			[
				260.5,
				49.5,
				464
			],
			[
				263.5,
				50,
				479
			],
			[
				269.5,
				50,
				496
			],
			[
				272,
				50.5,
				513
			],
			[
				277.5,
				50.5,
				529
			],
			[
				284,
				50.5,
				546
			],
			[
				287.5,
				51,
				563
			],
			[
				293.5,
				51,
				581
			],
			[
				300,
				51.5,
				596
			],
			[
				303,
				52,
				614
			],
			[
				309.5,
				52,
				631
			],
			[
				314.5,
				52,
				648
			],
			[
				317.5,
				52,
				663
			],
			[
				322.5,
				51,
				680
			],
			[
				328,
				51,
				696
			],
			[
				330,
				50.5,
				713
			],
			[
				335,
				50.5,
				730
			],
			[
				339.5,
				50.5,
				746
			],
			[
				344.5,
				51,
				763
			],
			[
				347,
				51,
				780
			],
			[
				352.5,
				52,
				796
			],
			[
				355,
				52,
				814
			],
			[
				361,
				52,
				830
			],
			[
				367.5,
				52.5,
				846
			],
			[
				371,
				52.5,
				863
			]
		]
	},
	"second": {
		"dev_index": "2",
		"dev_info": "etc",
		"width": 483,
		"height": 552.5369649805448,
		"timestamp": 1565831775282,
		"lines": [
			[
				132.5,
				69.5,
				0
			],
			[
				141.5,
				68.5,
				11
			],
			[
				148,
				68,
				29
			],
			[
				151.5,
				67.5,
				44
			],
			[
				158.5,
				68,
				61
			],
			[
				162.5,
				68.5,
				78
			],
			[
				170.5,
				69.5,
				94
			],
			[
				179,
				69.5,
				111
			],
			[
				187,
				69.5,
				127
			],
			[
				190.5,
				69,
				144
			],
			[
				197,
				69.5,
				162
			],
			[
				202.5,
				70,
				179
			],
			[
				205.5,
				70.5,
				194
			],
			[
				211.5,
				70.5,
				212
			],
			[
				217.5,
				71,
				229
			],
			[
				220.5,
				71,
				245
			],
			[
				226,
				71.5,
				262
			],
			[
				232,
				71.5,
				279
			],
			[
				235,
				72,
				295
			],
			[
				241,
				72,
				312
			],
			[
				246.5,
				72.5,
				329
			],
			[
				249,
				72.5,
				345
			],
			[
				255,
				73,
				362
			],
			[
				260.5,
				74,
				380
			],
			[
				263,
				74,
				396
			],
			[
				267.5,
				74.5,
				412
			],
			[
				272,
				74.5,
				427
			],
			[
				274,
				74.5,
				444
			],
			[
				278.5,
				75,
				461
			],
			[
				280.5,
				75.5,
				478
			],
			[
				284.5,
				76,
				495
			],
			[
				289,
				76.5,
				512
			],
			[
				294.5,
				77,
				529
			],
			[
				298,
				77.5,
				545
			],
			[
				304.5,
				77.5,
				562
			],
			[
				307.5,
				78,
				578
			],
			[
				313.5,
				78,
				595
			],
			[
				319,
				78,
				611
			],
			[
				325,
				78.5,
				629
			],
			[
				327.5,
				78.5,
				645
			],
			[
				333,
				79,
				662
			],
			[
				339,
				79.5,
				679
			],
			[
				342,
				79.5,
				696
			],
			[
				349,
				80.5,
				713
			],
			[
				356,
				81,
				728
			],
			[
				360,
				81,
				746
			],
			[
				368,
				81,
				762
			],
			[
				375,
				81,
				779
			],
			[
				379,
				81,
				796
			],
			[
				386,
				81.5,
				813
			],
			[
				393.5,
				82,
				828
			],
			[
				397.5,
				82.5,
				845
			],
			[
				404,
				82.5,
				861
			],
			[
				409.5,
				82.5,
				878
			],
			[
				411.5,
				82.5,
				895
			],
			[
				415.5,
				82,
				912
			],
			[
				418.5,
				82,
				929
			],
			[
				420,
				82,
				945
			],
			[
				423.5,
				82,
				962
			],
			[
				426.5,
				82.5,
				978
			],
			[
				428.5,
				82.5,
				996
			],
			[
				431.5,
				83.5,
				1012
			],
			[
				431.5,
				85.5,
				1028
			]
		]
	}
}