{
	"env": 5001,
	"subject": "5001",
	"line_num": 1,
	"first": {
		"dev_index": "2",
		"dev_info": "etc",
		"width": 483,
		"height": 552.5369649805448,
		"timestamp": 1565831776953,
		"lines": [
			[
				434.5,
				242,
				0
			],
			[
				430,
				244.5,
				46
			],
			[
				426.5,
				246.5,
				58
			],
			[
				422.5,
				248.5,
				74
			],
			[
				413.5,
				252.5,
				91
			],
			[
				404.5,
				257.5,
				109
			],
			[
				400.5,
				260,
				126
			],
			[
				393,
				264.5,
				141
			],
			[
				387,
				269,
				159
			],
			[
				381.5,
				272,
				175
			],
			[
				379,
				273.5,
				192
			],
			[
				374,
				276,
				209
			],
			[
				371,
				277.5,
				226
			],
			[
				366.5,
				280.5,
				243
			],
			[
				361.5,
				284,
				259
			],
			[
				356.5,
				287.5,
				274
			],
			[
				354,
				289.5,
				291
			],
			[
				349,
				293,
				307
			],
			[
				346.5,
				294.5,
				325
			],
			[
				342.5,
				296.5,
				341
			],
			[
				337.5,
				299.5,
				358
			],
			[
				333,
				302,
				374
			],
			[
				331,
				303.5,
				392
			],
			[
				327,
				306,
				409
			],
			[
				323.5,
				309.5,
				426
			],
			[
				322,
				310.5,
				441
			],
			[
				318,
				313,
				459
			],
			[
				314.5,
				314.5,
				476
			],
			[
				312,
				316,
				492
			],
			[
				307.5,
				317.5,
				508
			],
			[
				303,
				319.5,
				526
			],
			[
				301,
				321,
				542
			],
			[
				296,
				323.5,
				558
			],
			[
				291.5,
				325.5,
				576
			],
			[
				289,
				326.5,
				592
			],
			[
				285,
				328.5,
				609
			],
			[
				283,
				330,
				624
			],
			[
				279,
				332.5,
				642
			],
			[
				274.5,
				334.5,
				658
			],
			[
				269.5,
				336,
				674
			],
			[
				265,
				338,
				692
			],
			[
				263,
				338.5,
				708
			],
			[
				259,
				340.5,
				726
			],
			[
				257,
				341,
				741
			],
			[
				252.5,
				343.5,
				758
			],
			[
				247.5,
				345,
				775
			],
			[
				245.5,
				346,
				792
			],
			[
				241.5,
				347.5,
				809
			],
			[
				237.5,
				349.5,
				826
			],
			[
				236,
				350.5,
				843
			],
			[
				232,
				352.5,
				859
			],
			[
				230.5,
				353.5,
				875
			],
			[
				227,
				354.5,
				893
			]
		]
	},
	"second": {
		"dev_index": "3",
		"dev_info": "etc",
		"width": 412,
		"height": 761,
		"timestamp": 1565831778210,
		"lines": [
			[
				342.5714416503906,
				188.2857437133789,
				0
			],
			[
				342.5714416503906,
				188.5714340209961,
				10
			],
			[
				342.00006103515625,
				190.0000228881836,
				27
			],
			[
				338.8571472167969,
				191.71428680419922,
				41
			],
			[
				334,
				193.71428680419922,
				59
			],
			[
				328.2857666015625,
				196.0000228881836,
				76
			],
			[
				323.1429138183594,
				198.2857437133789,
				92
			],
			[
				317.4285888671875,
				201.14286041259766,
				109
			],
			[
				311.4285888671875,
				203.71428680419922,
				126
			],
			[
				305.4285888671875,
				206.5714340209961,
				142
			],
			[
				300.5714416503906,
				208.85713958740234,
				159
			],
			[
				295.71429443359375,
				210.85713958740234,
				176
			],
			[
				290.8571472167969,
				212.5714340209961,
				193
			],
			[
				276.8571472167969,
				218.28572845458984,
				244
			],
			[
				267.4285888671875,
				221.14287567138672,
				277
			],
			[
				258.2857360839844,
				223.71428680419922,
				309
			],
			[
				250.5714569091797,
				226.85713958740234,
				342
			],
			[
				241.71429443359375,
				229.71428680419922,
				378
			],
			[
				232.2857208251953,
				232.85713958740234,
				410
			],
			[
				224.00003051757812,
				237.14287567138672,
				443
			],
			[
				213.42857360839844,
				240.85713958740234,
				477
			],
			[
				203.42857360839844,
				245.42858123779297,
				510
			],
			[
				191.42857360839844,
				250.00005340576172,
				545
			],
			[
				180.00003051757812,
				254.85713958740234,
				577
			],
			[
				167.14288330078125,
				260.28572845458984,
				611
			],
			[
				156.2857208251953,
				264.85713958740234,
				646
			],
			[
				144.28573608398438,
				268.5714340209961,
				678
			],
			[
				136.28573608398438,
				271.42858123779297,
				712
			],
			[
				128.5714569091797,
				274.28572845458984,
				744
			],
			[
				119.42857360839844,
				278.28572845458984,
				778
			],
			[
				111.71430206298828,
				282.28572845458984,
				811
			],
			[
				103.71428680419922,
				285.7142868041992,
				846
			],
			[
				95.42857360839844,
				287.42858123779297,
				877
			],
			[
				92.28572845458984,
				288.28572845458984,
				901
			]
		]
	}
}