{
	"env": 5001,
	"subject": "5001",
	"line_num": 1,
	"first": {
		"dev_index": "2",
		"dev_info": "etc",
		"width": 483,
		"height": 552.5369649805448,
		"timestamp": 1565831784593,
		"lines": [
			[
				424,
				206,
				0
			],
			[
				422,
				206.5,
				46
			],
			[
				420,
				208,
				57
			],
			[
				415.5,
				211,
				73
			],
			[
				413,
				213.5,
				89
			],
			[
				407.5,
				218.5,
				106
			],
			[
				404,
				221,
				123
			],
			[
				397,
				226,
				141
			],
			[
				391,
				230,
				157
			],
			[
				386.5,
				233,
				173
			],
			[
				384,
				234.5,
				190
			],
			[
				378,
				237.5,
				206
			],
			[
				374.5,
				239,
				224
			],
			[
				368.5,
				243,
				241
			],
			[
				363,
				246,
				257
			],
			[
				357.5,
				248.5,
				273
			],
			[
				355,
				249.5,
				290
			],
			[
				349.5,
				251.5,
				306
			],
			[
				347.5,
				253,
				323
			],
			[
				342.5,
				255,
				340
			],
			[
				337.5,
				258,
				357
			],
			[
				333.5,
				261.5,
				374
			],
			[
				331,
				263,
				391
			],
			[
				326,
				266.5,
				408
			],
			[
				324,
				268,
				424
			],
			[
				319.5,
				271,
				440
			],
			[
				314.5,
				273,
				456
			],
			[
				309,
				275.5,
				475
			],
			[
				306,
				276.5,
				490
			],
			[
				301.5,
				278.5,
				506
			],
			[
				299,
				279.5,
				523
			],
			[
				294.5,
				282.5,
				540
			],
			[
				290,
				285.5,
				557
			],
			[
				286,
				288.5,
				573
			],
			[
				284,
				290,
				592
			],
			[
				281,
				292.5,
				608
			],
			[
				279,
				294,
				624
			],
			[
				274.5,
				297,
				641
			],
			[
				270,
				299.5,
				657
			],
			[
				265.5,
				301.5,
				673
			],
			[
				263,
				302.5,
				691
			],
			[
				258.5,
				304,
				707
			],
			[
				254.5,
				306,
				725
			],
			[
				252,
				307.5,
				740
			],
			[
				247.5,
				309,
				758
			],
			[
				242.5,
				310.5,
				774
			],
			[
				241,
				311,
				792
			],
			[
				237.5,
				312,
				806
			],
			[
				234.5,
				314,
				824
			],
			[
				233,
				315,
				842
			],
			[
				229,
				317,
				858
			],
			[
				225.5,
				318.5,
				873
			],
			[
				223.5,
				319,
				892
			],
			[
				220,
				321,
				908
			]
		]
	},
	"second": {
		"dev_index": "3",
		"dev_info": "etc",
		"width": 412,
		"height": 761,
		"timestamp": 1565831785938,
		"lines": [
			[
				364.8571472167969,
				154.0000228881836,
				0
			],
			[
				358.5714416503906,
				155.42859649658203,
				42
			],
			[
				346.00006103515625,
				161.71428680419922,
				75
			],
			[
				332.5714416503906,
				168.2857437133789,
				109
			],
			[
				321.1429138183594,
				175.14286041259766,
				142
			],
			[
				308.8571472167969,
				183.14286041259766,
				175
			],
			[
				300.2857666015625,
				189.42859649658203,
				209
			],
			[
				293.1429138183594,
				194.5714340209961,
				243
			],
			[
				283.71429443359375,
				198.85717010498047,
				275
			],
			[
				276,
				203.4286117553711,
				309
			],
			[
				268.8571472167969,
				208.85713958740234,
				344
			],
			[
				259.4285888671875,
				216.00005340576172,
				376
			],
			[
				250.5714569091797,
				224.85713958740234,
				408
			],
			[
				238.85714721679688,
				234.5714340209961,
				444
			],
			[
				230.2857208251953,
				242.85713958740234,
				475
			],
			[
				222.5714569091797,
				251.42858123779297,
				509
			],
			[
				215.14288330078125,
				256.85713958740234,
				542
			],
			[
				210.5714569091797,
				260.28572845458984,
				577
			],
			[
				206.85714721679688,
				264.0000534057617,
				609
			],
			[
				202.85714721679688,
				267.7142868041992,
				643
			],
			[
				194.85714721679688,
				271.7142868041992,
				676
			],
			[
				188.2857208251953,
				276.28572845458984,
				709
			],
			[
				182.2857208251953,
				280.0000534057617,
				744
			],
			[
				174.5714569091797,
				283.7142868041992,
				777
			],
			[
				164.2857208251953,
				287.42858123779297,
				811
			],
			[
				153.71429443359375,
				292.8572006225586,
				843
			],
			[
				142,
				297.7142868041992,
				877
			],
			[
				129.42857360839844,
				304.28572845458984,
				910
			],
			[
				117.14286041259766,
				310.0000534057617,
				942
			],
			[
				110.28572845458984,
				314.0000534057617,
				975
			]
		]
	}
}