{
	"env": 5002,
	"subject": "5002",
	"line_num": 0,
	"first": {
		"dev_index": "1",
		"dev_info": "etc",
		"width": 483,
		"height": 368.1345029239766,
		"timestamp": 1565831839897,
		"lines": [
			[
				100,
				62,
				0
			],
			[
				105.5,
				61,
				8
			],
			[
				108.5,
				61,
				26
			],
			[
				115.5,
				61.5,
				41
			],
			[
				123,
				61.5,
				60
			],
			[
				127,
				61.5,
				74
			],
			[
				134.5,
				61,
				91
			],
			[
				138.5,
				60.5,
				108
			],
			[
				145.5,
				60,
				127
			],
			[
				153,
				59.5,
				142
			],
			[
				159,
				59.5,
				158
			],
			[
				161.5,
				59,
				176
			],
			[
				168,
				59,
				191
			],
			[
				175,
				59,
				209
			],
			[
				178.5,
				58.5,
				225
			],
			[
				185.5,
				58.5,
				241
			],
			[
				189,
				58.5,
				259
			],
			[
				198,
				58.5,
				275
			],
			[
				201,
				58,
				291
			],
			[
				207.5,
				57.5,
				308
			],
			[
				214,
				57,
				324
			],
			[
				217.5,
				57,
				342
			],
			[
				223.5,
				56,
				358
			],
			[
				230,
				55.5,
				374
			],
			[
				236.5,
				55,
				391
			],
			[
				240,
				55,
				409
			],
			[
				246.5,
				55,
				424
			],
			[
				249.5,
				55,
				441
			],
			[
				255,
				55.5,
				459
			],
			[
				260.5,
				55.5,
				474
			],
			[
				264.5,
				55.5,
				491
			],
			[
				267,
				55.5,
				508
			],
			[
				270,
				55,
				525
			],
			[
				272,
				55.5,
				541
			],
			[
				275,
				56,
				559
			],
			[
				279,
				56,
				575
			],
			[
				283,
				57,
				592
			],
			[
				284.5,
				57,
				608
			],
			[
				288,
				57,
				625
			],
			[
				289.5,
				57,
				642
			],
			[
				292.5,
				57,
				659
			],
			[
				295.5,
				58,
				675
			],
			[
				299,
				58.5,
				691
			],
			[
				301,
				58.5,
				710
			],
			[
				305.5,
				59,
				725
			],
			[
				308,
				58.5,
				742
			],
			[
				312,
				59,
				759
			],
			[
				317,
				59,
				776
			],
			[
				323.5,
				59,
				791
			],
			[
				327,
				59,
				808
			],
			[
				330,
				58.5,
				826
			]
		]
	},
	"second": {
		"dev_index": "2",
		"dev_info": "etc",
		"width": 483,
		"height": 552.5369649805448,
		"timestamp": 1565831841318,
		"lines": [
			[
				132.5,
				55,
				0
			],
			[
				135,
				54.5,
				7
			],
			[
				141.5,
				54.5,
				23
			],
			[
				145.5,
				54,
				37
			],
			[
				154,
				53.5,
				56
			],
			[
				163,
				52.5,
				71
			],
			[
				167,
				52,
				89
			],
			[
				175,
				51.5,
				105
			],
			[
				178.5,
				51,
				121
			],
			[
				185.5,
				50,
				138
			],
			[
				193.5,
				49,
				154
			],
			[
				200.5,
				48,
				171
			],
			[
				203.5,
				47.5,
				189
			],
			[
				209.5,
				47,
				205
			],
			[
				216,
				47.5,
				222
			],
			[
				219,
				47,
				239
			],
			[
				225.5,
				47,
				256
			],
			[
				232,
				46.5,
				272
			],
			[
				235.5,
				46.5,
				288
			],
			[
				245.5,
				46,
				310
			],
			[
				249,
				46,
				321
			],
			[
				252,
				46,
				339
			],
			[
				258.5,
				46,
				355
			],
			[
				264.5,
				45.5,
				371
			],
			[
				267.5,
				45,
				388
			],
			[
				274.5,
				44.5,
				405
			],
			[
				282,
				44,
				422
			],
			[
				285.5,
				43.5,
				438
			],
			[
				291,
				43,
				455
			],
			[
				295.5,
				42.5,
				471
			],
			[
				301.5,
				42,
				489
			],
			[
				305,
				41.5,
				505
			],
			[
				312.5,
				41,
				521
			],
			[
				316,
				41,
				539
			],
			[
				322.5,
				40.5,
				555
			],
			[
				328,
				40,
				572
			],
			[
				330,
				40,
				588
			],
			[
				335.5,
				39,
				605
			],
			[
				341,
				38.5,
				622
			],
			[
				343.5,
				38.5,
				639
			],
			[
				348.5,
				38,
				656
			],
			[
				353,
				37.5,
				672
			],
			[
				357,
				37.5,
				689
			],
			[
				359,
				38,
				706
			],
			[
				363.5,
				38,
				722
			],
			[
				365.5,
				38.5,
				739
			],
			[
				370,
				38,
				756
			],
			[
				374,
				37.5,
				772
			]
		]
	}
}