{
	"env": 5002,
	"subject": "5002",
	"line_num": 1,
	"first": {
		"dev_index": "2",
		"dev_info": "etc",
		"width": 483,
		"height": 552.5369649805448,
		"timestamp": 1565831842514,
		"lines": [
			[
				398,
				102.5,
				0
			],
			[
				396,
				104,
				24
			],
			[
				393.5,
				106.5,
				43
			],
			[
				388,
				113.5,
				59
			],
			[
				381,
				121.5,
				76
			],
			[
				375,
				129,
				94
			],
			[
				372,
				133.5,
				110
			],
			[
				366.5,
				141,
				127
			],
			[
				364.5,
				145,
				142
			],
			[
				358.5,
				151.5,
				159
			],
			[
				352,
				159,
				176
			],
			[
				345.5,
				166,
				193
			],
			[
				342.5,
				169,
				211
			],
			[
				336,
				173.5,
				227
			],
			[
				333,
				176.5,
				244
			],
			[
				327.5,
				181,
				261
			],
			[
				322.5,
				185,
				276
			],
			[
				317.5,
				189,
				293
			],
			[
				315.5,
				191,
				311
			],
			[
				311,
				194.5,
				326
			],
			[
				308.5,
				197,
				343
			],
			[
				303.5,
				201.5,
				360
			],
			[
				298,
				206.5,
				377
			],
			[
				292.5,
				211,
				392
			],
			[
				290,
				213.5,
				409
			],
			[
				285,
				218,
				427
			],
			[
				280,
				222,
				444
			],
			[
				278,
				223.5,
				460
			],
			[
				275,
				226,
				477
			],
			[
				273,
				229,
				494
			],
			[
				271.5,
				230,
				510
			],
			[
				268.5,
				233.5,
				527
			],
			[
				265,
				237.5,
				544
			],
			[
				263,
				240,
				561
			],
			[
				260,
				244.5,
				577
			],
			[
				256.5,
				249,
				594
			],
			[
				254.5,
				250.5,
				611
			],
			[
				249,
				254,
				627
			],
			[
				243.5,
				257.5,
				644
			],
			[
				241,
				259.5,
				660
			],
			[
				236.5,
				263,
				677
			],
			[
				233,
				266.5,
				694
			],
			[
				231.5,
				268.5,
				711
			],
			[
				227.5,
				272.5,
				727
			],
			[
				223.5,
				276,
				744
			],
			[
				221.5,
				278,
				760
			],
			[
				218,
				281.5,
				776
			],
			[
				214.5,
				285.5,
				794
			],
			[
				213,
				287,
				810
			],
			[
				212.5,
				287.5,
				826
			]
		]
	},
	"second": {
		"dev_index": "3",
		"dev_info": "etc",
		"width": 412,
		"height": 761,
		"timestamp": 1565831843532,
		"lines": [
			[
				354.2857666015625,
				185.14286041259766,
				0
			],
			[
				353.71429443359375,
				185.14286041259766,
				3
			],
			[
				352.5714416503906,
				186.5714340209961,
				21
			],
			[
				350.8571472167969,
				188.85717010498047,
				36
			],
			[
				348.8571472167969,
				191.42859649658203,
				54
			],
			[
				345.71429443359375,
				194.5714340209961,
				70
			],
			[
				341.4285888671875,
				198.2857437133789,
				87
			],
			[
				336,
				203.4286117553711,
				104
			],
			[
				318.8571472167969,
				223.14287567138672,
				153
			],
			[
				304.2857666015625,
				236.85713958740234,
				187
			],
			[
				291.1429138183594,
				249.71428680419922,
				221
			],
			[
				278.2857360839844,
				260.28572845458984,
				254
			],
			[
				266.57147216796875,
				270.5714340209961,
				287
			],
			[
				255.42860412597656,
				279.7142868041992,
				320
			],
			[
				245.42860412597656,
				287.42858123779297,
				355
			],
			[
				234.85714721679688,
				296.0000534057617,
				388
			],
			[
				227.42860412597656,
				304.28572845458984,
				421
			],
			[
				219.42860412597656,
				312.0000534057617,
				453
			],
			[
				210.85714721679688,
				319.42858123779297,
				487
			],
			[
				203.42857360839844,
				328.0000534057617,
				521
			],
			[
				193.71429443359375,
				336.8572006225586,
				556
			],
			[
				185.14288330078125,
				344.5714340209961,
				587
			],
			[
				176.2857208251953,
				352.5714340209961,
				620
			],
			[
				165.71429443359375,
				360.8572006225586,
				654
			],
			[
				158.5714569091797,
				367.42858123779297,
				688
			],
			[
				150.85714721679688,
				375.42858123779297,
				720
			],
			[
				143.1428680419922,
				384.5714340209961,
				754
			],
			[
				135.71429443359375,
				392.28572845458984,
				787
			]
		]
	}
}