{
	"env": 5002,
	"subject": "5002",
	"line_num": 1,
	"first": {
		"dev_index": "2",
		"dev_info": "etc",
		"width": 483,
		"height": 552.5369649805448,
		"timestamp": 1565831849599,
		"lines": [
			[
				431,
				249.5,
				0
			],
			[
				423,
				253,
				46
			],
			[
				419,
				255,
				63
			],
			[
				411.5,
				261,
				80
			],
			[
				404.5,
				267,
				97
			],
			[
				401,
				270,
				112
			],
			[
				394,
				275,
				130
			],
			[
				389,
				280,
				146
			],
			[
				387,
				282.5,
				163
			],
			[
				383,
				287.5,
				180
			],
			[
				378.5,
				292.5,
				196
			],
			[
				373,
				296.5,
				213
			],
			[
				370.5,
				298.5,
				229
			],
			[
				365,
				303.5,
				245
			],
			[
				362.5,
				306,
				263
			],
			[
				357,
				309.5,
				280
			],
			[
				351.5,
				313.5,
				297
			],
			[
				347,
				316.5,
				314
			],
			[
				345,
				318,
				331
			],
			[
				341,
				320.5,
				346
			],
			[
				339,
				322,
				363
			],
			[
				335,
				325,
				380
			],
			[
				330.5,
				328.5,
				396
			],
			[
				326.5,
				332,
				413
			],
			[
				325,
				333.5,
				429
			],
			[
				321,
				336.5,
				446
			],
			[
				319,
				337.5,
				464
			],
			[
				314.5,
				340,
				479
			],
			[
				309.5,
				342,
				496
			],
			[
				305,
				344.5,
				513
			],
			[
				302.5,
				346,
				529
			],
			[
				298.5,
				349,
				547
			],
			[
				296.5,
				351,
				564
			],
			[
				292,
				354,
				581
			],
			[
				287.5,
				357,
				597
			],
			[
				283,
				359.5,
				613
			],
			[
				281,
				360.5,
				631
			],
			[
				278,
				362.5,
				647
			],
			[
				276,
				363.5,
				664
			],
			[
				272,
				366,
				680
			],
			[
				267.5,
				369,
				697
			],
			[
				261.5,
				372.5,
				715
			]
		]
	},
	"second": {
		"dev_index": "3",
		"dev_info": "etc",
		"width": 412,
		"height": 761,
		"timestamp": 1565831850670,
		"lines": [
			[
				336.8571472167969,
				292.8572006225586,
				0
			],
			[
				332.5714416503906,
				293.14290618896484,
				25
			],
			[
				327.1429138183594,
				293.14290618896484,
				41
			],
			[
				321.4285888671875,
				294.28572845458984,
				59
			],
			[
				315.71429443359375,
				296.8572006225586,
				75
			],
			[
				309.1429138183594,
				301.14290618896484,
				91
			],
			[
				302,
				305.7142868041992,
				108
			],
			[
				295.1429138183594,
				310.28572845458984,
				125
			],
			[
				288,
				314.8572006225586,
				142
			],
			[
				280.8571472167969,
				319.42858123779297,
				158
			],
			[
				259.1429138183594,
				331.42858123779297,
				210
			],
			[
				246.85714721679688,
				338.0000534057617,
				242
			],
			[
				235.14288330078125,
				344.5714340209961,
				275
			],
			[
				224.5714569091797,
				351.14290618896484,
				308
			],
			[
				214.5714569091797,
				357.42858123779297,
				343
			],
			[
				206.85714721679688,
				363.14290618896484,
				378
			],
			[
				198.85714721679688,
				368.5714340209961,
				410
			],
			[
				189.42857360839844,
				374.0000534057617,
				444
			],
			[
				181.14288330078125,
				379.7142868041992,
				478
			],
			[
				169.14288330078125,
				388.28572845458984,
				510
			],
			[
				152.85714721679688,
				400.28572845458984,
				545
			],
			[
				134.28573608398438,
				412.0000534057617,
				579
			],
			[
				121.42857360839844,
				418.5714340209961,
				609
			],
			[
				113.71430206298828,
				422.0000534057617,
				646
			],
			[
				105.14286041259766,
				425.42858123779297,
				676
			],
			[
				95.71428680419922,
				429.42858123779297,
				710
			],
			[
				86.57144165039062,
				432.8572006225586,
				745
			],
			[
				76.28572845458984,
				435.71434783935547,
				778
			],
			[
				68.28572845458984,
				438.8572006225586,
				810
			],
			[
				63.42857360839844,
				440.5714340209961,
				835
			]
		]
	}
}