{
	"env": 5002,
	"subject": "5002",
	"line_num": 1,
	"first": {
		"dev_index": "2",
		"dev_info": "etc",
		"width": 483,
		"height": 552.5369649805448,
		"timestamp": 1565831860656,
		"lines": [
			[
				351.5,
				92,
				0
			],
			[
				347.5,
				94.5,
				24
			],
			[
				345,
				96,
				38
			],
			[
				342.5,
				98,
				47
			],
			[
				339.5,
				99.5,
				63
			],
			[
				334,
				103.5,
				81
			],
			[
				331.5,
				105.5,
				97
			],
			[
				326,
				111,
				114
			],
			[
				320.5,
				116.5,
				130
			],
			[
				315.5,
				121,
				147
			],
			[
				313,
				123.5,
				164
			],
			[
				307.5,
				127.5,
				180
			],
			[
				305,
				129,
				196
			],
			[
				300.5,
				132.5,
				214
			],
			[
				296,
				136.5,
				230
			],
			[
				292,
				140.5,
				246
			],
			[
				290,
				142.5,
				263
			],
			[
				285.5,
				146,
				280
			],
			[
				281,
				149,
				297
			],
			[
				279,
				150.5,
				314
			],
			[
				275,
				154,
				330
			],
			[
				271,
				157.5,
				347
			],
			[
				268.5,
				159,
				364
			],
			[
				264.5,
				162,
				381
			],
			[
				260.5,
				165,
				397
			],
			[
				258.5,
				166.5,
				415
			],
			[
				255,
				169.5,
				431
			],
			[
				251,
				173,
				448
			],
			[
				248.5,
				174.5,
				464
			],
			[
				244.5,
				178,
				480
			],
			[
				241.5,
				181,
				496
			],
			[
				240,
				182.5,
				514
			],
			[
				237,
				185.5,
				530
			],
			[
				234.5,
				187.5,
				546
			],
			[
				232,
				189.5,
				564
			],
			[
				231,
				190.5,
				584
			],
			[
				229.5,
				191.5,
				596
			],
			[
				229,
				191.5,
				614
			],
			[
				228.5,
				192,
				630
			],
			[
				228.5,
				192.5,
				648
			],
			[
				228.5,
				192,
				663
			],
			[
				227.5,
				194,
				681
			],
			[
				225,
				197,
				697
			],
			[
				223,
				198.5,
				714
			],
			[
				220,
				202,
				731
			],
			[
				217,
				205,
				748
			],
			[
				213,
				208.5,
				764
			],
			[
				210.5,
				210,
				782
			]
		]
	},
	"second": {
		"dev_index": "3",
		"dev_info": "etc",
		"width": 412,
		"height": 761,
		"timestamp": 1565831861855,
		"lines": [
			[
				319.4285888671875,
				86.5714340209961,
				0
			],
			[
				319.4285888671875,
				87.42859649658203,
				15
			],
			[
				317.4285888671875,
				88.00000762939453,
				32
			],
			[
				312,
				90.85713958740234,
				56
			],
			[
				307.1429138183594,
				94.0000228881836,
				70
			],
			[
				302.2857666015625,
				97.71428680419922,
				88
			],
			[
				296.8571472167969,
				102.0000228881836,
				105
			],
			[
				290.57147216796875,
				106.5714340209961,
				122
			],
			[
				284.2857360839844,
				111.42859649658203,
				138
			],
			[
				278.57147216796875,
				115.71428680419922,
				154
			],
			[
				273.4285888671875,
				119.71428680419922,
				170
			],
			[
				268.8571472167969,
				122.85717010498047,
				188
			],
			[
				256.57147216796875,
				132.28571319580078,
				240
			],
			[
				248.00003051757812,
				139.42859649658203,
				273
			],
			[
				239.42860412597656,
				144.85717010498047,
				307
			],
			[
				232.5714569091797,
				150.5714340209961,
				342
			],
			[
				226.2857208251953,
				156.28571319580078,
				373
			],
			[
				219.14288330078125,
				160.85717010498047,
				407
			],
			[
				213.14288330078125,
				165.71428680419922,
				440
			],
			[
				208.5714569091797,
				169.14286041259766,
				474
			],
			[
				205.71429443359375,
				171.71428680419922,
				506
			],
			[
				201.71429443359375,
				175.42859649658203,
				540
			],
			[
				195.42857360839844,
				180.5714340209961,
				574
			],
			[
				189.71429443359375,
				184.85717010498047,
				605
			],
			[
				185.71429443359375,
				190.2857437133789,
				640
			],
			[
				180.85714721679688,
				195.14286041259766,
				674
			],
			[
				175.42857360839844,
				199.14286041259766,
				707
			],
			[
				168.85714721679688,
				203.14287567138672,
				740
			],
			[
				163.14288330078125,
				206.85713958740234,
				774
			],
			[
				158.2857208251953,
				210.85713958740234,
				805
			],
			[
				152,
				215.14287567138672,
				839
			],
			[
				145.71429443359375,
				219.4286117553711,
				871
			],
			[
				139.1428680419922,
				225.14287567138672,
				906
			]
		]
	}
}