{
	"env": 1234,
	"subject": "1234",
	"line_num": 0,
	"first": {
		"dev_index": "2",
		"dev_info": "etc",
		"width": 382,
		"height": 266.75650842266464,
		"timestamp": 1564436086655,
		"lines": [
			[
				257,
				146.5,
				0
			],
			[
				257,
				146.5,
				20
			],
			[
				257,
				152.5,
				28
			],
			[
				257,
				157.5,
				36
			],
			[
				254,
				182.5,
				43
			],
			[
				254,
				219.5,
				51
			],
			[
				254,
				232.5,
				58
			],
			[
				254,
				265.5,
				66
			],
			[
				254,
				306.5,
				74
			],
			[
				254,
				336.5,
				81
			],
			[
				254,
				348.5,
				89
			],
			[
				254,
				373.5,
				96
			],
			[
				254,
				389.5,
				103
			],
			[
				254,
				393.5,
				111
			],
			[
				255,
				400.5,
				119
			]
		]
	},
	"second": {
		"dev_index": "2",
		"dev_info": "etc",
		"width": 382,
		"height": 266.75650842266464,
		"timestamp": 1564436086946,
		"lines": [
			[
				134,
				207.5,
				0
			],
			[
				134,
				208.5,
				14
			],
			[
				134,
				212.5,
				22
			],
			[
				134,
				223.5,
				29
			],
			[
				132,
				251.5,
				37
			],
			[
				132,
				264.5,
				46
			],
			[
				130,
				314.5,
				52
			],
			[
				129,
				358.5,
				59
			],
			[
				129,
				375.5,
				66
			],
			[
				129,
				412.5,
				76
			],
			[
				129,
				455.5,
				82
			],
			[
				129,
				486.5,
				89
			],
			[
				129,
				491.5,
				97
			],
			[
				129,
				498.5,
				105
			],
			[
				130,
				499.5,
				111
			]
		]
	}
}