{
	"env": 1,
	"subject": "1",
	"line_num": 0,
	"first": {
		"dev_index": "1",
		"dev_info": "etc",
		"width": 483,
		"height": 623.2865497076024,
		"timestamp": 1564441553195,
		"lines": [
			[
				340,
				121.5,
				0
			],
			[
				336,
				123,
				16
			],
			[
				331,
				126,
				29
			],
			[
				325,
				130,
				48
			],
			[
				312.5,
				139,
				62
			],
			[
				299,
				146.5,
				80
			],
			[
				293,
				149,
				96
			],
			[
				281,
				155,
				111
			],
			[
				269.5,
				160.5,
				131
			],
			[
				265,
				164,
				147
			],
			[
				256.5,
				170,
				165
			],
			[
				250,
				175,
				179
			],
			[
				247,
				176.5,
				196
			],
			[
				241.5,
				179.5,
				213
			],
			[
				238,
				181,
				229
			],
			[
				230,
				184.5,
				245
			],
			[
				221,
				189,
				263
			],
			[
				212,
				193.5,
				280
			],
			[
				207.5,
				196,
				296
			],
			[
				199.5,
				201.5,
				314
			],
			[
				193.5,
				207.5,
				331
			],
			[
				190.5,
				210,
				346
			],
			[
				185,
				213.5,
				363
			],
			[
				180,
				216,
				380
			],
			[
				177,
				217.5,
				396
			],
			[
				171,
				220.5,
				412
			],
			[
				164.5,
				225,
				431
			],
			[
				161,
				227.5,
				448
			],
			[
				155.5,
				232.5,
				462
			],
			[
				150,
				236,
				481
			],
			[
				147.5,
				238,
				495
			],
			[
				142.5,
				240,
				514
			],
			[
				138.5,
				242,
				530
			],
			[
				136,
				243,
				546
			],
			[
				131.5,
				245,
				563
			],
			[
				126,
				249,
				578
			],
			[
				123,
				251,
				596
			],
			[
				116.5,
				255.5,
				611
			],
			[
				111,
				259.5,
				633
			],
			[
				107.5,
				261.5,
				648
			],
			[
				102.5,
				265,
				665
			]
		]
	},
	"second": {
		"dev_index": "2",
		"dev_info": "etc",
		"width": 483,
		"height": 644.6264591439689,
		"timestamp": 1564441554232,
		"lines": [
			[
				339,
				314,
				0
			],
			[
				337,
				314.5,
				1
			],
			[
				334.5,
				315,
				13
			],
			[
				331.5,
				316.5,
				25
			],
			[
				324.5,
				321,
				42
			],
			[
				320.5,
				324,
				64
			],
			[
				312,
				330,
				78
			],
			[
				304.5,
				336.5,
				92
			],
			[
				300,
				339,
				109
			],
			[
				292.5,
				344.5,
				125
			],
			[
				285.5,
				351,
				145
			],
			[
				277.5,
				357,
				162
			],
			[
				273.5,
				360,
				176
			],
			[
				266,
				365,
				192
			],
			[
				262.5,
				367,
				208
			],
			[
				255.5,
				371.5,
				229
			],
			[
				248.5,
				376.5,
				245
			],
			[
				242,
				381.5,
				261
			],
			[
				239,
				384,
				275
			],
			[
				232.5,
				389.5,
				292
			],
			[
				229.5,
				392,
				308
			],
			[
				224,
				396.5,
				325
			],
			[
				219,
				400,
				344
			],
			[
				215,
				403.5,
				371
			],
			[
				208,
				408,
				393
			],
			[
				205.5,
				409.5,
				410
			],
			[
				201,
				412.5,
				427
			],
			[
				198,
				415.5,
				442
			],
			[
				197,
				416.5,
				459
			],
			[
				194,
				418,
				478
			],
			[
				191.5,
				419.5,
				495
			],
			[
				190,
				420,
				509
			],
			[
				186.5,
				421.5,
				527
			],
			[
				182,
				424,
				544
			],
			[
				177,
				428,
				559
			],
			[
				171,
				434,
				579
			],
			[
				168,
				437,
				594
			],
			[
				165,
				440,
				610
			],
			[
				160,
				444.5,
				628
			],
			[
				156.5,
				447,
				644
			],
			[
				155,
				448.5,
				660
			]
		]
	}
}