{
	"env": 1,
	"subject": "1",
	"line_num": 1,
	"first": {
		"dev_index": "2",
		"dev_info": "etc",
		"width": 483,
		"height": 644.6264591439689,
		"timestamp": 1564441555275,
		"lines": [
			[
				315,
				426.5,
				0
			],
			[
				312.5,
				425.5,
				27
			],
			[
				310.5,
				425,
				34
			],
			[
				308.5,
				424,
				54
			],
			[
				305.5,
				423,
				67
			],
			[
				298.5,
				420,
				83
			],
			[
				289,
				416.5,
				101
			],
			[
				279,
				412,
				118
			],
			[
				273.5,
				410,
				133
			],
			[
				262.5,
				406,
				152
			],
			[
				257.5,
				404,
				167
			],
			[
				246,
				400.5,
				184
			],
			[
				235.5,
				397.5,
				203
			],
			[
				225.5,
				394,
				219
			],
			[
				220.5,
				392.5,
				235
			],
			[
				212.5,
				388.5,
				250
			],
			[
				204.5,
				385,
				273
			],
			[
				201,
				383,
				285
			],
			[
				194,
				379.5,
				301
			],
			[
				186.5,
				375.5,
				318
			],
			[
				182.5,
				373.5,
				333
			],
			[
				175,
				370,
				349
			],
			[
				168.5,
				366.5,
				369
			],
			[
				164.5,
				364.5,
				384
			],
			[
				158.5,
				361.5,
				401
			],
			[
				152.5,
				358.5,
				418
			],
			[
				147,
				356,
				437
			],
			[
				144,
				355,
				452
			],
			[
				137.5,
				353,
				467
			],
			[
				134.5,
				351.5,
				484
			],
			[
				127.5,
				348.5,
				501
			],
			[
				120,
				345.5,
				518
			],
			[
				116.5,
				343.5,
				533
			],
			[
				110,
				340,
				550
			],
			[
				103,
				337.5,
				570
			],
			[
				99.5,
				336,
				586
			],
			[
				93,
				333,
				603
			],
			[
				86.5,
				329.5,
				618
			],
			[
				83,
				328,
				634
			],
			[
				76,
				323,
				653
			],
			[
				68,
				318.5,
				669
			],
			[
				64,
				315.5,
				685
			],
			[
				56,
				308.5,
				700
			]
		]
	},
	"second": {
		"dev_index": "3",
		"dev_info": "etc",
		"width": 287,
		"height": 285.03693570451435,
		"timestamp": 1564441556269,
		"lines": [
			[
				220.5,
				300,
				0
			],
			[
				216.5,
				299,
				1
			],
			[
				211.5,
				297,
				11
			],
			[
				205.5,
				294.5,
				19
			],
			[
				200,
				292,
				31
			],
			[
				195,
				289,
				40
			],
			[
				190,
				287,
				57
			],
			[
				185.5,
				284,
				59
			],
			[
				180.5,
				282,
				72
			],
			[
				176.5,
				279.5,
				80
			],
			[
				172.5,
				277.5,
				92
			],
			[
				168.5,
				275.5,
				100
			],
			[
				164.5,
				273,
				113
			],
			[
				160.5,
				270.5,
				121
			],
			[
				157,
				267.5,
				133
			],
			[
				153,
				265,
				140
			],
			[
				149.5,
				262.5,
				153
			],
			[
				146,
				260,
				162
			],
			[
				142.5,
				258,
				173
			],
			[
				139,
				255.5,
				180
			],
			[
				135.5,
				254,
				192
			],
			[
				132.5,
				252,
				200
			],
			[
				129,
				250.5,
				213
			],
			[
				126,
				249,
				220
			],
			[
				123,
				247,
				232
			],
			[
				120.5,
				245,
				241
			],
			[
				117.5,
				243,
				252
			],
			[
				115,
				241,
				260
			],
			[
				112,
				239,
				271
			],
			[
				109.5,
				237,
				279
			],
			[
				107,
				235,
				291
			],
			[
				104.5,
				233.5,
				299
			],
			[
				101.5,
				231.5,
				312
			],
			[
				98.5,
				230,
				319
			],
			[
				95.5,
				229,
				331
			],
			[
				92,
				227.5,
				339
			],
			[
				89,
				225.5,
				352
			],
			[
				85.5,
				223.5,
				360
			],
			[
				82,
				221.5,
				372
			],
			[
				78.5,
				220,
				379
			],
			[
				74.5,
				217.5,
				391
			],
			[
				70.5,
				216,
				399
			],
			[
				66.5,
				214,
				412
			],
			[
				62.5,
				211.5,
				419
			]
		]
	}
}