{
	"env": 1,
	"subject": "1",
	"line_num": 0,
	"first": {
		"dev_index": "1",
		"dev_info": "etc",
		"width": 483,
		"height": 623.2865497076024,
		"timestamp": 1564441761228,
		"lines": [
			[
				339,
				108,
				0
			],
			[
				340,
				110,
				3
			],
			[
				335.5,
				112,
				24
			],
			[
				329.5,
				116,
				39
			],
			[
				322.5,
				121.5,
				61
			],
			[
				319,
				124,
				71
			],
			[
				311.5,
				129,
				90
			],
			[
				305,
				133.5,
				105
			],
			[
				301.5,
				136,
				124
			],
			[
				294.5,
				140.5,
				140
			],
			[
				288,
				145.5,
				157
			],
			[
				281,
				150,
				175
			],
			[
				277.5,
				152,
				189
			],
			[
				270.5,
				156,
				205
			],
			[
				266.5,
				158.5,
				222
			],
			[
				259,
				163,
				239
			],
			[
				252,
				167.5,
				258
			],
			[
				249,
				169,
				272
			],
			[
				244,
				172,
				290
			],
			[
				239.5,
				175,
				306
			],
			[
				237,
				176.5,
				323
			],
			[
				231.5,
				179,
				341
			],
			[
				226,
				183,
				357
			],
			[
				221,
				187,
				373
			],
			[
				219,
				188.5,
				390
			],
			[
				213,
				192,
				405
			],
			[
				210.5,
				193.5,
				422
			],
			[
				204,
				197.5,
				441
			],
			[
				198,
				202,
				457
			],
			[
				191.5,
				207.5,
				474
			],
			[
				188.5,
				210,
				491
			],
			[
				182.5,
				215,
				506
			],
			[
				179.5,
				217,
				522
			],
			[
				173.5,
				222,
				541
			],
			[
				168,
				226.5,
				559
			],
			[
				163,
				231,
				574
			],
			[
				160.5,
				233,
				590
			],
			[
				156,
				236,
				613
			],
			[
				147.5,
				241.5,
				646
			],
			[
				145.5,
				243,
				655
			],
			[
				137,
				248.5,
				698
			],
			[
				135,
				250,
				706
			],
			[
				133.5,
				251,
				723
			],
			[
				130,
				253,
				741
			],
			[
				126,
				254.5,
				757
			],
			[
				121.5,
				256.5,
				774
			],
			[
				119.5,
				257.5,
				789
			],
			[
				116,
				259.5,
				808
			],
			[
				114,
				261,
				822
			],
			[
				110.5,
				264,
				841
			]
		]
	},
	"second": {
		"dev_index": "2",
		"dev_info": "etc",
		"width": 483,
		"height": 644.6264591439689,
		"timestamp": 1564441762624,
		"lines": [
			[
				329,
				323,
				0
			],
			[
				327,
				324,
				1
			],
			[
				321.5,
				327.5,
				16
			],
			[
				318,
				330.5,
				28
			],
			[
				315,
				333,
				44
			],
			[
				312,
				336,
				62
			],
			[
				303.5,
				345,
				78
			],
			[
				301,
				348,
				93
			],
			[
				295,
				354.5,
				112
			],
			[
				289.5,
				359,
				127
			],
			[
				286.5,
				361.5,
				144
			],
			[
				282,
				366,
				161
			],
			[
				278,
				370,
				177
			],
			[
				275.5,
				372,
				194
			],
			[
				271.5,
				376,
				210
			],
			[
				268.5,
				378,
				226
			],
			[
				264.5,
				383,
				245
			],
			[
				260.5,
				387,
				260
			],
			[
				256.5,
				391,
				277
			],
			[
				255,
				393,
				293
			],
			[
				252,
				397,
				313
			],
			[
				249,
				400.5,
				329
			],
			[
				247.5,
				401.5,
				343
			],
			[
				245,
				404.5,
				361
			],
			[
				242.5,
				407,
				377
			],
			[
				241.5,
				408,
				393
			],
			[
				238,
				411.5,
				413
			],
			[
				236,
				412.5,
				428
			],
			[
				232,
				416,
				444
			],
			[
				228,
				419,
				460
			],
			[
				224.5,
				422,
				478
			],
			[
				223,
				423,
				493
			],
			[
				220,
				425.5,
				513
			],
			[
				216.5,
				428,
				527
			],
			[
				214.5,
				429.5,
				544
			],
			[
				210.5,
				432.5,
				561
			],
			[
				206.5,
				436,
				578
			],
			[
				204.5,
				438,
				593
			],
			[
				200.5,
				441.5,
				613
			],
			[
				196.5,
				445.5,
				630
			],
			[
				195,
				446.5,
				647
			],
			[
				191,
				450,
				660
			],
			[
				188,
				451.5,
				680
			],
			[
				186,
				452.5,
				697
			],
			[
				185,
				453,
				712
			],
			[
				184,
				453,
				728
			],
			[
				184,
				452.5,
				755
			]
		]
	}
}