{
	"env": 12,
	"subject": "12",
	"line_num": 1,
	"first": {
		"dev_index": "2",
		"dev_info": "etc",
		"width": 483,
		"height": 644.6264591439689,
		"timestamp": 1564441928743,
		"lines": [
			[
				358,
				251.5,
				0
			],
			[
				354.5,
				250.5,
				22
			],
			[
				352,
				249.5,
				40
			],
			[
				345.5,
				247.5,
				57
			],
			[
				342,
				246.5,
				73
			],
			[
				334,
				244.5,
				89
			],
			[
				325.5,
				241.5,
				105
			],
			[
				321,
				240.5,
				122
			],
			[
				312.5,
				237.5,
				141
			],
			[
				304.5,
				235.5,
				156
			],
			[
				300,
				234.5,
				173
			],
			[
				291.5,
				232.5,
				189
			],
			[
				284.5,
				231,
				208
			],
			[
				277.5,
				229.5,
				225
			],
			[
				274.5,
				228.5,
				240
			],
			[
				271,
				227,
				255
			],
			[
				264.5,
				225.5,
				275
			],
			[
				257,
				224,
				289
			],
			[
				250,
				223,
				307
			],
			[
				246.5,
				222,
				323
			],
			[
				240,
				221,
				340
			],
			[
				233.5,
				219.5,
				356
			],
			[
				230,
				218.5,
				374
			],
			[
				223.5,
				216.5,
				389
			],
			[
				217.5,
				214.5,
				408
			],
			[
				214,
				213.5,
				422
			],
			[
				207,
				212,
				442
			],
			[
				204,
				211,
				455
			],
			[
				197.5,
				210,
				475
			],
			[
				191,
				208,
				491
			],
			[
				184.5,
				206.5,
				507
			],
			[
				178.5,
				205,
				524
			],
			[
				175.5,
				204,
				540
			],
			[
				170,
				201,
				556
			],
			[
				162,
				196.5,
				586
			],
			[
				156.5,
				193.5,
				608
			],
			[
				150,
				191,
				626
			],
			[
				147,
				190.5,
				638
			],
			[
				140.5,
				188,
				655
			],
			[
				137.5,
				187,
				673
			],
			[
				131,
				185.5,
				690
			],
			[
				125,
				183.5,
				707
			],
			[
				122,
				182.5,
				722
			],
			[
				116,
				181,
				740
			],
			[
				111,
				179,
				756
			],
			[
				109,
				178,
				772
			],
			[
				104.5,
				177,
				788
			],
			[
				100,
				175.5,
				807
			],
			[
				96,
				175,
				825
			]
		]
	},
	"second": {
		"dev_index": "3",
		"dev_info": "etc",
		"width": 287,
		"height": 285.03693570451435,
		"timestamp": 1564441929988,
		"lines": [
			[
				234,
				197.5,
				0
			],
			[
				231,
				197,
				9
			],
			[
				228,
				196,
				16
			],
			[
				225,
				195,
				29
			],
			[
				221.5,
				194,
				36
			],
			[
				218.5,
				193,
				48
			],
			[
				215,
				191.5,
				63
			],
			[
				211.5,
				190.5,
				72
			],
			[
				207.5,
				189,
				77
			],
			[
				204,
				187.5,
				89
			],
			[
				200,
				187,
				99
			],
			[
				193.5,
				184.5,
				119
			],
			[
				190,
				183.5,
				130
			],
			[
				187,
				182.5,
				137
			],
			[
				184,
				181.5,
				149
			],
			[
				181,
				180,
				157
			],
			[
				178,
				179.5,
				169
			],
			[
				175.5,
				179,
				177
			],
			[
				172.5,
				178,
				189
			],
			[
				170,
				177,
				197
			],
			[
				167,
				176.5,
				209
			],
			[
				164,
				176,
				217
			],
			[
				161.5,
				175,
				231
			],
			[
				158,
				174,
				237
			],
			[
				155,
				173.5,
				249
			],
			[
				152,
				172.5,
				257
			],
			[
				149,
				171.5,
				269
			],
			[
				146.5,
				171,
				277
			],
			[
				143.5,
				170,
				289
			],
			[
				141,
				169,
				297
			],
			[
				138.5,
				168.5,
				310
			],
			[
				136.5,
				167.5,
				317
			],
			[
				134,
				166.5,
				331
			],
			[
				131.5,
				166,
				337
			],
			[
				129,
				165,
				349
			],
			[
				126.5,
				164,
				356
			],
			[
				124,
				163,
				368
			],
			[
				122,
				161.5,
				376
			],
			[
				119.5,
				160.5,
				389
			],
			[
				117,
				159.5,
				396
			],
			[
				114.5,
				158.5,
				409
			],
			[
				112,
				157.5,
				416
			],
			[
				109.5,
				156.5,
				428
			],
			[
				107.5,
				156,
				448
			],
			[
				103.5,
				154,
				457
			],
			[
				101.5,
				154,
				469
			],
			[
				99,
				153,
				479
			],
			[
				97,
				153,
				489
			],
			[
				95,
				152.5,
				496
			],
			[
				92.5,
				152,
				508
			],
			[
				90,
				151.5,
				518
			],
			[
				88.5,
				151,
				528
			],
			[
				86.5,
				150.5,
				535
			],
			[
				84.5,
				150,
				549
			],
			[
				82.5,
				149.5,
				557
			],
			[
				81,
				149,
				568
			],
			[
				79,
				149,
				576
			],
			[
				77,
				148,
				588
			],
			[
				75.5,
				148,
				597
			],
			[
				74,
				147.5,
				608
			],
			[
				73,
				146.5,
				616
			],
			[
				73,
				147,
				629
			],
			[
				73.5,
				147,
				636
			],
			[
				74,
				147,
				648
			]
		]
	}
}