{
	"env": 123,
	"subject": "123",
	"line_num": 0,
	"first": {
		"dev_index": "1",
		"dev_info": "etc",
		"width": 483,
		"height": 623.2865497076024,
		"timestamp": 1564442015570,
		"lines": [
			[
				293.5,
				69,
				0
			],
			[
				292.5,
				69,
				6
			],
			[
				288.5,
				71,
				38
			],
			[
				286,
				72.5,
				56
			],
			[
				278,
				78.5,
				74
			],
			[
				270.5,
				84,
				89
			],
			[
				267,
				87.5,
				105
			],
			[
				259.5,
				93.5,
				120
			],
			[
				252.5,
				100,
				140
			],
			[
				244,
				108,
				173
			],
			[
				239,
				112,
				187
			],
			[
				229.5,
				120.5,
				230
			],
			[
				225.5,
				124.5,
				257
			],
			[
				222,
				127.5,
				272
			],
			[
				217.5,
				131,
				289
			],
			[
				215,
				132.5,
				303
			],
			[
				209.5,
				137,
				322
			],
			[
				207.5,
				139,
				337
			],
			[
				202.5,
				144,
				355
			],
			[
				198.5,
				148,
				372
			],
			[
				193.5,
				152,
				389
			],
			[
				191.5,
				154,
				404
			],
			[
				187,
				158,
				420
			],
			[
				184.5,
				159.5,
				437
			],
			[
				181,
				163.5,
				457
			],
			[
				178.5,
				166,
				470
			],
			[
				175.5,
				168,
				487
			],
			[
				173.5,
				169,
				503
			],
			[
				169.5,
				171,
				522
			],
			[
				167.5,
				172.5,
				537
			],
			[
				163,
				175,
				555
			],
			[
				158.5,
				178,
				570
			],
			[
				153,
				183,
				588
			],
			[
				147,
				188,
				607
			],
			[
				143.5,
				190,
				620
			],
			[
				138.5,
				194,
				640
			],
			[
				136,
				196,
				656
			],
			[
				131,
				201,
				673
			],
			[
				126,
				205.5,
				689
			],
			[
				123.5,
				208,
				705
			],
			[
				118.5,
				212,
				722
			],
			[
				114.5,
				215,
				740
			],
			[
				112.5,
				216.5,
				757
			],
			[
				109,
				219,
				774
			],
			[
				105,
				222,
				790
			],
			[
				101,
				225,
				808
			],
			[
				93.5,
				230.5,
				847
			],
			[
				92.5,
				231.5,
				863
			],
			[
				91,
				233,
				874
			],
			[
				85,
				238,
				915
			],
			[
				82,
				241,
				939
			]
		]
	},
	"second": {
		"dev_index": "2",
		"dev_info": "etc",
		"width": 483,
		"height": 644.6264591439689,
		"timestamp": 1564442017096,
		"lines": [
			[
				341.5,
				289.5,
				0
			],
			[
				338.5,
				291.5,
				13
			],
			[
				337,
				293.5,
				28
			],
			[
				332.5,
				297.5,
				49
			],
			[
				328.5,
				302.5,
				62
			],
			[
				323.5,
				308.5,
				79
			],
			[
				321,
				311,
				95
			],
			[
				316,
				316,
				112
			],
			[
				311.5,
				320.5,
				132
			],
			[
				309.5,
				322,
				148
			],
			[
				305.5,
				325.5,
				163
			],
			[
				301.5,
				330,
				180
			],
			[
				299.5,
				331.5,
				197
			],
			[
				295.5,
				335,
				213
			],
			[
				292,
				338,
				233
			],
			[
				290,
				339,
				246
			],
			[
				287,
				341.5,
				265
			],
			[
				283.5,
				344.5,
				281
			],
			[
				281.5,
				346.5,
				298
			],
			[
				278,
				350.5,
				313
			],
			[
				273.5,
				354.5,
				330
			],
			[
				271,
				357,
				347
			],
			[
				266.5,
				361,
				364
			],
			[
				262.5,
				365.5,
				380
			],
			[
				260,
				367.5,
				397
			],
			[
				255,
				372,
				414
			],
			[
				253,
				374,
				430
			],
			[
				247.5,
				378.5,
				447
			],
			[
				242.5,
				382.5,
				464
			],
			[
				238.5,
				386,
				480
			],
			[
				234,
				389.5,
				498
			],
			[
				231.5,
				391.5,
				517
			],
			[
				227,
				395.5,
				533
			],
			[
				224.5,
				397,
				549
			],
			[
				221,
				400.5,
				564
			],
			[
				218,
				403,
				580
			],
			[
				217,
				404,
				596
			],
			[
				213.5,
				406.5,
				613
			],
			[
				212,
				408,
				628
			],
			[
				208,
				411,
				648
			],
			[
				204.5,
				413.5,
				665
			],
			[
				202,
				416.5,
				681
			],
			[
				200.5,
				418,
				695
			],
			[
				198,
				420.5,
				714
			],
			[
				195.5,
				422.5,
				729
			],
			[
				194.5,
				423.5,
				747
			],
			[
				191.5,
				425.5,
				764
			],
			[
				187.5,
				427.5,
				779
			],
			[
				185.5,
				428,
				797
			],
			[
				182,
				429.5,
				814
			],
			[
				181,
				430,
				830
			],
			[
				178,
				432,
				848
			],
			[
				176.5,
				434.5,
				863
			],
			[
				176,
				436,
				879
			]
		]
	}
}