{
	"env": 1234,
	"subject": "1234",
	"line_num": 0,
	"first": {
		"dev_index": "2",
		"dev_info": "etc",
		"width": 382,
		"height": 266.75650842266464,
		"timestamp": 1564436087614,
		"lines": [
			[
				155,
				235.5,
				0
			],
			[
				155,
				237.5,
				29
			],
			[
				155,
				255.5,
				36
			],
			[
				155,
				285.5,
				45
			],
			[
				154,
				316.5,
				51
			],
			[
				149,
				354.5,
				61
			],
			[
				146,
				398.5,
				66
			],
			[
				142,
				425.5,
				76
			],
			[
				141,
				469.5,
				82
			],
			[
				141,
				503.5,
				89
			],
			[
				141,
				529.5,
				95
			],
			[
				141,
				535.5,
				102
			],
			[
				140,
				541.5,
				111
			],
			[
				140,
				542.5,
				119
			]
		]
	},
	"second": {
		"dev_index": "2",
		"dev_info": "etc",
		"width": 382,
		"height": 266.75650842266464,
		"timestamp": 1564436087929,
		"lines": [
			[
				173,
				213.5,
				0
			],
			[
				172,
				227.5,
				36
			],
			[
				167,
				265.5,
				44
			],
			[
				158,
				306.5,
				51
			],
			[
				154,
				327.5,
				60
			],
			[
				144,
				382.5,
				66
			],
			[
				138,
				416.5,
				74
			],
			[
				136,
				447.5,
				82
			],
			[
				136,
				455.5,
				89
			],
			[
				136,
				464.5,
				96
			],
			[
				136,
				471.5,
				104
			],
			[
				136,
				472.5,
				111
			],
			[
				136,
				475.5,
				119
			],
			[
				136,
				476.5,
				128
			]
		]
	}
}