{
	"env": 123,
	"subject": "123",
	"line_num": 0,
	"first": {
		"dev_index": "1",
		"dev_info": "etc",
		"width": 483,
		"height": 623.2865497076024,
		"timestamp": 1564442030539,
		"lines": [
			[
				318,
				179,
				0
			],
			[
				315,
				179,
				16
			],
			[
				311,
				179.5,
				30
			],
			[
				306.5,
				180.5,
				45
			],
			[
				295.5,
				183.5,
				63
			],
			[
				285,
				185.5,
				79
			],
			[
				279,
				187,
				95
			],
			[
				268,
				189,
				113
			],
			[
				258.5,
				191.5,
				129
			],
			[
				253.5,
				192.5,
				146
			],
			[
				244,
				194.5,
				164
			],
			[
				235,
				196,
				180
			],
			[
				230.5,
				197,
				196
			],
			[
				222,
				198,
				211
			],
			[
				214.5,
				199.5,
				231
			],
			[
				211,
				200.5,
				246
			],
			[
				203,
				202.5,
				263
			],
			[
				195,
				204.5,
				278
			],
			[
				191,
				205.5,
				295
			],
			[
				183.5,
				207,
				314
			],
			[
				177,
				208.5,
				329
			],
			[
				173.5,
				209,
				346
			],
			[
				167,
				210,
				362
			],
			[
				160.5,
				211,
				380
			],
			[
				154,
				212,
				398
			],
			[
				150.5,
				212.5,
				413
			],
			[
				147.5,
				213,
				429
			],
			[
				140,
				213,
				446
			],
			[
				134,
				214,
				462
			],
			[
				128,
				214.5,
				480
			],
			[
				121.5,
				215,
				498
			],
			[
				118.5,
				215,
				513
			],
			[
				115.5,
				215,
				529
			],
			[
				110,
				215.5,
				546
			],
			[
				104,
				216,
				561
			],
			[
				97.5,
				216.5,
				580
			],
			[
				91.5,
				217,
				597
			],
			[
				88.5,
				217.5,
				614
			],
			[
				85.5,
				218,
				628
			],
			[
				79,
				219.5,
				646
			],
			[
				72.5,
				221,
				662
			],
			[
				66,
				223,
				678
			],
			[
				59,
				224,
				698
			],
			[
				56,
				225,
				714
			],
			[
				49,
				226.5,
				730
			],
			[
				46,
				226.5,
				747
			],
			[
				42,
				226,
				763
			]
		]
	},
	"second": {
		"dev_index": "2",
		"dev_info": "etc",
		"width": 483,
		"height": 644.6264591439689,
		"timestamp": 1564442031581,
		"lines": [
			[
				312.5,
				214,
				0
			],
			[
				310.5,
				214,
				6
			],
			[
				308,
				213.5,
				21
			],
			[
				302.5,
				214,
				40
			],
			[
				299.5,
				214,
				56
			],
			[
				293.5,
				213.5,
				72
			],
			[
				287.5,
				213.5,
				93
			],
			[
				284.5,
				214,
				104
			],
			[
				277,
				215,
				121
			],
			[
				269.5,
				215.5,
				139
			],
			[
				262.5,
				217,
				156
			],
			[
				259,
				217.5,
				172
			],
			[
				255.5,
				218,
				186
			],
			[
				246,
				219.5,
				207
			],
			[
				243,
				220,
				223
			],
			[
				237,
				221,
				236
			],
			[
				231,
				222,
				256
			],
			[
				228,
				222.5,
				272
			],
			[
				222,
				224,
				290
			],
			[
				219,
				224,
				305
			],
			[
				213,
				225,
				323
			],
			[
				207,
				226,
				338
			],
			[
				200.5,
				227,
				356
			],
			[
				198,
				227.5,
				371
			],
			[
				192.5,
				228.5,
				389
			],
			[
				186,
				229.5,
				407
			],
			[
				183,
				230.5,
				423
			],
			[
				176.5,
				231.5,
				439
			],
			[
				170.5,
				233,
				455
			],
			[
				167.5,
				233.5,
				472
			],
			[
				161,
				234,
				488
			],
			[
				158,
				234.5,
				503
			],
			[
				152.5,
				235,
				523
			],
			[
				147.5,
				236,
				538
			],
			[
				141.5,
				236.5,
				555
			],
			[
				139.5,
				237,
				570
			],
			[
				134.5,
				237,
				588
			],
			[
				129,
				238,
				605
			],
			[
				126.5,
				239,
				621
			],
			[
				120.5,
				240.5,
				638
			],
			[
				114,
				242,
				655
			],
			[
				111,
				243,
				670
			],
			[
				105,
				245.5,
				688
			],
			[
				99.5,
				247,
				706
			],
			[
				96,
				248,
				722
			],
			[
				91,
				249,
				737
			],
			[
				86.5,
				250,
				754
			],
			[
				84.5,
				250,
				773
			]
		]
	}
}