{
	"env": 123,
	"subject": "123",
	"line_num": 1,
	"first": {
		"dev_index": "2",
		"dev_info": "etc",
		"width": 483,
		"height": 644.6264591439689,
		"timestamp": 1564442032958,
		"lines": [
			[
				320,
				381.5,
				0
			],
			[
				317,
				380.5,
				15
			],
			[
				313,
				379.5,
				33
			],
			[
				309,
				378,
				45
			],
			[
				300.5,
				375,
				61
			],
			[
				291.5,
				372,
				84
			],
			[
				287.5,
				370,
				95
			],
			[
				278,
				365.5,
				114
			],
			[
				268.5,
				361.5,
				129
			],
			[
				264,
				359,
				145
			],
			[
				254.5,
				355,
				161
			],
			[
				245,
				351.5,
				181
			],
			[
				236,
				347.5,
				200
			],
			[
				232,
				345.5,
				213
			],
			[
				223.5,
				342,
				229
			],
			[
				219.5,
				340,
				245
			],
			[
				212,
				336.5,
				261
			],
			[
				203.5,
				333,
				278
			],
			[
				200,
				332,
				294
			],
			[
				192.5,
				328.5,
				314
			],
			[
				184.5,
				325,
				331
			],
			[
				181,
				323,
				347
			],
			[
				173.5,
				319.5,
				361
			],
			[
				166.5,
				316,
				381
			],
			[
				162.5,
				314.5,
				394
			],
			[
				155.5,
				311.5,
				413
			],
			[
				148.5,
				308.5,
				431
			],
			[
				145,
				307,
				447
			],
			[
				138.5,
				303.5,
				463
			],
			[
				132.5,
				300,
				479
			],
			[
				127,
				297.5,
				497
			],
			[
				124,
				296.5,
				514
			],
			[
				118,
				294.5,
				529
			],
			[
				115.5,
				293.5,
				544
			],
			[
				110,
				291,
				561
			],
			[
				105.5,
				289.5,
				580
			],
			[
				100.5,
				287.5,
				596
			],
			[
				98.5,
				286.5,
				613
			],
			[
				93.5,
				284.5,
				628
			],
			[
				91.5,
				283.5,
				644
			],
			[
				87,
				281.5,
				661
			],
			[
				82,
				279.5,
				681
			],
			[
				76.5,
				277.5,
				697
			],
			[
				74,
				277,
				713
			],
			[
				69.5,
				275.5,
				727
			],
			[
				67,
				275,
				746
			],
			[
				64.5,
				274.5,
				762
			]
		]
	},
	"second": {
		"dev_index": "3",
		"dev_info": "etc",
		"width": 287,
		"height": 285.03693570451435,
		"timestamp": 1564442034116,
		"lines": [
			[
				198,
				277,
				0
			],
			[
				195,
				276,
				1
			],
			[
				190.5,
				274.5,
				8
			],
			[
				185.5,
				273.5,
				15
			],
			[
				181,
				272,
				27
			],
			[
				176.5,
				270,
				35
			],
			[
				172,
				268.5,
				48
			],
			[
				168,
				266.5,
				56
			],
			[
				163,
				265,
				74
			],
			[
				158.5,
				263,
				77
			],
			[
				154.5,
				261,
				89
			],
			[
				150.5,
				259,
				97
			],
			[
				147,
				257.5,
				109
			],
			[
				143.5,
				255.5,
				117
			],
			[
				139.5,
				253.5,
				129
			],
			[
				135.5,
				252,
				137
			],
			[
				131.5,
				250.5,
				149
			],
			[
				128.5,
				248.5,
				157
			],
			[
				124.5,
				246.5,
				169
			],
			[
				121,
				245,
				176
			],
			[
				117.5,
				243,
				189
			],
			[
				113.5,
				241.5,
				196
			],
			[
				110,
				240,
				210
			],
			[
				106.5,
				238,
				216
			],
			[
				103,
				236.5,
				229
			],
			[
				99.5,
				235,
				236
			],
			[
				96,
				233,
				248
			],
			[
				92.5,
				231.5,
				258
			],
			[
				89,
				230,
				268
			],
			[
				85.5,
				228.5,
				277
			],
			[
				82.5,
				227,
				289
			],
			[
				79.5,
				225,
				296
			],
			[
				77,
				224,
				309
			],
			[
				74.5,
				222.5,
				315
			],
			[
				72,
				221,
				328
			],
			[
				69.5,
				220,
				336
			],
			[
				67,
				219,
				348
			],
			[
				64.5,
				217.5,
				355
			],
			[
				62,
				216.5,
				368
			],
			[
				60,
				215.5,
				375
			],
			[
				58,
				214.5,
				387
			],
			[
				55.5,
				213.5,
				397
			],
			[
				54,
				213,
				407
			],
			[
				52,
				212.5,
				415
			],
			[
				51,
				212,
				427
			],
			[
				49.5,
				212,
				435
			],
			[
				48,
				212,
				447
			],
			[
				47,
				212,
				456
			]
		]
	}
}