{
	"env": 123,
	"subject": "123",
	"line_num": 0,
	"first": {
		"dev_index": "1",
		"dev_info": "etc",
		"width": 483,
		"height": 623.2865497076024,
		"timestamp": 1564442038484,
		"lines": [
			[
				448,
				77,
				0
			],
			[
				445.5,
				78.5,
				40
			],
			[
				442,
				79,
				57
			],
			[
				432.5,
				81.5,
				73
			],
			[
				422.5,
				83.5,
				93
			],
			[
				410.5,
				86.5,
				108
			],
			[
				398.5,
				90.5,
				126
			],
			[
				392,
				92.5,
				140
			],
			[
				380.5,
				96.5,
				161
			],
			[
				369,
				100.5,
				176
			],
			[
				363,
				102.5,
				192
			],
			[
				352,
				106,
				208
			],
			[
				341,
				110,
				226
			],
			[
				336,
				110.5,
				241
			],
			[
				326,
				114,
				256
			],
			[
				316.5,
				116.5,
				280
			],
			[
				311.5,
				118,
				291
			],
			[
				302.5,
				120,
				308
			],
			[
				294.5,
				122.5,
				324
			],
			[
				287.5,
				124.5,
				342
			],
			[
				284.5,
				125.5,
				359
			],
			[
				281,
				125.5,
				374
			],
			[
				274,
				126.5,
				391
			],
			[
				266.5,
				127.5,
				408
			],
			[
				258.5,
				128.5,
				424
			],
			[
				254.5,
				129,
				440
			],
			[
				246.5,
				130,
				459
			],
			[
				242.5,
				131,
				475
			],
			[
				235.5,
				132.5,
				491
			],
			[
				228.5,
				133.5,
				508
			],
			[
				221.5,
				135,
				525
			],
			[
				217.5,
				136,
				539
			],
			[
				209.5,
				137.5,
				559
			],
			[
				201,
				139,
				575
			],
			[
				197,
				140,
				592
			],
			[
				189.5,
				142.5,
				607
			],
			[
				181.5,
				145,
				624
			],
			[
				177.5,
				146,
				641
			],
			[
				168.5,
				149,
				658
			],
			[
				160,
				151,
				674
			],
			[
				155.5,
				152.5,
				692
			],
			[
				147.5,
				154.5,
				708
			],
			[
				140,
				156.5,
				724
			],
			[
				136.5,
				157.5,
				740
			],
			[
				130,
				160,
				761
			],
			[
				122.5,
				162.5,
				777
			],
			[
				119,
				163.5,
				790
			],
			[
				112,
				166,
				809
			],
			[
				105,
				168.5,
				826
			],
			[
				101.5,
				169.5,
				840
			]
		]
	},
	"second": {
		"dev_index": "2",
		"dev_info": "etc",
		"width": 483,
		"height": 644.6264591439689,
		"timestamp": 1564442039716,
		"lines": [
			[
				319,
				181.5,
				0
			],
			[
				317,
				182.5,
				0
			],
			[
				311.5,
				184,
				8
			],
			[
				295,
				190,
				41
			],
			[
				290,
				192,
				59
			],
			[
				280.5,
				195.5,
				75
			],
			[
				270.5,
				199,
				92
			],
			[
				261.5,
				203,
				111
			],
			[
				257,
				204.5,
				127
			],
			[
				249,
				208.5,
				143
			],
			[
				245,
				210,
				159
			],
			[
				238.5,
				212.5,
				175
			],
			[
				231.5,
				215,
				194
			],
			[
				224,
				217,
				211
			],
			[
				221,
				218,
				227
			],
			[
				214,
				220,
				248
			],
			[
				210.5,
				221.5,
				259
			],
			[
				204,
				224,
				275
			],
			[
				197.5,
				227,
				299
			],
			[
				190.5,
				230,
				312
			],
			[
				187,
				231.5,
				327
			],
			[
				179.5,
				234,
				342
			],
			[
				176,
				235,
				358
			],
			[
				168.5,
				237.5,
				375
			],
			[
				161,
				240,
				399
			],
			[
				154,
				243,
				411
			],
			[
				150.5,
				244.5,
				425
			],
			[
				143.5,
				247.5,
				443
			],
			[
				140,
				249,
				458
			],
			[
				134,
				251.5,
				476
			],
			[
				128,
				253.5,
				492
			],
			[
				122.5,
				255,
				512
			],
			[
				119,
				255.5,
				525
			],
			[
				113,
				257.5,
				543
			],
			[
				111,
				258,
				559
			],
			[
				106.5,
				258.5,
				577
			],
			[
				102,
				259.5,
				593
			],
			[
				98,
				260,
				610
			],
			[
				96,
				260,
				626
			],
			[
				92,
				261,
				642
			],
			[
				87.5,
				262.5,
				661
			],
			[
				85.5,
				263.5,
				677
			],
			[
				81.5,
				265,
				693
			],
			[
				79,
				266.5,
				709
			],
			[
				78.5,
				267,
				726
			]
		]
	}
}