{
	"env": 123,
	"subject": "123",
	"line_num": 1,
	"first": {
		"dev_index": "2",
		"dev_info": "etc",
		"width": 483,
		"height": 644.6264591439689,
		"timestamp": 1564442041058,
		"lines": [
			[
				373.5,
				321.5,
				0
			],
			[
				370.5,
				320,
				25
			],
			[
				367,
				318.5,
				37
			],
			[
				363.5,
				316.5,
				54
			],
			[
				356.5,
				313,
				67
			],
			[
				352.5,
				310.5,
				84
			],
			[
				344,
				305.5,
				101
			],
			[
				335,
				300.5,
				117
			],
			[
				331,
				298,
				133
			],
			[
				322.5,
				294,
				150
			],
			[
				314.5,
				290.5,
				166
			],
			[
				307,
				287,
				189
			],
			[
				303,
				285,
				201
			],
			[
				296,
				281,
				218
			],
			[
				292,
				279,
				234
			],
			[
				285,
				275,
				250
			],
			[
				277.5,
				271.5,
				268
			],
			[
				269.5,
				267.5,
				290
			],
			[
				265.5,
				265.5,
				303
			],
			[
				258,
				261.5,
				324
			],
			[
				254,
				259.5,
				334
			],
			[
				247,
				255.5,
				356
			],
			[
				240,
				251.5,
				369
			],
			[
				233,
				248,
				390
			],
			[
				229.5,
				246,
				401
			],
			[
				222.5,
				242.5,
				418
			],
			[
				215.5,
				238.5,
				441
			],
			[
				212,
				236.5,
				452
			],
			[
				204.5,
				233,
				469
			],
			[
				197.5,
				230,
				490
			],
			[
				194.5,
				228.5,
				502
			],
			[
				187,
				226,
				520
			],
			[
				183.5,
				224.5,
				534
			],
			[
				176.5,
				222,
				553
			],
			[
				169.5,
				218.5,
				570
			],
			[
				162.5,
				215.5,
				586
			],
			[
				159,
				214,
				604
			],
			[
				152,
				211.5,
				619
			],
			[
				149,
				210.5,
				634
			],
			[
				143,
				208.5,
				651
			],
			[
				136.5,
				207,
				669
			],
			[
				130.5,
				204.5,
				686
			],
			[
				128,
				203.5,
				702
			],
			[
				122,
				201.5,
				723
			],
			[
				119.5,
				200.5,
				734
			],
			[
				114,
				198,
				754
			],
			[
				109,
				195.5,
				767
			],
			[
				104.5,
				194,
				789
			],
			[
				102.5,
				193.5,
				801
			]
		]
	},
	"second": {
		"dev_index": "3",
		"dev_info": "etc",
		"width": 287,
		"height": 285.03693570451435,
		"timestamp": 1564442042406,
		"lines": [
			[
				248.5,
				198.5,
				0
			],
			[
				246,
				197.5,
				1
			],
			[
				243,
				196.5,
				8
			],
			[
				240.5,
				195.5,
				15
			],
			[
				237.5,
				194,
				27
			],
			[
				235.5,
				193,
				35
			],
			[
				233.5,
				192,
				47
			],
			[
				231,
				191,
				62
			],
			[
				228,
				190.5,
				68
			],
			[
				225,
				189,
				75
			],
			[
				222,
				188,
				89
			],
			[
				219,
				186.5,
				95
			],
			[
				215.5,
				185,
				108
			],
			[
				212.5,
				184,
				116
			],
			[
				209.5,
				182.5,
				128
			],
			[
				206.5,
				181,
				136
			],
			[
				204,
				179.5,
				148
			],
			[
				201,
				178,
				156
			],
			[
				198,
				176.5,
				167
			],
			[
				195.5,
				175,
				175
			],
			[
				192.5,
				173.5,
				190
			],
			[
				190,
				172,
				195
			],
			[
				187,
				170,
				208
			],
			[
				184,
				168.5,
				215
			],
			[
				181,
				167,
				228
			],
			[
				177.5,
				165.5,
				236
			],
			[
				174.5,
				163.5,
				248
			],
			[
				171,
				161.5,
				256
			],
			[
				167.5,
				159.5,
				268
			],
			[
				164.5,
				158,
				276
			],
			[
				161.5,
				156,
				287
			],
			[
				158.5,
				155,
				294
			],
			[
				155,
				153.5,
				307
			],
			[
				152,
				152,
				315
			],
			[
				149.5,
				151,
				327
			],
			[
				146,
				149.5,
				334
			],
			[
				143,
				148,
				347
			],
			[
				140,
				147,
				355
			],
			[
				136.5,
				145.5,
				369
			],
			[
				133,
				144.5,
				374
			],
			[
				130,
				143,
				387
			],
			[
				126.5,
				141.5,
				395
			],
			[
				123.5,
				140,
				407
			],
			[
				120.5,
				138.5,
				414
			],
			[
				117.5,
				137,
				427
			],
			[
				114.5,
				136,
				434
			],
			[
				112,
				134.5,
				446
			],
			[
				109.5,
				133.5,
				455
			],
			[
				107,
				132,
				467
			],
			[
				104.5,
				130.5,
				475
			],
			[
				102,
				130,
				487
			],
			[
				99.5,
				129,
				496
			],
			[
				97,
				128.5,
				508
			],
			[
				94.5,
				128,
				514
			],
			[
				91.5,
				127,
				527
			],
			[
				89.5,
				126.5,
				535
			],
			[
				87,
				125.5,
				547
			],
			[
				85,
				125,
				555
			],
			[
				83,
				124,
				567
			],
			[
				80.5,
				123,
				575
			],
			[
				78.5,
				122,
				586
			],
			[
				76.5,
				120.5,
				594
			],
			[
				74.5,
				119,
				608
			],
			[
				72.5,
				118,
				614
			],
			[
				70.5,
				116.5,
				628
			],
			[
				68.5,
				115,
				634
			],
			[
				66.5,
				113.5,
				646
			],
			[
				64.5,
				112,
				655
			],
			[
				63.5,
				111.5,
				667
			],
			[
				62,
				110,
				674
			],
			[
				61,
				109.5,
				687
			]
		]
	}
}