{
	"env": 1234,
	"subject": "1234",
	"line_num": 0,
	"first": {
		"dev_index": "1",
		"dev_info": "etc",
		"width": 483,
		"height": 623.2865497076024,
		"timestamp": 1564442127264,
		"lines": [
			[
				305.5,
				83,
				0
			],
			[
				303.5,
				80,
				8
			],
			[
				301.5,
				80,
				60
			],
			[
				298,
				81,
				70
			],
			[
				291.5,
				83,
				89
			],
			[
				287.5,
				85,
				105
			],
			[
				279,
				89,
				123
			],
			[
				270.5,
				94,
				140
			],
			[
				266.5,
				96,
				155
			],
			[
				258,
				102,
				171
			],
			[
				254,
				104.5,
				187
			],
			[
				245.5,
				109.5,
				204
			],
			[
				237,
				114,
				221
			],
			[
				232.5,
				117,
				237
			],
			[
				224.5,
				121.5,
				254
			],
			[
				216.5,
				125.5,
				271
			],
			[
				209.5,
				129,
				289
			],
			[
				205.5,
				130.5,
				304
			],
			[
				199.5,
				132.5,
				321
			],
			[
				196.5,
				134.5,
				337
			],
			[
				190.5,
				137.5,
				359
			],
			[
				184.5,
				140.5,
				371
			],
			[
				179,
				144,
				388
			],
			[
				176.5,
				145.5,
				406
			],
			[
				170,
				148.5,
				422
			],
			[
				167,
				150,
				438
			],
			[
				160.5,
				152.5,
				458
			],
			[
				155.5,
				155,
				471
			],
			[
				150.5,
				157.5,
				488
			],
			[
				148,
				158,
				504
			],
			[
				144,
				160.5,
				522
			],
			[
				141.5,
				161.5,
				538
			],
			[
				137,
				164,
				556
			],
			[
				132.5,
				166.5,
				576
			],
			[
				128,
				168.5,
				588
			],
			[
				125.5,
				170,
				604
			],
			[
				121,
				172,
				626
			],
			[
				116,
				173.5,
				639
			],
			[
				114,
				175,
				656
			],
			[
				109,
				177.5,
				673
			],
			[
				104,
				181,
				689
			],
			[
				98.5,
				184.5,
				706
			],
			[
				96,
				186.5,
				722
			],
			[
				90.5,
				190,
				739
			],
			[
				88,
				191,
				755
			],
			[
				83.5,
				193.5,
				771
			],
			[
				79,
				195.5,
				788
			],
			[
				76.5,
				196.5,
				804
			],
			[
				72,
				198.5,
				820
			],
			[
				70,
				200,
				841
			]
		]
	},
	"second": {
		"dev_index": "2",
		"dev_info": "etc",
		"width": 483,
		"height": 644.6264591439689,
		"timestamp": 1564442128533,
		"lines": [
			[
				310.5,
				221.5,
				0
			],
			[
				307.5,
				222,
				10
			],
			[
				303.5,
				224,
				23
			],
			[
				295.5,
				228.5,
				42
			],
			[
				291.5,
				230.5,
				53
			],
			[
				283,
				235.5,
				70
			],
			[
				279,
				237.5,
				85
			],
			[
				271,
				242.5,
				102
			],
			[
				263.5,
				247,
				118
			],
			[
				256.5,
				252,
				138
			],
			[
				253,
				254.5,
				156
			],
			[
				246,
				258.5,
				169
			],
			[
				243,
				260.5,
				186
			],
			[
				236.5,
				265.5,
				202
			],
			[
				230.5,
				269.5,
				220
			],
			[
				224.5,
				273.5,
				238
			],
			[
				222,
				275,
				252
			],
			[
				216.5,
				279,
				274
			],
			[
				213.5,
				280.5,
				286
			],
			[
				207.5,
				284,
				307
			],
			[
				201.5,
				288,
				319
			],
			[
				198.5,
				290,
				335
			],
			[
				192.5,
				293,
				353
			],
			[
				186.5,
				296.5,
				372
			],
			[
				183.5,
				297.5,
				388
			],
			[
				177.5,
				300,
				403
			],
			[
				172,
				303,
				420
			],
			[
				169.5,
				304.5,
				436
			],
			[
				164,
				307.5,
				452
			],
			[
				158.5,
				310.5,
				471
			],
			[
				156.5,
				312.5,
				485
			],
			[
				151.5,
				315.5,
				502
			],
			[
				145.5,
				318.5,
				521
			],
			[
				140,
				321,
				540
			],
			[
				137.5,
				322,
				554
			],
			[
				135,
				323.5,
				569
			],
			[
				131,
				326.5,
				586
			],
			[
				127,
				329.5,
				603
			],
			[
				123.5,
				333,
				621
			],
			[
				121,
				334.5,
				637
			],
			[
				117,
				337.5,
				654
			],
			[
				115,
				338.5,
				670
			],
			[
				112,
				341,
				686
			],
			[
				109,
				342,
				705
			]
		]
	}
}