{
	"env": 1234,
	"subject": "1234",
	"line_num": 1,
	"first": {
		"dev_index": "2",
		"dev_info": "etc",
		"width": 483,
		"height": 644.6264591439689,
		"timestamp": 1564442129793,
		"lines": [
			[
				350,
				329,
				0
			],
			[
				345.5,
				328.5,
				28
			],
			[
				342.5,
				328,
				44
			],
			[
				334.5,
				326.5,
				62
			],
			[
				326.5,
				325.5,
				81
			],
			[
				322.5,
				324.5,
				94
			],
			[
				313.5,
				322.5,
				111
			],
			[
				309.5,
				321.5,
				126
			],
			[
				301,
				319.5,
				143
			],
			[
				292.5,
				317.5,
				160
			],
			[
				283.5,
				315,
				182
			],
			[
				279.5,
				313.5,
				194
			],
			[
				271,
				311.5,
				211
			],
			[
				267,
				310.5,
				227
			],
			[
				259.5,
				308,
				246
			],
			[
				252,
				305.5,
				260
			],
			[
				244.5,
				302,
				277
			],
			[
				241,
				300.5,
				294
			],
			[
				234,
				297.5,
				310
			],
			[
				231,
				296.5,
				328
			],
			[
				224,
				294,
				345
			],
			[
				217.5,
				292,
				362
			],
			[
				210.5,
				290,
				378
			],
			[
				207.5,
				289,
				395
			],
			[
				201,
				287,
				411
			],
			[
				197.5,
				286,
				427
			],
			[
				191,
				283.5,
				443
			],
			[
				185,
				281,
				463
			],
			[
				181.5,
				279.5,
				478
			],
			[
				175.5,
				277,
				493
			],
			[
				169.5,
				275,
				511
			],
			[
				166,
				274,
				527
			],
			[
				159.5,
				271,
				544
			],
			[
				153,
				269,
				560
			],
			[
				146.5,
				265.5,
				578
			],
			[
				143.5,
				264.5,
				595
			],
			[
				136.5,
				261,
				612
			],
			[
				133,
				259.5,
				626
			],
			[
				127,
				256.5,
				645
			],
			[
				120.5,
				254,
				663
			],
			[
				114,
				252,
				679
			],
			[
				111,
				251,
				693
			],
			[
				106,
				249.5,
				713
			],
			[
				101,
				247.5,
				729
			],
			[
				98.5,
				246.5,
				746
			],
			[
				94.5,
				244.5,
				762
			],
			[
				90,
				243,
				779
			],
			[
				88,
				241.5,
				794
			]
		]
	},
	"second": {
		"dev_index": "3",
		"dev_info": "etc",
		"width": 287,
		"height": 285.03693570451435,
		"timestamp": 1564442131000,
		"lines": [
			[
				213,
				251,
				0
			],
			[
				211,
				249.5,
				10
			],
			[
				208,
				248,
				20
			],
			[
				204.5,
				246,
				27
			],
			[
				201,
				244,
				43
			],
			[
				197,
				242,
				47
			],
			[
				194,
				240,
				59
			],
			[
				190,
				238.5,
				67
			],
			[
				186.5,
				236.5,
				80
			],
			[
				182.5,
				235.5,
				88
			],
			[
				178.5,
				234,
				100
			],
			[
				174.5,
				232.5,
				108
			],
			[
				170.5,
				231,
				121
			],
			[
				166.5,
				229.5,
				128
			],
			[
				163,
				227.5,
				141
			],
			[
				159.5,
				226,
				148
			],
			[
				156.5,
				224,
				161
			],
			[
				153,
				222.5,
				169
			],
			[
				149.5,
				220.5,
				181
			],
			[
				146,
				219,
				190
			],
			[
				143,
				217.5,
				201
			],
			[
				139.5,
				216,
				208
			],
			[
				136.5,
				214.5,
				222
			],
			[
				133,
				213,
				228
			],
			[
				129.5,
				211.5,
				241
			],
			[
				126.5,
				210,
				248
			],
			[
				123,
				208,
				260
			],
			[
				119.5,
				206,
				268
			],
			[
				116.5,
				204.5,
				280
			],
			[
				113.5,
				202.5,
				288
			],
			[
				110,
				200,
				301
			],
			[
				107.5,
				198,
				308
			],
			[
				105,
				196,
				325
			],
			[
				102,
				194,
				328
			],
			[
				100,
				192.5,
				341
			],
			[
				97,
				191.5,
				347
			],
			[
				94,
				189.5,
				360
			],
			[
				91.5,
				187.5,
				368
			],
			[
				89,
				186,
				379
			],
			[
				86,
				183.5,
				387
			],
			[
				83.5,
				182,
				399
			],
			[
				81,
				179.5,
				407
			],
			[
				79,
				177.5,
				419
			],
			[
				76,
				176,
				427
			],
			[
				73.5,
				174,
				439
			],
			[
				71,
				172.5,
				447
			],
			[
				68.5,
				170.5,
				459
			],
			[
				66,
				168.5,
				467
			],
			[
				63.5,
				166.5,
				479
			],
			[
				61,
				164.5,
				487
			],
			[
				59,
				162.5,
				499
			],
			[
				57,
				160,
				507
			],
			[
				55,
				158,
				519
			],
			[
				53.5,
				157,
				527
			],
			[
				52,
				156,
				539
			]
		]
	}
}