{
	"env": 1234,
	"subject": "1234",
	"line_num": 0,
	"first": {
		"dev_index": "1",
		"dev_info": "etc",
		"width": 483,
		"height": 623.2865497076024,
		"timestamp": 1564442435288,
		"lines": [
			[
				249,
				62,
				0
			],
			[
				248,
				63,
				7
			],
			[
				244.5,
				64.5,
				61
			],
			[
				241,
				66.5,
				75
			],
			[
				233.5,
				71.5,
				93
			],
			[
				225.5,
				77.5,
				109
			],
			[
				221.5,
				80.5,
				126
			],
			[
				214,
				86,
				142
			],
			[
				210.5,
				88.5,
				158
			],
			[
				203.5,
				93,
				179
			],
			[
				196.5,
				98.5,
				193
			],
			[
				188.5,
				103.5,
				210
			],
			[
				184.5,
				105.5,
				226
			],
			[
				177,
				110,
				243
			],
			[
				173.5,
				111.5,
				259
			],
			[
				165.5,
				116.5,
				277
			],
			[
				158.5,
				121,
				292
			],
			[
				150.5,
				125.5,
				309
			],
			[
				146.5,
				127.5,
				325
			],
			[
				139.5,
				131.5,
				344
			],
			[
				134,
				134.5,
				360
			],
			[
				132,
				136,
				377
			],
			[
				128,
				140,
				394
			],
			[
				122.5,
				144,
				410
			],
			[
				120,
				146,
				427
			],
			[
				115.5,
				149.5,
				442
			],
			[
				112,
				152,
				461
			],
			[
				110,
				153,
				477
			],
			[
				106.5,
				156,
				494
			],
			[
				102,
				159,
				510
			],
			[
				99.5,
				160.5,
				525
			],
			[
				95,
				164.5,
				544
			],
			[
				92.5,
				166,
				559
			],
			[
				87.5,
				169,
				576
			],
			[
				81.5,
				173,
				593
			],
			[
				75.5,
				177,
				610
			],
			[
				72.5,
				179,
				625
			],
			[
				67.5,
				183,
				646
			],
			[
				65,
				185,
				658
			],
			[
				61,
				188.5,
				676
			],
			[
				56,
				192.5,
				693
			],
			[
				53.5,
				194,
				709
			]
		]
	},
	"second": {
		"dev_index": "2",
		"dev_info": "etc",
		"width": 483,
		"height": 644.6264591439689,
		"timestamp": 1564442436244,
		"lines": [
			[
				347,
				234,
				0
			],
			[
				344,
				235.5,
				10
			],
			[
				339.5,
				238.5,
				29
			],
			[
				337,
				240.5,
				42
			],
			[
				334,
				243,
				53
			],
			[
				324.5,
				252.5,
				89
			],
			[
				317.5,
				260,
				108
			],
			[
				313.5,
				264.5,
				119
			],
			[
				306.5,
				272,
				139
			],
			[
				300,
				279.5,
				155
			],
			[
				296.5,
				282.5,
				169
			],
			[
				290.5,
				289.5,
				189
			],
			[
				284.5,
				296,
				204
			],
			[
				281.5,
				298.5,
				220
			],
			[
				274.5,
				304,
				236
			],
			[
				268.5,
				310,
				253
			],
			[
				263,
				315,
				272
			],
			[
				260.5,
				317.5,
				288
			],
			[
				254.5,
				322.5,
				302
			],
			[
				251.5,
				325,
				321
			],
			[
				246,
				330,
				336
			],
			[
				241,
				335,
				355
			],
			[
				235.5,
				338.5,
				371
			],
			[
				233,
				340.5,
				386
			],
			[
				230,
				342.5,
				402
			],
			[
				224.5,
				346,
				421
			],
			[
				219,
				350,
				436
			],
			[
				214,
				354,
				453
			],
			[
				209.5,
				357.5,
				471
			],
			[
				207.5,
				359.5,
				488
			],
			[
				202.5,
				362,
				503
			],
			[
				200.5,
				363.5,
				521
			],
			[
				196,
				366.5,
				536
			],
			[
				192.5,
				370,
				555
			],
			[
				189,
				373,
				570
			],
			[
				187.5,
				375,
				588
			],
			[
				184,
				378.5,
				604
			],
			[
				182.5,
				380,
				619
			],
			[
				178.5,
				384,
				639
			],
			[
				174.5,
				388,
				653
			],
			[
				170.5,
				392,
				671
			],
			[
				169,
				394,
				687
			],
			[
				166.5,
				396.5,
				704
			],
			[
				165.5,
				398,
				720
			],
			[
				165,
				400,
				737
			]
		]
	}
}