{
	"env": 1234,
	"subject": "1234",
	"line_num": 1,
	"first": {
		"dev_index": "2",
		"dev_info": "etc",
		"width": 483,
		"height": 644.6264591439689,
		"timestamp": 1564442437428,
		"lines": [
			[
				358,
				358,
				0
			],
			[
				356,
				356.5,
				38
			],
			[
				354.5,
				356,
				55
			],
			[
				351,
				354,
				69
			],
			[
				345,
				349.5,
				87
			],
			[
				341.5,
				347,
				104
			],
			[
				332.5,
				341.5,
				119
			],
			[
				322.5,
				337,
				139
			],
			[
				317.5,
				335,
				155
			],
			[
				307,
				331.5,
				172
			],
			[
				297.5,
				328,
				189
			],
			[
				292.5,
				327,
				204
			],
			[
				283.5,
				324,
				219
			],
			[
				275,
				322,
				238
			],
			[
				270.5,
				320.5,
				256
			],
			[
				263,
				318.5,
				271
			],
			[
				255.5,
				317,
				289
			],
			[
				252,
				316,
				303
			],
			[
				245,
				314,
				321
			],
			[
				242.5,
				313,
				337
			],
			[
				236.5,
				310,
				353
			],
			[
				231,
				307,
				371
			],
			[
				224.5,
				303,
				389
			],
			[
				222,
				301,
				403
			],
			[
				216.5,
				298,
				422
			],
			[
				210.5,
				295.5,
				437
			],
			[
				207.5,
				294.5,
				454
			],
			[
				202,
				291.5,
				471
			],
			[
				196.5,
				289,
				487
			],
			[
				193.5,
				287.5,
				503
			],
			[
				188.5,
				284,
				527
			],
			[
				180,
				278.5,
				557
			],
			[
				175,
				275,
				569
			],
			[
				162,
				269.5,
				609
			],
			[
				158.5,
				268,
				622
			],
			[
				151.5,
				265.5,
				638
			],
			[
				148,
				264,
				655
			],
			[
				141.5,
				261,
				671
			],
			[
				135,
				258,
				688
			],
			[
				131.5,
				256.5,
				704
			],
			[
				124.5,
				254.5,
				721
			],
			[
				118,
				252.5,
				738
			],
			[
				112,
				250.5,
				756
			],
			[
				109,
				250,
				772
			]
		]
	},
	"second": {
		"dev_index": "3",
		"dev_info": "etc",
		"width": 287,
		"height": 285.03693570451435,
		"timestamp": 1564442438558,
		"lines": [
			[
				236.5,
				257.5,
				0
			],
			[
				231.5,
				254.5,
				6
			],
			[
				228,
				252,
				13
			],
			[
				224,
				250.5,
				26
			],
			[
				220,
				248.5,
				33
			],
			[
				215.5,
				246,
				45
			],
			[
				211.5,
				243.5,
				57
			],
			[
				207,
				241,
				68
			],
			[
				202,
				239,
				75
			],
			[
				197.5,
				237,
				86
			],
			[
				193,
				235,
				94
			],
			[
				188,
				233,
				106
			],
			[
				183.5,
				231,
				113
			],
			[
				179,
				229.5,
				127
			],
			[
				175,
				227.5,
				134
			],
			[
				171,
				225.5,
				147
			],
			[
				167,
				223.5,
				154
			],
			[
				164,
				222,
				167
			],
			[
				160,
				220,
				175
			],
			[
				156.5,
				218,
				186
			],
			[
				153,
				216.5,
				194
			],
			[
				149.5,
				215,
				207
			],
			[
				146,
				213,
				214
			],
			[
				143,
				211.5,
				226
			],
			[
				140,
				209.5,
				234
			],
			[
				137,
				207.5,
				247
			],
			[
				134,
				205.5,
				255
			],
			[
				131.5,
				203,
				267
			],
			[
				129,
				201,
				274
			],
			[
				126.5,
				198.5,
				286
			],
			[
				123.5,
				196.5,
				294
			],
			[
				121,
				195,
				305
			],
			[
				118,
				193,
				313
			],
			[
				115.5,
				191.5,
				326
			],
			[
				112.5,
				189.5,
				333
			],
			[
				109.5,
				188,
				346
			],
			[
				107,
				186,
				353
			],
			[
				104.5,
				183.5,
				365
			],
			[
				102,
				181.5,
				373
			],
			[
				99,
				180,
				386
			],
			[
				96,
				177.5,
				393
			],
			[
				93.5,
				176,
				405
			],
			[
				91,
				175,
				413
			],
			[
				89,
				173.5,
				425
			],
			[
				86.5,
				172,
				433
			],
			[
				84,
				171,
				445
			],
			[
				82,
				170,
				453
			],
			[
				80,
				168.5,
				465
			],
			[
				78,
				167.5,
				473
			],
			[
				75.5,
				167,
				485
			],
			[
				73.5,
				166,
				493
			],
			[
				71.5,
				165,
				505
			],
			[
				70,
				164.5,
				513
			],
			[
				67.5,
				164,
				526
			],
			[
				66,
				164.5,
				533
			]
		]
	}
}