{
	"env": 123,
	"subject": "123",
	"line_num": 0,
	"first": {
		"dev_index": "1",
		"dev_info": "etc",
		"width": 483,
		"height": 623.2865497076024,
		"timestamp": 1564442474022,
		"lines": [
			[
				248.5,
				80,
				0
			],
			[
				246,
				84,
				7
			],
			[
				240,
				89,
				51
			],
			[
				235,
				93.5,
				74
			],
			[
				232,
				96.5,
				86
			],
			[
				226.5,
				101.5,
				101
			],
			[
				224,
				104,
				117
			],
			[
				219,
				108.5,
				136
			],
			[
				214.5,
				113,
				152
			],
			[
				210.5,
				118,
				169
			],
			[
				208.5,
				120,
				185
			],
			[
				204.5,
				124,
				201
			],
			[
				203,
				125.5,
				217
			],
			[
				199.5,
				128.5,
				237
			],
			[
				196,
				131.5,
				253
			],
			[
				192.5,
				134.5,
				269
			],
			[
				190.5,
				135.5,
				286
			],
			[
				187,
				138.5,
				302
			],
			[
				185.5,
				140,
				319
			],
			[
				181.5,
				143.5,
				337
			],
			[
				177.5,
				147.5,
				353
			],
			[
				174,
				151,
				369
			],
			[
				171.5,
				153.5,
				385
			],
			[
				167,
				156.5,
				401
			],
			[
				162,
				161,
				421
			],
			[
				160,
				163.5,
				436
			],
			[
				156,
				168.5,
				453
			],
			[
				152,
				172.5,
				469
			],
			[
				150,
				175,
				485
			],
			[
				145.5,
				179,
				501
			],
			[
				143,
				180.5,
				517
			],
			[
				139,
				184,
				536
			],
			[
				135.5,
				187,
				554
			],
			[
				132,
				190,
				569
			],
			[
				130.5,
				191,
				585
			],
			[
				126.5,
				194,
				602
			],
			[
				123,
				196,
				620
			],
			[
				121,
				197,
				634
			],
			[
				117.5,
				199,
				653
			],
			[
				114.5,
				201.5,
				672
			],
			[
				113,
				203.5,
				686
			],
			[
				111,
				207,
				701
			],
			[
				108,
				210,
				720
			],
			[
				107,
				211,
				736
			],
			[
				103.5,
				214,
				752
			],
			[
				100.5,
				216,
				770
			],
			[
				99,
				217,
				785
			],
			[
				96,
				219.5,
				801
			],
			[
				93.5,
				222.5,
				824
			],
			[
				92,
				224.5,
				835
			],
			[
				89.5,
				227.5,
				853
			],
			[
				88,
				229.5,
				870
			],
			[
				85,
				232.5,
				884
			],
			[
				82.5,
				236,
				901
			]
		]
	},
	"second": {
		"dev_index": "2",
		"dev_info": "etc",
		"width": 483,
		"height": 644.6264591439689,
		"timestamp": 1564442475496,
		"lines": [
			[
				339.5,
				293.5,
				0
			],
			[
				334.5,
				296,
				28
			],
			[
				330.5,
				298.5,
				44
			],
			[
				328.5,
				299.5,
				63
			],
			[
				324.5,
				303,
				77
			],
			[
				320.5,
				306.5,
				98
			],
			[
				318.5,
				308.5,
				110
			],
			[
				314.5,
				312,
				129
			],
			[
				311,
				315.5,
				147
			],
			[
				309.5,
				317,
				163
			],
			[
				306.5,
				320.5,
				178
			],
			[
				302,
				325,
				195
			],
			[
				300,
				327.5,
				211
			],
			[
				296,
				332,
				229
			],
			[
				292.5,
				335.5,
				246
			],
			[
				291,
				337,
				261
			],
			[
				288.5,
				339,
				277
			],
			[
				287,
				341,
				296
			],
			[
				286,
				341.5,
				312
			],
			[
				284.5,
				343,
				331
			],
			[
				283,
				344,
				347
			],
			[
				282,
				344.5,
				363
			],
			[
				280,
				346.5,
				380
			],
			[
				277.5,
				348.5,
				395
			],
			[
				274.5,
				351.5,
				414
			],
			[
				273,
				353.5,
				429
			],
			[
				269.5,
				356.5,
				445
			],
			[
				267.5,
				358,
				463
			],
			[
				263.5,
				361,
				477
			],
			[
				259,
				364.5,
				496
			],
			[
				253.5,
				368.5,
				513
			],
			[
				250.5,
				371.5,
				530
			],
			[
				244.5,
				376.5,
				546
			],
			[
				242,
				378.5,
				561
			],
			[
				236.5,
				383,
				578
			],
			[
				231.5,
				387,
				596
			],
			[
				226.5,
				390.5,
				614
			],
			[
				224.5,
				392,
				630
			],
			[
				220.5,
				395,
				645
			],
			[
				219,
				396,
				661
			],
			[
				216.5,
				398.5,
				681
			],
			[
				213.5,
				400.5,
				696
			],
			[
				209.5,
				402.5,
				712
			],
			[
				208,
				403.5,
				728
			],
			[
				206.5,
				405,
				744
			],
			[
				203.5,
				406,
				761
			],
			[
				201.5,
				407,
				778
			],
			[
				199,
				408.5,
				794
			],
			[
				197,
				409.5,
				813
			],
			[
				196.5,
				410,
				830
			],
			[
				194,
				411,
				846
			],
			[
				193,
				411.5,
				861
			],
			[
				191,
				412,
				878
			],
			[
				189.5,
				413,
				897
			],
			[
				188.5,
				414.5,
				918
			],
			[
				187.5,
				415,
				930
			],
			[
				187,
				415.5,
				947
			],
			[
				187,
				416,
				962
			],
			[
				187.5,
				416.5,
				981
			],
			[
				186.5,
				416.5,
				996
			]
		]
	}
}