{
	"env": 1234,
	"subject": "1234",
	"line_num": 0,
	"first": {
		"dev_index": "2",
		"dev_info": "etc",
		"width": 382,
		"height": 266.75650842266464,
		"timestamp": 1564436088476,
		"lines": [
			[
				83,
				339.5,
				0
			],
			[
				93,
				339.5,
				1
			],
			[
				103,
				340.5,
				6
			],
			[
				108,
				341.5,
				15
			],
			[
				128,
				343.5,
				22
			],
			[
				149,
				345.5,
				32
			],
			[
				182,
				350.5,
				37
			],
			[
				193,
				350.5,
				45
			],
			[
				217,
				352.5,
				52
			],
			[
				254,
				352.5,
				59
			],
			[
				266,
				352.5,
				69
			],
			[
				288,
				352.5,
				74
			],
			[
				319,
				352.5,
				82
			],
			[
				327,
				352.5,
				90
			],
			[
				338,
				352.5,
				100
			],
			[
				344,
				352.5,
				105
			],
			[
				346,
				352.5,
				114
			]
		]
	},
	"second": {
		"dev_index": "2",
		"dev_info": "etc",
		"width": 382,
		"height": 266.75650842266464,
		"timestamp": 1564436088836,
		"lines": [
			[
				130,
				349.5,
				0
			],
			[
				131,
				349.5,
				30
			],
			[
				140,
				349.5,
				37
			],
			[
				146,
				348.5,
				44
			],
			[
				171,
				348.5,
				53
			],
			[
				208,
				348.5,
				59
			],
			[
				220,
				348.5,
				67
			],
			[
				245,
				348.5,
				76
			],
			[
				284,
				348.5,
				82
			],
			[
				295,
				348.5,
				89
			],
			[
				316,
				348.5,
				97
			],
			[
				333,
				348.5,
				105
			],
			[
				337,
				348.5,
				113
			],
			[
				340,
				348.5,
				119
			],
			[
				341,
				349.5,
				127
			],
			[
				341,
				349.5,
				135
			]
		]
	}
}