{
	"env": 12,
	"subject": "12",
	"line_num": 0,
	"first": {
		"dev_index": "1",
		"dev_info": "etc",
		"width": 483,
		"height": 623.2865497076024,
		"timestamp": 1564442637190,
		"lines": [
			[
				363,
				170,
				0
			],
			[
				364.5,
				167.5,
				8
			],
			[
				360,
				168.5,
				40
			],
			[
				354.5,
				170,
				47
			],
			[
				347.5,
				172,
				62
			],
			[
				340,
				175.5,
				78
			],
			[
				323,
				181.5,
				95
			],
			[
				304.5,
				188.5,
				111
			],
			[
				285,
				194.5,
				130
			],
			[
				275,
				198,
				145
			],
			[
				256.5,
				204.5,
				163
			],
			[
				247.5,
				207.5,
				178
			],
			[
				229.5,
				213,
				196
			],
			[
				213.5,
				217.5,
				212
			],
			[
				205.5,
				220,
				227
			],
			[
				190.5,
				224,
				244
			],
			[
				178,
				228.5,
				260
			],
			[
				172,
				230.5,
				279
			],
			[
				161.5,
				234.5,
				294
			],
			[
				151.5,
				238,
				310
			],
			[
				146.5,
				240.5,
				327
			]
		]
	},
	"second": {
		"dev_index": "2",
		"dev_info": "etc",
		"width": 483,
		"height": 644.6264591439689,
		"timestamp": 1564442637781,
		"lines": [
			[
				307.5,
				283,
				0
			],
			[
				301,
				285.5,
				4
			],
			[
				282.5,
				291,
				23
			],
			[
				262.5,
				297.5,
				38
			],
			[
				253,
				300.5,
				56
			],
			[
				233,
				307.5,
				71
			],
			[
				213,
				315,
				89
			],
			[
				203,
				318.5,
				103
			],
			[
				183.5,
				326.5,
				122
			],
			[
				164.5,
				334,
				138
			],
			[
				155.5,
				337.5,
				155
			],
			[
				137,
				345,
				171
			],
			[
				128.5,
				348.5,
				187
			],
			[
				111,
				356,
				203
			],
			[
				103.5,
				359,
				219
			]
		]
	}
}