{
	"env": 12,
	"subject": "12",
	"line_num": 1,
	"first": {
		"dev_index": "2",
		"dev_info": "etc",
		"width": 483,
		"height": 644.6264591439689,
		"timestamp": 1564442638262,
		"lines": [
			[
				336,
				411.5,
				0
			],
			[
				333.5,
				409,
				27
			],
			[
				330,
				405,
				40
			],
			[
				317,
				392.5,
				55
			],
			[
				309.5,
				386,
				74
			],
			[
				293.5,
				372.5,
				91
			],
			[
				285.5,
				365.5,
				107
			],
			[
				268.5,
				353,
				124
			],
			[
				249.5,
				341.5,
				141
			],
			[
				229.5,
				331,
				158
			],
			[
				219,
				326,
				175
			],
			[
				198.5,
				316.5,
				192
			],
			[
				188.5,
				311.5,
				207
			],
			[
				168,
				302.5,
				223
			],
			[
				147.5,
				292.5,
				241
			],
			[
				127,
				281.5,
				258
			],
			[
				116,
				276,
				274
			],
			[
				95,
				263.5,
				291
			],
			[
				85,
				257.5,
				305
			],
			[
				64.5,
				244,
				324
			]
		]
	},
	"second": {
		"dev_index": "3",
		"dev_info": "etc",
		"width": 287,
		"height": 285.03693570451435,
		"timestamp": 1564442638757,
		"lines": [
			[
				217.5,
				226.5,
				0
			],
			[
				212,
				224.5,
				3
			],
			[
				204,
				220.5,
				16
			],
			[
				195,
				214.5,
				21
			],
			[
				186,
				209,
				34
			],
			[
				177.5,
				202.5,
				41
			],
			[
				169,
				197,
				53
			],
			[
				161,
				191.5,
				70
			],
			[
				153,
				186,
				74
			],
			[
				145.5,
				181.5,
				82
			],
			[
				138,
				176,
				94
			],
			[
				131.5,
				172,
				101
			],
			[
				124.5,
				167.5,
				114
			],
			[
				117.5,
				163.5,
				121
			],
			[
				111,
				159,
				133
			],
			[
				104.5,
				154.5,
				141
			],
			[
				97.5,
				150,
				153
			],
			[
				90,
				145,
				161
			]
		]
	}
}