{
	"env": 12,
	"subject": "12",
	"line_num": 0,
	"first": {
		"dev_index": "1",
		"dev_info": "etc",
		"width": 483,
		"height": 623.2865497076024,
		"timestamp": 1564442645453,
		"lines": [
			[
				366.5,
				84.5,
				0
			],
			[
				362,
				87.5,
				50
			],
			[
				357,
				92,
				70
			],
			[
				342.5,
				103.5,
				88
			],
			[
				324,
				118,
				104
			],
			[
				303.5,
				133.5,
				123
			],
			[
				283,
				149.5,
				138
			],
			[
				273,
				157,
				156
			],
			[
				254,
				170.5,
				170
			],
			[
				236,
				182,
				191
			],
			[
				227.5,
				187.5,
				204
			],
			[
				211,
				197,
				220
			],
			[
				203,
				201,
				237
			],
			[
				188.5,
				210,
				254
			],
			[
				175,
				217.5,
				274
			],
			[
				168.5,
				221,
				288
			],
			[
				157,
				228.5,
				304
			],
			[
				144.5,
				236,
				322
			],
			[
				131.5,
				245.5,
				338
			],
			[
				124.5,
				250.5,
				357
			]
		]
	},
	"second": {
		"dev_index": "2",
		"dev_info": "etc",
		"width": 483,
		"height": 644.6264591439689,
		"timestamp": 1564442646020,
		"lines": [
			[
				307,
				342,
				0
			],
			[
				303,
				343,
				4
			],
			[
				296.5,
				344.5,
				21
			],
			[
				280,
				352,
				36
			],
			[
				263,
				361,
				54
			],
			[
				255,
				365.5,
				72
			],
			[
				240,
				375.5,
				88
			],
			[
				226,
				385,
				105
			],
			[
				211.5,
				395.5,
				127
			],
			[
				204.5,
				401,
				138
			],
			[
				189.5,
				413,
				156
			],
			[
				174,
				425.5,
				172
			],
			[
				166.5,
				432.5,
				188
			],
			[
				151,
				445.5,
				205
			],
			[
				144,
				451.5,
				220
			],
			[
				131.5,
				462.5,
				239
			],
			[
				126.5,
				466,
				255
			]
		]
	}
}