{
	"env": 12,
	"subject": "12",
	"line_num": 1,
	"first": {
		"dev_index": "2",
		"dev_info": "etc",
		"width": 483,
		"height": 644.6264591439689,
		"timestamp": 1564442646575,
		"lines": [
			[
				375,
				324.5,
				0
			],
			[
				371.5,
				323,
				14
			],
			[
				364,
				321.5,
				32
			],
			[
				347,
				316,
				51
			],
			[
				327.5,
				310,
				68
			],
			[
				316.5,
				306.5,
				85
			],
			[
				293,
				300,
				99
			],
			[
				267.5,
				294.5,
				116
			],
			[
				254.5,
				291.5,
				133
			],
			[
				229,
				286,
				151
			],
			[
				216,
				282,
				166
			],
			[
				190.5,
				275,
				184
			],
			[
				165.5,
				269,
				199
			],
			[
				139,
				263,
				216
			],
			[
				127,
				260,
				234
			]
		]
	},
	"second": {
		"dev_index": "3",
		"dev_info": "etc",
		"width": 287,
		"height": 285.03693570451435,
		"timestamp": 1564442647004,
		"lines": [
			[
				225.5,
				293,
				0
			],
			[
				219.5,
				289.5,
				5
			],
			[
				211,
				285,
				18
			],
			[
				201,
				279.5,
				25
			],
			[
				191.5,
				273.5,
				39
			],
			[
				182,
				267.5,
				46
			],
			[
				173,
				262.5,
				64
			],
			[
				163.5,
				257.5,
				66
			],
			[
				154.5,
				252.5,
				78
			],
			[
				146,
				247.5,
				87
			],
			[
				137,
				243,
				99
			],
			[
				128.5,
				238.5,
				106
			],
			[
				119,
				234,
				118
			],
			[
				110,
				230,
				126
			],
			[
				101,
				225.5,
				138
			],
			[
				92,
				220.5,
				145
			],
			[
				83,
				215.5,
				158
			],
			[
				75,
				210,
				165
			],
			[
				67.5,
				204.5,
				177
			]
		]
	}
}