{
	"env": 1,
	"subject": "1",
	"line_num": 1,
	"first": {
		"dev_index": "2",
		"dev_info": "etc",
		"width": 483,
		"height": 644.6264591439689,
		"timestamp": 1564442739806,
		"lines": [
			[
				325,
				393.5,
				0
			],
			[
				323,
				392.5,
				17
			],
			[
				319.5,
				391.5,
				36
			],
			[
				312,
				387.5,
				51
			],
			[
				308,
				385.5,
				67
			],
			[
				300,
				382.5,
				83
			],
			[
				292,
				378.5,
				101
			],
			[
				287.5,
				377,
				115
			],
			[
				279.5,
				373.5,
				132
			],
			[
				271,
				369.5,
				149
			],
			[
				267.5,
				368,
				167
			],
			[
				260,
				364.5,
				183
			],
			[
				251.5,
				362,
				204
			],
			[
				239.5,
				358.5,
				237
			],
			[
				231,
				355,
				252
			],
			[
				226.5,
				353.5,
				266
			],
			[
				209.5,
				344,
				303
			],
			[
				204.5,
				341.5,
				315
			],
			[
				196.5,
				336.5,
				333
			],
			[
				187.5,
				331.5,
				350
			],
			[
				183,
				329,
				366
			],
			[
				174,
				324,
				382
			],
			[
				165.5,
				319.5,
				399
			],
			[
				161.5,
				318,
				416
			],
			[
				154.5,
				315,
				434
			],
			[
				148,
				312.5,
				450
			],
			[
				144.5,
				311.5,
				466
			],
			[
				139,
				310.5,
				482
			],
			[
				133.5,
				308,
				502
			],
			[
				131,
				307,
				516
			],
			[
				125,
				304,
				534
			],
			[
				122.5,
				302,
				549
			],
			[
				117,
				299.5,
				567
			],
			[
				112,
				296.5,
				583
			],
			[
				106.5,
				294,
				600
			],
			[
				103.5,
				293,
				616
			],
			[
				98,
				289.5,
				635
			],
			[
				92,
				285.5,
				651
			]
		]
	},
	"second": {
		"dev_index": "3",
		"dev_info": "etc",
		"width": 287,
		"height": 285.03693570451435,
		"timestamp": 1564442740894,
		"lines": [
			[
				238,
				255.5,
				0
			],
			[
				234.5,
				253,
				20
			],
			[
				232.5,
				251.5,
				28
			],
			[
				229.5,
				250,
				41
			],
			[
				226,
				248.5,
				53
			],
			[
				222,
				246.5,
				64
			],
			[
				218,
				244.5,
				69
			],
			[
				213.5,
				242.5,
				82
			],
			[
				209,
				241,
				88
			],
			[
				204.5,
				239.5,
				100
			],
			[
				200,
				237.5,
				108
			],
			[
				196,
				236,
				121
			],
			[
				192,
				234.5,
				130
			],
			[
				188.5,
				233,
				141
			],
			[
				185.5,
				231,
				149
			],
			[
				181.5,
				229,
				161
			],
			[
				178.5,
				226.5,
				168
			],
			[
				175,
				224.5,
				181
			],
			[
				172,
				222,
				188
			],
			[
				169,
				220,
				200
			],
			[
				165.5,
				218,
				208
			],
			[
				162,
				216,
				220
			],
			[
				158,
				214,
				228
			],
			[
				154.5,
				212,
				241
			],
			[
				151,
				209.5,
				248
			],
			[
				147,
				207,
				261
			],
			[
				143,
				205,
				268
			],
			[
				139,
				202.5,
				281
			],
			[
				135.5,
				200,
				288
			],
			[
				131.5,
				197.5,
				299
			],
			[
				127.5,
				195.5,
				307
			],
			[
				124,
				193,
				320
			],
			[
				120,
				191,
				328
			],
			[
				115.5,
				189,
				340
			],
			[
				111.5,
				186.5,
				347
			],
			[
				107.5,
				184,
				360
			],
			[
				103.5,
				181.5,
				367
			],
			[
				99.5,
				179,
				380
			],
			[
				95,
				176.5,
				387
			],
			[
				91,
				173.5,
				399
			],
			[
				87.5,
				171.5,
				407
			],
			[
				83.5,
				169.5,
				419
			],
			[
				80,
				167.5,
				427
			],
			[
				76.5,
				165.5,
				439
			],
			[
				73,
				163.5,
				447
			],
			[
				69.5,
				161.5,
				459
			],
			[
				65.5,
				159,
				467
			],
			[
				62,
				157,
				481
			],
			[
				59,
				155.5,
				487
			],
			[
				56,
				153.5,
				499
			],
			[
				53.5,
				152.5,
				508
			],
			[
				51,
				151.5,
				519
			],
			[
				49,
				150.5,
				527
			],
			[
				48.5,
				150.5,
				539
			]
		]
	}
}