{
	"env": 1234,
	"subject": "1234",
	"line_num": 0,
	"first": {
		"dev_index": "2",
		"dev_info": "etc",
		"width": 382,
		"height": 266.75650842266464,
		"timestamp": 1564436672373,
		"lines": [
			[
				108,
				149.5,
				0
			],
			[
				108,
				156.5,
				29
			],
			[
				109,
				157.5,
				36
			],
			[
				110,
				162.5,
				42
			],
			[
				172,
				288.5,
				126
			],
			[
				176,
				294.5,
				133
			],
			[
				184,
				305.5,
				140
			],
			[
				193,
				320.5,
				147
			],
			[
				200,
				333.5,
				155
			],
			[
				203,
				337.5,
				162
			],
			[
				209,
				346.5,
				170
			],
			[
				217,
				357.5,
				178
			],
			[
				219,
				361.5,
				186
			],
			[
				224,
				367.5,
				193
			],
			[
				229,
				373.5,
				201
			],
			[
				231,
				374.5,
				208
			],
			[
				233,
				377.5,
				218
			],
			[
				233,
				378.5,
				222
			],
			[
				234,
				378.5,
				231
			],
			[
				234,
				378.5,
				239
			],
			[
				234,
				378.5,
				245
			]
		]
	},
	"second": {
		"dev_index": "2",
		"dev_info": "etc",
		"width": 382,
		"height": 266.75650842266464,
		"timestamp": 1564436673099,
		"lines": [
			[
				288,
				132.5,
				0
			],
			[
				287,
				135.5,
				45
			],
			[
				283,
				143.5,
				51
			],
			[
				283,
				143.5,
				58
			],
			[
				280,
				148.5,
				60
			],
			[
				276,
				158.5,
				67
			],
			[
				269,
				174.5,
				75
			],
			[
				267,
				180.5,
				82
			],
			[
				263,
				190.5,
				89
			],
			[
				257,
				208.5,
				96
			],
			[
				254,
				213.5,
				104
			],
			[
				248,
				225.5,
				112
			],
			[
				242,
				241.5,
				128
			],
			[
				235,
				257.5,
				129
			],
			[
				231,
				263.5,
				134
			],
			[
				227,
				273.5,
				142
			],
			[
				218,
				287.5,
				149
			],
			[
				215,
				293.5,
				157
			],
			[
				205,
				310.5,
				164
			],
			[
				195,
				331.5,
				172
			],
			[
				191,
				338.5,
				179
			],
			[
				187,
				347.5,
				187
			],
			[
				179,
				363.5,
				194
			],
			[
				177,
				369.5,
				202
			],
			[
				171,
				380.5,
				211
			],
			[
				165,
				393.5,
				217
			],
			[
				161,
				400.5,
				226
			],
			[
				160,
				403.5,
				232
			],
			[
				157,
				408.5,
				239
			],
			[
				155,
				410.5,
				247
			],
			[
				155,
				411.5,
				254
			]
		]
	}
}