{
	"env": 4,
	"subject": "4",
	"line_num": 0,
	"first": {
		"dev_index": "1",
		"dev_info": "etc",
		"width": 483,
		"height": 623.2865497076024,
		"timestamp": 1564442804286,
		"lines": [
			[
				313.5,
				68,
				0
			],
			[
				310,
				69,
				5
			],
			[
				304,
				72.5,
				36
			],
			[
				299.5,
				75,
				52
			],
			[
				294.5,
				77.5,
				64
			],
			[
				284.5,
				84.5,
				79
			],
			[
				274,
				90.5,
				103
			],
			[
				269,
				93.5,
				115
			],
			[
				259.5,
				99.5,
				133
			],
			[
				248.5,
				106,
				148
			],
			[
				243.5,
				108.5,
				164
			],
			[
				233.5,
				114.5,
				180
			],
			[
				228.5,
				117.5,
				199
			],
			[
				220,
				123,
				213
			],
			[
				213.5,
				126.5,
				231
			],
			[
				207,
				129,
				248
			],
			[
				204,
				130.5,
				264
			],
			[
				198,
				133,
				279
			],
			[
				194.5,
				134.5,
				296
			],
			[
				188,
				138,
				315
			],
			[
				181,
				141,
				331
			],
			[
				174.5,
				144.5,
				349
			],
			[
				171,
				146.5,
				363
			],
			[
				163.5,
				149.5,
				380
			],
			[
				159.5,
				150.5,
				397
			],
			[
				153.5,
				153,
				414
			],
			[
				146.5,
				156,
				431
			],
			[
				140,
				158.5,
				449
			],
			[
				137,
				160,
				465
			],
			[
				132,
				163.5,
				481
			]
		]
	},
	"second": {
		"dev_index": "2",
		"dev_info": "etc",
		"width": 483,
		"height": 644.6264591439689,
		"timestamp": 1564442805246,
		"lines": [
			[
				304,
				224.5,
				0
			],
			[
				300.5,
				226,
				10
			],
			[
				296.5,
				228,
				26
			],
			[
				285.5,
				234.5,
				36
			],
			[
				280,
				238.5,
				52
			],
			[
				268.5,
				246.5,
				70
			],
			[
				257.5,
				254,
				86
			],
			[
				251.5,
				257.5,
				103
			],
			[
				241.5,
				264.5,
				122
			],
			[
				232,
				271,
				137
			],
			[
				227,
				273.5,
				155
			],
			[
				219,
				278.5,
				170
			],
			[
				212,
				283,
				187
			],
			[
				208.5,
				285.5,
				204
			],
			[
				201.5,
				290,
				221
			],
			[
				194.5,
				295,
				238
			],
			[
				191.5,
				297,
				256
			],
			[
				184,
				302,
				270
			],
			[
				177,
				308,
				287
			],
			[
				170,
				315,
				306
			],
			[
				166,
				318.5,
				323
			],
			[
				158.5,
				325,
				337
			],
			[
				155,
				328.5,
				354
			],
			[
				148.5,
				335.5,
				372
			],
			[
				141.5,
				342,
				388
			],
			[
				135.5,
				348,
				406
			],
			[
				132,
				351.5,
				423
			],
			[
				126,
				358,
				440
			],
			[
				123,
				360.5,
				455
			],
			[
				116.5,
				366.5,
				472
			],
			[
				110.5,
				372.5,
				489
			],
			[
				105,
				378.5,
				506
			],
			[
				102,
				381,
				522
			],
			[
				98.5,
				385,
				538
			],
			[
				97.5,
				386.5,
				553
			]
		]
	}
}