{
	"env": 4,
	"subject": "4",
	"line_num": 1,
	"first": {
		"dev_index": "2",
		"dev_info": "etc",
		"width": 483,
		"height": 644.6264591439689,
		"timestamp": 1564442806172,
		"lines": [
			[
				304.5,
				365.5,
				0
			],
			[
				302,
				365,
				17
			],
			[
				298.5,
				364.5,
				30
			],
			[
				294,
				363.5,
				45
			],
			[
				285.5,
				361,
				63
			],
			[
				276.5,
				357.5,
				78
			],
			[
				272,
				356,
				96
			],
			[
				263,
				351.5,
				112
			],
			[
				258.5,
				348.5,
				128
			],
			[
				249,
				343,
				147
			],
			[
				240.5,
				337.5,
				162
			],
			[
				232,
				332.5,
				180
			],
			[
				228,
				330,
				196
			],
			[
				220,
				325,
				212
			],
			[
				213,
				320.5,
				231
			],
			[
				209,
				318,
				249
			],
			[
				202,
				314,
				263
			],
			[
				194,
				309,
				280
			],
			[
				190,
				307,
				295
			],
			[
				182,
				302,
				314
			],
			[
				178,
				299.5,
				330
			],
			[
				171,
				295,
				348
			],
			[
				163,
				291,
				363
			],
			[
				156,
				287,
				380
			],
			[
				153,
				285,
				396
			],
			[
				145.5,
				281.5,
				411
			],
			[
				138,
				277.5,
				431
			],
			[
				135,
				275.5,
				448
			],
			[
				129.5,
				272,
				463
			],
			[
				123,
				268,
				479
			],
			[
				119.5,
				266.5,
				496
			],
			[
				113,
				262,
				512
			],
			[
				110,
				260,
				529
			],
			[
				104,
				256.5,
				548
			],
			[
				98,
				253,
				562
			],
			[
				92,
				250.5,
				579
			],
			[
				89.5,
				249.5,
				596
			],
			[
				84.5,
				247,
				612
			],
			[
				80,
				242.5,
				631
			],
			[
				78,
				240,
				651
			]
		]
	},
	"second": {
		"dev_index": "3",
		"dev_info": "etc",
		"width": 287,
		"height": 285.03693570451435,
		"timestamp": 1564442807212,
		"lines": [
			[
				236.5,
				198.5,
				0
			],
			[
				232.5,
				197.5,
				9
			],
			[
				229,
				196.5,
				28
			],
			[
				221.5,
				193.5,
				40
			],
			[
				218,
				191.5,
				48
			],
			[
				214.5,
				189,
				60
			],
			[
				210.5,
				186,
				68
			],
			[
				206.5,
				183,
				76
			],
			[
				203,
				179,
				89
			],
			[
				199,
				175.5,
				97
			],
			[
				195,
				172.5,
				109
			],
			[
				192,
				169.5,
				117
			],
			[
				188,
				166,
				129
			],
			[
				185,
				164,
				137
			],
			[
				181.5,
				161,
				149
			],
			[
				177.5,
				158,
				159
			],
			[
				174,
				156,
				170
			],
			[
				171,
				154,
				178
			],
			[
				168,
				152,
				190
			],
			[
				164.5,
				150,
				197
			],
			[
				160.5,
				147,
				210
			],
			[
				157,
				145,
				216
			],
			[
				153,
				142,
				229
			],
			[
				149.5,
				139,
				237
			],
			[
				146.5,
				136.5,
				249
			],
			[
				143,
				133.5,
				256
			],
			[
				139.5,
				131.5,
				268
			],
			[
				136,
				129,
				276
			],
			[
				132.5,
				126.5,
				288
			],
			[
				129.5,
				124.5,
				296
			],
			[
				126,
				122,
				309
			],
			[
				122.5,
				120,
				316
			],
			[
				119,
				117.5,
				328
			],
			[
				115,
				115,
				336
			],
			[
				111.5,
				112.5,
				348
			],
			[
				107.5,
				109.5,
				356
			],
			[
				104,
				107.5,
				368
			],
			[
				100,
				105.5,
				376
			],
			[
				96.5,
				103,
				388
			],
			[
				93,
				101.5,
				396
			],
			[
				89,
				99.5,
				409
			],
			[
				85.5,
				97.5,
				416
			],
			[
				82,
				95.5,
				428
			],
			[
				79,
				93.5,
				437
			],
			[
				76.5,
				92.5,
				453
			],
			[
				73.5,
				91,
				457
			],
			[
				71,
				90,
				470
			],
			[
				69,
				89,
				476
			],
			[
				67,
				87.5,
				489
			],
			[
				65.5,
				87,
				496
			],
			[
				65,
				87,
				509
			],
			[
				64.5,
				86.5,
				520
			],
			[
				65,
				87.5,
				528
			]
		]
	}
}