{
	"env": 4,
	"subject": "4",
	"line_num": 0,
	"first": {
		"dev_index": "1",
		"dev_info": "etc",
		"width": 483,
		"height": 623.2865497076024,
		"timestamp": 1564442954295,
		"lines": [
			[
				317.5,
				42.5,
				0
			],
			[
				314.5,
				44,
				44
			],
			[
				307.5,
				47.5,
				76
			],
			[
				296.5,
				54,
				99
			],
			[
				289,
				57.5,
				124
			],
			[
				282,
				62,
				143
			],
			[
				275,
				66,
				158
			],
			[
				268,
				70.5,
				176
			],
			[
				265,
				72.5,
				190
			],
			[
				259,
				77.5,
				207
			],
			[
				253,
				82,
				225
			],
			[
				250,
				83.5,
				240
			],
			[
				244,
				87,
				256
			],
			[
				240.5,
				89,
				273
			],
			[
				233,
				93,
				290
			],
			[
				225,
				98.5,
				307
			],
			[
				217.5,
				104,
				330
			],
			[
				214,
				106,
				342
			],
			[
				207,
				111,
				357
			],
			[
				204.5,
				112,
				375
			],
			[
				199,
				115,
				392
			],
			[
				194,
				118.5,
				409
			],
			[
				187.5,
				122.5,
				426
			],
			[
				184.5,
				125,
				442
			],
			[
				178,
				129.5,
				457
			],
			[
				174,
				131.5,
				473
			],
			[
				165.5,
				136,
				490
			],
			[
				157.5,
				139.5,
				510
			],
			[
				150,
				142.5,
				526
			],
			[
				147,
				143.5,
				542
			],
			[
				141.5,
				145.5,
				557
			],
			[
				139,
				147,
				573
			],
			[
				134.5,
				149.5,
				595
			],
			[
				130,
				152.5,
				609
			],
			[
				125.5,
				155.5,
				631
			],
			[
				123,
				157.5,
				643
			],
			[
				118,
				162,
				658
			],
			[
				113,
				165.5,
				676
			],
			[
				110,
				167.5,
				694
			]
		]
	},
	"second": {
		"dev_index": "2",
		"dev_info": "etc",
		"width": 483,
		"height": 644.6264591439689,
		"timestamp": 1564442955415,
		"lines": [
			[
				287,
				251.5,
				0
			],
			[
				284,
				252.5,
				4
			],
			[
				279.5,
				254.5,
				20
			],
			[
				269.5,
				262,
				38
			],
			[
				265.5,
				266,
				57
			],
			[
				256.5,
				274,
				71
			],
			[
				247.5,
				281,
				89
			],
			[
				239,
				289,
				104
			],
			[
				234,
				292.5,
				121
			],
			[
				225.5,
				299,
				140
			],
			[
				217.5,
				305.5,
				156
			],
			[
				213.5,
				308.5,
				172
			],
			[
				206,
				315,
				188
			],
			[
				199.5,
				320,
				206
			],
			[
				196.5,
				322,
				221
			],
			[
				189.5,
				327,
				238
			],
			[
				186,
				329.5,
				254
			],
			[
				178,
				334,
				272
			],
			[
				170.5,
				338,
				289
			],
			[
				162.5,
				342.5,
				305
			],
			[
				158,
				344.5,
				321
			],
			[
				150.5,
				349,
				337
			],
			[
				144,
				354,
				357
			],
			[
				140.5,
				356,
				372
			],
			[
				134.5,
				360,
				388
			],
			[
				129.5,
				363.5,
				405
			],
			[
				124.5,
				366.5,
				425
			],
			[
				122.5,
				368,
				438
			],
			[
				119,
				372,
				460
			],
			[
				117,
				374.5,
				471
			],
			[
				113,
				379,
				489
			],
			[
				108,
				383,
				504
			],
			[
				105.5,
				385,
				521
			],
			[
				100,
				389,
				539
			],
			[
				93.5,
				393,
				555
			],
			[
				91,
				395.5,
				571
			],
			[
				86,
				400,
				588
			],
			[
				82,
				404,
				605
			],
			[
				81,
				406,
				624
			]
		]
	}
}