{
	"env": 4,
	"subject": "4",
	"line_num": 1,
	"first": {
		"dev_index": "2",
		"dev_info": "etc",
		"width": 483,
		"height": 644.6264591439689,
		"timestamp": 1564442956533,
		"lines": [
			[
				303.5,
				354,
				0
			],
			[
				300.5,
				353,
				16
			],
			[
				296.5,
				352,
				22
			],
			[
				291.5,
				350.5,
				42
			],
			[
				282.5,
				347,
				56
			],
			[
				278,
				345.5,
				70
			],
			[
				269,
				342,
				94
			],
			[
				260.5,
				338.5,
				105
			],
			[
				256.5,
				336.5,
				123
			],
			[
				247.5,
				333,
				138
			],
			[
				244,
				331,
				154
			],
			[
				236.5,
				327.5,
				170
			],
			[
				229,
				323.5,
				190
			],
			[
				225.5,
				321,
				203
			],
			[
				219,
				317,
				221
			],
			[
				211.5,
				313,
				237
			],
			[
				207.5,
				311,
				253
			],
			[
				199,
				307.5,
				270
			],
			[
				191,
				304,
				290
			],
			[
				183,
				300.5,
				307
			],
			[
				179.5,
				299,
				322
			],
			[
				172.5,
				296,
				339
			],
			[
				169,
				295,
				353
			],
			[
				161.5,
				293,
				370
			],
			[
				155,
				290.5,
				390
			],
			[
				148,
				288,
				405
			],
			[
				144.5,
				286.5,
				422
			],
			[
				138,
				283,
				437
			],
			[
				134,
				281,
				454
			],
			[
				127.5,
				278.5,
				473
			],
			[
				120,
				277,
				488
			],
			[
				113,
				275,
				505
			],
			[
				109.5,
				274,
				522
			],
			[
				103,
				272,
				538
			],
			[
				96.5,
				269,
				557
			],
			[
				93.5,
				268,
				573
			],
			[
				88.5,
				264.5,
				590
			],
			[
				82.5,
				261,
				607
			]
		]
	},
	"second": {
		"dev_index": "3",
		"dev_info": "etc",
		"width": 287,
		"height": 285.03693570451435,
		"timestamp": 1564442957494,
		"lines": [
			[
				253.5,
				266,
				0
			],
			[
				250.5,
				265,
				2
			],
			[
				247,
				264,
				18
			],
			[
				242.5,
				262.5,
				26
			],
			[
				232,
				257,
				57
			],
			[
				228.5,
				254.5,
				76
			],
			[
				224.5,
				252.5,
				77
			],
			[
				221,
				249,
				83
			],
			[
				217,
				245.5,
				95
			],
			[
				213,
				242,
				102
			],
			[
				208.5,
				238,
				115
			],
			[
				204,
				234,
				122
			],
			[
				198.5,
				230.5,
				134
			],
			[
				194,
				226.5,
				142
			],
			[
				189,
				222.5,
				155
			],
			[
				184,
				218,
				162
			],
			[
				178.5,
				214.5,
				175
			],
			[
				173.5,
				211,
				182
			],
			[
				169,
				207.5,
				197
			],
			[
				163.5,
				204,
				202
			],
			[
				158,
				200.5,
				215
			],
			[
				152.5,
				197.5,
				222
			],
			[
				147,
				194.5,
				235
			],
			[
				142,
				191.5,
				243
			],
			[
				136.5,
				189,
				254
			],
			[
				130.5,
				186.5,
				264
			],
			[
				125.5,
				183.5,
				275
			],
			[
				120.5,
				180.5,
				282
			],
			[
				115.5,
				177.5,
				297
			],
			[
				111,
				174,
				302
			],
			[
				106,
				171,
				314
			],
			[
				102.5,
				168.5,
				321
			],
			[
				98.5,
				165,
				334
			],
			[
				94.5,
				161.5,
				341
			],
			[
				90,
				158.5,
				354
			],
			[
				86,
				155,
				361
			],
			[
				83,
				152.5,
				374
			],
			[
				80,
				149.5,
				381
			]
		]
	}
}