{
	"env": 4,
	"subject": "4",
	"line_num": 0,
	"first": {
		"dev_index": "1",
		"dev_info": "etc",
		"width": 483,
		"height": 623.2865497076024,
		"timestamp": 1564443337335,
		"lines": [
			[
				331,
				77.5,
				0
			],
			[
				327,
				76,
				5
			],
			[
				325,
				76.5,
				60
			],
			[
				324,
				77,
				66
			],
			[
				323.5,
				78,
				82
			],
			[
				320.5,
				79,
				97
			],
			[
				313,
				82,
				117
			],
			[
				306,
				86,
				132
			],
			[
				297.5,
				90,
				149
			],
			[
				294,
				93,
				164
			],
			[
				286,
				99,
				180
			],
			[
				282.5,
				101.5,
				197
			],
			[
				275,
				107,
				217
			],
			[
				267,
				110.5,
				231
			],
			[
				260,
				112.5,
				249
			],
			[
				256,
				114.5,
				264
			],
			[
				249,
				117,
				280
			],
			[
				241.5,
				120.5,
				300
			],
			[
				237.5,
				122,
				317
			],
			[
				229,
				125.5,
				330
			],
			[
				221.5,
				128.5,
				348
			],
			[
				217,
				130,
				364
			],
			[
				209,
				133,
				381
			],
			[
				201,
				136.5,
				400
			],
			[
				197.5,
				138.5,
				414
			],
			[
				189.5,
				142.5,
				433
			],
			[
				181,
				147,
				448
			],
			[
				177,
				149.5,
				464
			],
			[
				164,
				156,
				486
			],
			[
				160,
				158,
				498
			],
			[
				156,
				160,
				515
			],
			[
				149,
				164,
				533
			],
			[
				142,
				168,
				548
			],
			[
				136,
				170.5,
				566
			],
			[
				133.5,
				172.5,
				580
			],
			[
				131,
				173.5,
				598
			],
			[
				125,
				176,
				617
			],
			[
				119,
				178,
				633
			],
			[
				113,
				181,
				647
			],
			[
				110,
				182,
				664
			],
			[
				104.5,
				185,
				682
			],
			[
				99,
				188,
				704
			],
			[
				96,
				189.5,
				714
			],
			[
				91,
				192,
				730
			],
			[
				86.5,
				195,
				747
			],
			[
				83.5,
				196,
				763
			]
		]
	},
	"second": {
		"dev_index": "2",
		"dev_info": "etc",
		"width": 483,
		"height": 644.6264591439689,
		"timestamp": 1564443338413,
		"lines": [
			[
				311.5,
				228,
				0
			],
			[
				309.5,
				228.5,
				2
			],
			[
				302,
				231.5,
				22
			],
			[
				298,
				233.5,
				36
			],
			[
				290,
				238,
				53
			],
			[
				282.5,
				243.5,
				69
			],
			[
				274.5,
				249,
				89
			],
			[
				270.5,
				251,
				105
			],
			[
				263,
				255.5,
				121
			],
			[
				259.5,
				257.5,
				139
			],
			[
				252,
				261,
				154
			],
			[
				243.5,
				265,
				170
			],
			[
				236.5,
				269,
				188
			],
			[
				232.5,
				270.5,
				205
			],
			[
				225,
				273.5,
				220
			],
			[
				221.5,
				274.5,
				237
			],
			[
				215,
				277.5,
				253
			],
			[
				206.5,
				280.5,
				270
			],
			[
				198.5,
				284.5,
				293
			],
			[
				194.5,
				287,
				305
			],
			[
				187,
				291.5,
				321
			],
			[
				183,
				293.5,
				339
			],
			[
				175.5,
				297.5,
				356
			],
			[
				168.5,
				301.5,
				372
			],
			[
				161.5,
				305.5,
				389
			],
			[
				157.5,
				307,
				405
			],
			[
				150.5,
				311.5,
				421
			],
			[
				146.5,
				313.5,
				436
			],
			[
				139.5,
				317.5,
				453
			],
			[
				132.5,
				322,
				473
			],
			[
				125.5,
				326,
				488
			],
			[
				122.5,
				328,
				505
			],
			[
				116.5,
				332.5,
				521
			],
			[
				113.5,
				334.5,
				537
			],
			[
				109,
				337.5,
				556
			],
			[
				107.5,
				339.5,
				572
			],
			[
				107,
				340.5,
				588
			]
		]
	}
}