{
	"env": 4,
	"subject": "4",
	"line_num": 1,
	"first": {
		"dev_index": "2",
		"dev_info": "etc",
		"width": 483,
		"height": 644.6264591439689,
		"timestamp": 1564443339305,
		"lines": [
			[
				247,
				389,
				0
			],
			[
				244,
				388.5,
				34
			],
			[
				240.5,
				387.5,
				47
			],
			[
				236.5,
				386.5,
				65
			],
			[
				228,
				384.5,
				80
			],
			[
				219.5,
				382,
				96
			],
			[
				214.5,
				380.5,
				113
			],
			[
				205.5,
				378,
				131
			],
			[
				196.5,
				375,
				147
			],
			[
				191.5,
				373.5,
				163
			],
			[
				182,
				370.5,
				180
			],
			[
				173,
				367.5,
				196
			],
			[
				169,
				366,
				212
			],
			[
				161.5,
				363,
				230
			],
			[
				154.5,
				360,
				247
			],
			[
				151.5,
				358.5,
				263
			],
			[
				145,
				355.5,
				280
			],
			[
				138,
				353,
				296
			],
			[
				135,
				351.5,
				312
			],
			[
				129,
				348,
				331
			],
			[
				122.5,
				344.5,
				352
			],
			[
				119,
				343,
				363
			],
			[
				112,
				339.5,
				381
			],
			[
				105.5,
				336.5,
				396
			],
			[
				102.5,
				335.5,
				411
			],
			[
				96.5,
				332.5,
				428
			],
			[
				91,
				330.5,
				448
			],
			[
				88,
				329,
				464
			],
			[
				82.5,
				326,
				479
			],
			[
				76.5,
				323,
				497
			],
			[
				74,
				321.5,
				512
			],
			[
				67.5,
				318.5,
				532
			],
			[
				61,
				316,
				551
			],
			[
				57.5,
				315,
				562
			],
			[
				51.5,
				313,
				579
			],
			[
				45.5,
				311.5,
				596
			],
			[
				42.5,
				310,
				613
			],
			[
				40,
				308,
				628
			]
		]
	},
	"second": {
		"dev_index": "3",
		"dev_info": "etc",
		"width": 211,
		"height": 264.9767441860465,
		"timestamp": 1564443340296,
		"lines": [
			[
				170.5,
				411.5,
				0
			],
			[
				167.5,
				410.5,
				2
			],
			[
				165,
				409.5,
				21
			],
			[
				162,
				408,
				33
			],
			[
				160,
				406.5,
				36
			],
			[
				157,
				405,
				41
			],
			[
				154.5,
				403.5,
				53
			],
			[
				152.5,
				401.5,
				62
			],
			[
				150,
				400,
				74
			],
			[
				148,
				397.5,
				83
			],
			[
				146,
				396,
				94
			],
			[
				143.5,
				394,
				102
			],
			[
				141,
				392.5,
				114
			],
			[
				138.5,
				390.5,
				124
			],
			[
				136,
				389,
				135
			],
			[
				133,
				387.5,
				142
			],
			[
				130.5,
				385.5,
				155
			],
			[
				127.5,
				383.5,
				163
			],
			[
				125.5,
				381.5,
				174
			],
			[
				122.5,
				380,
				182
			],
			[
				119.5,
				378.5,
				194
			],
			[
				116.5,
				377,
				203
			],
			[
				113,
				375.5,
				214
			],
			[
				110,
				374,
				223
			],
			[
				107.5,
				372.5,
				234
			],
			[
				104.5,
				371.5,
				242
			],
			[
				101.5,
				369.5,
				253
			],
			[
				98.5,
				368,
				260
			],
			[
				95,
				366,
				273
			],
			[
				92,
				364.5,
				281
			],
			[
				88.5,
				362.5,
				294
			],
			[
				85,
				361,
				301
			],
			[
				82,
				359,
				313
			],
			[
				79,
				357.5,
				321
			],
			[
				75.5,
				356.5,
				333
			],
			[
				72,
				355,
				341
			],
			[
				68.5,
				353.5,
				353
			],
			[
				64.5,
				351.5,
				361
			],
			[
				61.5,
				350.5,
				374
			],
			[
				57.5,
				348.5,
				381
			],
			[
				54,
				347,
				393
			],
			[
				50.5,
				345.5,
				401
			],
			[
				47,
				344,
				413
			],
			[
				43.5,
				342.5,
				421
			],
			[
				40.5,
				340.5,
				433
			],
			[
				38.5,
				339,
				441
			],
			[
				37,
				338.5,
				453
			],
			[
				36.5,
				338,
				461
			],
			[
				37,
				339,
				474
			]
		]
	}
}