{
	"env": 4,
	"subject": "4",
	"line_num": 0,
	"first": {
		"dev_index": "1",
		"dev_info": "etc",
		"width": 483,
		"height": 623.2865497076024,
		"timestamp": 1564443399430,
		"lines": [
			[
				274.5,
				95.5,
				0
			],
			[
				272,
				99,
				56
			],
			[
				270,
				101,
				68
			],
			[
				267.5,
				102,
				76
			],
			[
				264.5,
				104,
				95
			],
			[
				258,
				108,
				111
			],
			[
				254.5,
				110,
				129
			],
			[
				247.5,
				115,
				143
			],
			[
				240.5,
				121,
				162
			],
			[
				233.5,
				126.5,
				178
			],
			[
				229.5,
				129,
				194
			],
			[
				222.5,
				133,
				213
			],
			[
				219,
				135.5,
				228
			],
			[
				213,
				138.5,
				246
			],
			[
				207.5,
				142.5,
				262
			],
			[
				202,
				146.5,
				279
			],
			[
				199,
				148.5,
				295
			],
			[
				192.5,
				153,
				310
			],
			[
				189,
				155.5,
				328
			],
			[
				182.5,
				159.5,
				345
			],
			[
				178,
				164,
				361
			],
			[
				173,
				167.5,
				379
			],
			[
				170.5,
				169,
				394
			],
			[
				165.5,
				171.5,
				412
			],
			[
				163,
				172.5,
				428
			],
			[
				157.5,
				175.5,
				447
			],
			[
				152.5,
				179,
				462
			],
			[
				147.5,
				182,
				479
			],
			[
				145.5,
				183.5,
				496
			],
			[
				140,
				187.5,
				512
			],
			[
				137.5,
				189.5,
				527
			],
			[
				132.5,
				192.5,
				545
			],
			[
				127.5,
				196,
				563
			],
			[
				122.5,
				200,
				580
			],
			[
				120,
				202,
				594
			],
			[
				115.5,
				206.5,
				613
			],
			[
				111.5,
				210,
				628
			],
			[
				109.5,
				212,
				647
			],
			[
				106,
				214.5,
				663
			],
			[
				102.5,
				217,
				679
			],
			[
				101,
				218,
				695
			],
			[
				98,
				220,
				710
			],
			[
				94.5,
				222.5,
				733
			],
			[
				92.5,
				224,
				744
			],
			[
				89,
				226.5,
				761
			],
			[
				85,
				229.5,
				781
			],
			[
				80.5,
				232.5,
				797
			],
			[
				78,
				234,
				813
			],
			[
				73,
				236.5,
				829
			],
			[
				71,
				238,
				845
			],
			[
				67,
				241.5,
				863
			],
			[
				63,
				245,
				878
			],
			[
				61,
				247,
				894
			],
			[
				58.5,
				249,
				910
			]
		]
	},
	"second": {
		"dev_index": "2",
		"dev_info": "etc",
		"width": 483,
		"height": 644.6264591439689,
		"timestamp": 1564443400705,
		"lines": [
			[
				315.5,
				284,
				0
			],
			[
				312.5,
				287,
				39
			],
			[
				310.5,
				289,
				54
			],
			[
				306.5,
				293.5,
				71
			],
			[
				302,
				297.5,
				87
			],
			[
				297.5,
				301.5,
				105
			],
			[
				292.5,
				305.5,
				122
			],
			[
				290,
				307.5,
				138
			],
			[
				284,
				312.5,
				156
			],
			[
				281,
				315,
				170
			],
			[
				274.5,
				319,
				185
			],
			[
				268,
				322.5,
				203
			],
			[
				261.5,
				326.5,
				222
			],
			[
				258.5,
				328.5,
				239
			],
			[
				252.5,
				333,
				253
			],
			[
				249,
				335.5,
				270
			],
			[
				243.5,
				339.5,
				286
			],
			[
				238,
				343.5,
				306
			],
			[
				232.5,
				348,
				322
			],
			[
				229.5,
				350.5,
				338
			],
			[
				224,
				355.5,
				354
			],
			[
				218.5,
				360,
				372
			],
			[
				216,
				362,
				386
			],
			[
				210.5,
				365,
				404
			],
			[
				205.5,
				368.5,
				422
			],
			[
				203,
				370.5,
				438
			],
			[
				197.5,
				374.5,
				454
			],
			[
				195.5,
				377,
				470
			],
			[
				189.5,
				381,
				490
			],
			[
				184,
				385,
				506
			],
			[
				179,
				389.5,
				522
			],
			[
				176,
				392,
				537
			],
			[
				170,
				398,
				553
			],
			[
				167,
				400.5,
				569
			],
			[
				160.5,
				405.5,
				589
			],
			[
				154.5,
				409.5,
				604
			],
			[
				149.5,
				413.5,
				622
			],
			[
				147.5,
				415,
				639
			],
			[
				143.5,
				418,
				653
			],
			[
				143,
				418.5,
				672
			],
			[
				142,
				419,
				686
			],
			[
				142,
				418.5,
				705
			],
			[
				138.5,
				421,
				723
			],
			[
				137,
				421.5,
				738
			],
			[
				135.5,
				423,
				753
			],
			[
				134,
				423.5,
				772
			],
			[
				130.5,
				427,
				786
			],
			[
				128,
				429,
				803
			],
			[
				124.5,
				432.5,
				822
			],
			[
				123,
				433.5,
				838
			],
			[
				122,
				434.5,
				854
			],
			[
				121,
				436,
				874
			],
			[
				120,
				437.5,
				886
			],
			[
				119,
				439,
				905
			],
			[
				118.5,
				439.5,
				921
			],
			[
				119,
				439.5,
				938
			],
			[
				117,
				441.5,
				954
			],
			[
				116.5,
				442.5,
				970
			],
			[
				116,
				443,
				986
			],
			[
				116,
				443.5,
				1004
			],
			[
				116.5,
				443,
				1021
			]
		]
	}
}