{
	"env": 3,
	"subject": "3",
	"line_num": 0,
	"first": {
		"dev_index": "1",
		"dev_info": "etc",
		"width": 483,
		"height": 623.2865497076024,
		"timestamp": 1564443550303,
		"lines": [
			[
				315.5,
				111,
				0
			],
			[
				316,
				106,
				5
			],
			[
				315.5,
				108.5,
				31
			],
			[
				315,
				107,
				43
			],
			[
				310.5,
				109,
				60
			],
			[
				306.5,
				110.5,
				76
			],
			[
				297.5,
				115.5,
				92
			],
			[
				287,
				121.5,
				110
			],
			[
				276,
				127.5,
				128
			],
			[
				271,
				130,
				144
			],
			[
				259.5,
				137,
				159
			],
			[
				254.5,
				140,
				176
			],
			[
				244,
				147,
				192
			],
			[
				234.5,
				152,
				210
			],
			[
				226,
				156.5,
				228
			],
			[
				222,
				158,
				244
			],
			[
				213.5,
				162,
				260
			],
			[
				210,
				164,
				275
			],
			[
				202,
				168,
				292
			],
			[
				195.5,
				172,
				311
			],
			[
				189,
				175,
				327
			],
			[
				186,
				176,
				344
			],
			[
				180.5,
				179,
				359
			],
			[
				177,
				181,
				375
			],
			[
				171.5,
				185,
				395
			],
			[
				164.5,
				188.5,
				411
			],
			[
				157.5,
				192.5,
				429
			],
			[
				154,
				194,
				444
			],
			[
				146.5,
				197.5,
				460
			],
			[
				143,
				199.5,
				476
			],
			[
				135.5,
				204,
				495
			],
			[
				128,
				208.5,
				511
			],
			[
				121,
				212.5,
				526
			],
			[
				117.5,
				214,
				544
			],
			[
				111.5,
				217,
				560
			],
			[
				108.5,
				219,
				576
			],
			[
				102,
				222.5,
				595
			],
			[
				96,
				226.5,
				611
			],
			[
				91,
				230,
				627
			],
			[
				89,
				231,
				644
			],
			[
				85,
				234.5,
				660
			],
			[
				83,
				236,
				676
			]
		]
	},
	"second": {
		"dev_index": "2",
		"dev_info": "etc",
		"width": 483,
		"height": 644.6264591439689,
		"timestamp": 1564443551327,
		"lines": [
			[
				333.5,
				255.5,
				0
			],
			[
				331,
				256,
				4
			],
			[
				323.5,
				258.5,
				22
			],
			[
				319,
				260.5,
				39
			],
			[
				314.5,
				263.5,
				52
			],
			[
				300,
				273,
				79
			],
			[
				289.5,
				278.5,
				93
			],
			[
				284.5,
				281.5,
				102
			],
			[
				279.5,
				284.5,
				118
			],
			[
				269.5,
				291,
				137
			],
			[
				265,
				294,
				152
			],
			[
				256.5,
				299.5,
				170
			],
			[
				249,
				304.5,
				186
			],
			[
				242,
				309.5,
				204
			],
			[
				238.5,
				312,
				219
			],
			[
				231,
				316,
				235
			],
			[
				224,
				319.5,
				255
			],
			[
				220.5,
				321,
				272
			],
			[
				213.5,
				324.5,
				287
			],
			[
				206.5,
				328,
				303
			],
			[
				203,
				330.5,
				319
			],
			[
				195.5,
				335,
				339
			],
			[
				191.5,
				337.5,
				352
			],
			[
				183,
				343,
				370
			],
			[
				174.5,
				348,
				386
			],
			[
				166.5,
				353.5,
				403
			],
			[
				158.5,
				359.5,
				421
			],
			[
				154.5,
				362,
				436
			],
			[
				146.5,
				367.5,
				458
			],
			[
				142.5,
				370,
				472
			],
			[
				134.5,
				375.5,
				489
			],
			[
				126,
				381,
				504
			],
			[
				117,
				386.5,
				522
			],
			[
				113,
				389,
				537
			],
			[
				109.5,
				391.5,
				553
			],
			[
				104,
				396,
				570
			],
			[
				101.5,
				399.5,
				587
			],
			[
				101,
				400.5,
				603
			]
		]
	}
}