{
	"env": 3,
	"subject": "3",
	"line_num": 1,
	"first": {
		"dev_index": "2",
		"dev_info": "etc",
		"width": 483,
		"height": 644.6264591439689,
		"timestamp": 1564443552323,
		"lines": [
			[
				317,
				385.5,
				0
			],
			[
				313.5,
				385,
				23
			],
			[
				310.5,
				384.5,
				42
			],
			[
				302.5,
				383.5,
				61
			],
			[
				298,
				382.5,
				76
			],
			[
				288.5,
				380.5,
				91
			],
			[
				277.5,
				376.5,
				107
			],
			[
				266,
				372,
				126
			],
			[
				260,
				369,
				142
			],
			[
				249,
				363.5,
				160
			],
			[
				243.5,
				361,
				173
			],
			[
				233,
				355.5,
				190
			],
			[
				223,
				349.5,
				209
			],
			[
				214,
				344,
				230
			],
			[
				209.5,
				341.5,
				242
			],
			[
				200.5,
				336.5,
				256
			],
			[
				197,
				334.5,
				273
			],
			[
				189,
				331.5,
				293
			],
			[
				181,
				328,
				309
			],
			[
				174,
				324,
				330
			],
			[
				170.5,
				322.5,
				342
			],
			[
				164.5,
				319.5,
				357
			],
			[
				161.5,
				318,
				373
			],
			[
				156,
				316,
				393
			],
			[
				150.5,
				314,
				409
			],
			[
				145.5,
				311.5,
				427
			],
			[
				142.5,
				310.5,
				443
			],
			[
				137.5,
				308,
				459
			],
			[
				135,
				306.5,
				474
			],
			[
				130,
				303.5,
				492
			],
			[
				124.5,
				301,
				508
			],
			[
				121.5,
				300,
				525
			],
			[
				115.5,
				297.5,
				542
			],
			[
				109.5,
				295,
				559
			],
			[
				106,
				294,
				574
			],
			[
				99.5,
				291.5,
				592
			],
			[
				94.5,
				289.5,
				609
			],
			[
				90,
				286.5,
				625
			],
			[
				87.5,
				285,
				642
			],
			[
				83,
				282.5,
				657
			],
			[
				81,
				281,
				673
			],
			[
				77,
				278.5,
				694
			],
			[
				73.5,
				277,
				710
			],
			[
				71,
				275,
				725
			],
			[
				69.5,
				274.5,
				742
			],
			[
				67,
				271.5,
				759
			],
			[
				65.5,
				268.5,
				775
			]
		]
	},
	"second": {
		"dev_index": "3",
		"dev_info": "etc",
		"width": 211,
		"height": 264.9767441860465,
		"timestamp": 1564443553508,
		"lines": [
			[
				173.5,
				311.5,
				0
			],
			[
				171.5,
				311,
				1
			],
			[
				164,
				309.5,
				21
			],
			[
				160,
				307.5,
				36
			],
			[
				152,
				303,
				50
			],
			[
				149,
				300,
				57
			],
			[
				145,
				297,
				69
			],
			[
				141,
				293,
				76
			],
			[
				137.5,
				290,
				90
			],
			[
				134,
				287,
				97
			],
			[
				130.5,
				283.5,
				110
			],
			[
				127,
				280.5,
				117
			],
			[
				123.5,
				277,
				130
			],
			[
				121,
				274,
				138
			],
			[
				117.5,
				272,
				149
			],
			[
				114.5,
				269.5,
				158
			],
			[
				111,
				267,
				170
			],
			[
				108,
				265,
				177
			],
			[
				105.5,
				263.5,
				190
			],
			[
				102.5,
				261.5,
				197
			],
			[
				99,
				259,
				210
			],
			[
				96.5,
				257.5,
				217
			],
			[
				93,
				255,
				230
			],
			[
				90,
				253,
				238
			],
			[
				87,
				250.5,
				249
			],
			[
				83.5,
				248.5,
				259
			],
			[
				80.5,
				246.5,
				270
			],
			[
				77.5,
				244.5,
				277
			],
			[
				74.5,
				242.5,
				291
			],
			[
				71,
				241,
				297
			],
			[
				68.5,
				238.5,
				310
			],
			[
				65.5,
				236,
				317
			],
			[
				62.5,
				233.5,
				329
			],
			[
				60,
				231.5,
				338
			],
			[
				57.5,
				229.5,
				349
			],
			[
				54,
				227.5,
				359
			],
			[
				51.5,
				225.5,
				370
			],
			[
				48.5,
				223.5,
				378
			],
			[
				46,
				221.5,
				390
			],
			[
				43,
				220,
				397
			],
			[
				40.5,
				217.5,
				411
			],
			[
				38,
				215.5,
				417
			],
			[
				35.5,
				213.5,
				428
			],
			[
				33,
				211.5,
				436
			],
			[
				31.5,
				210.5,
				448
			],
			[
				30,
				209.5,
				456
			],
			[
				29.5,
				209,
				468
			],
			[
				29.5,
				209.5,
				476
			]
		]
	}
}