{
	"env": 1234,
	"subject": "1234",
	"line_num": 0,
	"first": {
		"dev_index": "1",
		"dev_info": "etc",
		"width": 133,
		"height": 108.12765957446808,
		"timestamp": 1564437864395,
		"lines": [
			[
				24,
				61,
				0
			],
			[
				24,
				61,
				38
			],
			[
				25,
				61,
				52
			],
			[
				27,
				63,
				58
			],
			[
				35,
				66,
				87
			],
			[
				45,
				69,
				91
			],
			[
				46,
				70,
				95
			],
			[
				49,
				71,
				102
			],
			[
				50,
				72,
				109
			],
			[
				51,
				72,
				139
			],
			[
				51,
				72,
				199
			],
			[
				54,
				72,
				207
			],
			[
				57,
				72,
				215
			],
			[
				60,
				72,
				222
			],
			[
				62,
				72,
				227
			],
			[
				64,
				73,
				235
			],
			[
				67,
				74,
				243
			],
			[
				67,
				74,
				250
			],
			[
				69,
				74,
				258
			],
			[
				69,
				74,
				266
			],
			[
				70,
				74,
				302
			],
			[
				71,
				75,
				310
			],
			[
				73,
				75,
				319
			],
			[
				74,
				75,
				327
			],
			[
				77,
				76,
				334
			],
			[
				80,
				77,
				342
			],
			[
				81,
				77,
				349
			],
			[
				83,
				78,
				357
			],
			[
				85,
				78,
				366
			],
			[
				85,
				78,
				372
			],
			[
				87,
				79,
				379
			],
			[
				88,
				79,
				387
			],
			[
				89,
				79,
				395
			],
			[
				90,
				79,
				402
			],
			[
				90,
				80,
				410
			],
			[
				90,
				80,
				429
			],
			[
				90,
				80,
				440
			],
			[
				90,
				80,
				446
			],
			[
				91,
				80,
				454
			],
			[
				91,
				81,
				469
			],
			[
				92,
				81,
				476
			],
			[
				94,
				81,
				483
			],
			[
				96,
				82,
				492
			],
			[
				96,
				82,
				500
			],
			[
				98,
				83,
				506
			],
			[
				99,
				83,
				514
			],
			[
				100,
				83,
				521
			],
			[
				100,
				83,
				529
			],
			[
				101,
				83,
				536
			],
			[
				101,
				83,
				551
			],
			[
				102,
				83,
				597
			]
		]
	},
	"second": {
		"dev_index": "2",
		"dev_info": "etc",
		"width": 863,
		"height": 700.8255033557047,
		"timestamp": 1564437866391,
		"lines": [
			[
				614,
				285.5,
				0
			],
			[
				616,
				287.5,
				41
			],
			[
				636,
				296.5,
				73
			],
			[
				647,
				301.5,
				87
			],
			[
				656,
				305.5,
				101
			],
			[
				665,
				308.5,
				118
			],
			[
				671,
				309.5,
				135
			],
			[
				677,
				312.5,
				153
			],
			[
				682,
				313.5,
				168
			],
			[
				694,
				316.5,
				189
			],
			[
				706,
				320.5,
				202
			],
			[
				716,
				320.5,
				217
			],
			[
				724,
				322.5,
				237
			],
			[
				729,
				324.5,
				254
			],
			[
				734,
				326.5,
				272
			],
			[
				740,
				328.5,
				284
			],
			[
				745,
				329.5,
				301
			],
			[
				751,
				332.5,
				318
			],
			[
				759,
				336.5,
				334
			],
			[
				765,
				339.5,
				351
			],
			[
				772,
				342.5,
				368
			],
			[
				775,
				344.5,
				384
			],
			[
				778,
				344.5,
				400
			],
			[
				780,
				345.5,
				417
			],
			[
				781,
				345.5,
				434
			],
			[
				782,
				346.5,
				451
			],
			[
				784,
				346.5,
				470
			]
		]
	}
}