{
	"env": 4,
	"subject": "4",
	"line_num": 0,
	"first": {
		"dev_index": "1",
		"dev_info": "etc",
		"width": 483,
		"height": 623.2865497076024,
		"timestamp": 1564443776931,
		"lines": [
			[
				289.5,
				29,
				0
			],
			[
				286,
				32,
				36
			],
			[
				282,
				36,
				52
			],
			[
				273,
				42.5,
				69
			],
			[
				263,
				51.5,
				87
			],
			[
				258,
				55.5,
				103
			],
			[
				248.5,
				63,
				120
			],
			[
				241,
				68,
				137
			],
			[
				236.5,
				71,
				156
			],
			[
				229.5,
				76,
				170
			],
			[
				222,
				81,
				186
			],
			[
				218.5,
				83,
				202
			],
			[
				211.5,
				86.5,
				221
			],
			[
				205.5,
				89,
				237
			],
			[
				202.5,
				90.5,
				252
			],
			[
				196.5,
				93,
				269
			],
			[
				191,
				96,
				288
			],
			[
				187.5,
				97.5,
				302
			],
			[
				181.5,
				101.5,
				319
			],
			[
				178.5,
				103,
				336
			],
			[
				171.5,
				106.5,
				353
			],
			[
				164,
				110,
				369
			],
			[
				156,
				113,
				388
			],
			[
				152,
				115.5,
				403
			],
			[
				145,
				119.5,
				422
			],
			[
				137.5,
				123.5,
				438
			],
			[
				134,
				126,
				454
			],
			[
				126,
				130,
				470
			],
			[
				119,
				133.5,
				487
			],
			[
				115.5,
				136,
				502
			],
			[
				109.5,
				140.5,
				521
			],
			[
				103.5,
				145.5,
				537
			],
			[
				100,
				148,
				554
			],
			[
				93.5,
				153,
				569
			],
			[
				86.5,
				159,
				586
			],
			[
				80,
				165,
				610
			],
			[
				76.5,
				168,
				623
			],
			[
				70,
				173.5,
				642
			],
			[
				66,
				176.5,
				653
			],
			[
				58.5,
				182.5,
				672
			],
			[
				51,
				188.5,
				688
			],
			[
				43.5,
				194,
				706
			]
		]
	},
	"second": {
		"dev_index": "2",
		"dev_info": "etc",
		"width": 483,
		"height": 644.6264591439689,
		"timestamp": 1564443777896,
		"lines": [
			[
				299.5,
				238,
				0
			],
			[
				295.5,
				239,
				6
			],
			[
				284,
				245,
				22
			],
			[
				272,
				252.5,
				39
			],
			[
				266.5,
				256.5,
				55
			],
			[
				260.5,
				261,
				71
			],
			[
				249,
				269.5,
				90
			],
			[
				239,
				276.5,
				104
			],
			[
				229,
				283,
				124
			],
			[
				220.5,
				289.5,
				141
			],
			[
				216.5,
				292,
				156
			],
			[
				207.5,
				298,
				171
			],
			[
				203,
				300.5,
				189
			],
			[
				194.5,
				306,
				204
			],
			[
				186,
				311.5,
				225
			],
			[
				178,
				316.5,
				241
			],
			[
				174,
				319,
				257
			],
			[
				166,
				324.5,
				272
			],
			[
				161.5,
				327,
				289
			],
			[
				153.5,
				333.5,
				306
			],
			[
				144.5,
				339.5,
				322
			],
			[
				136,
				346,
				342
			],
			[
				132,
				349.5,
				357
			],
			[
				123.5,
				357,
				373
			],
			[
				119,
				360,
				390
			],
			[
				111,
				365,
				406
			],
			[
				103.5,
				369,
				424
			],
			[
				97,
				372,
				441
			],
			[
				93.5,
				373.5,
				457
			],
			[
				87.5,
				375.5,
				472
			],
			[
				84.5,
				376.5,
				490
			],
			[
				78,
				378,
				508
			],
			[
				72.5,
				380.5,
				524
			],
			[
				70,
				381.5,
				541
			]
		]
	}
}