{
	"env": 4,
	"subject": "4",
	"line_num": 1,
	"first": {
		"dev_index": "2",
		"dev_info": "etc",
		"width": 483,
		"height": 644.6264591439689,
		"timestamp": 1564443778750,
		"lines": [
			[
				287,
				400.5,
				0
			],
			[
				284,
				399.5,
				23
			],
			[
				279.5,
				399.5,
				36
			],
			[
				274.5,
				399,
				52
			],
			[
				264.5,
				398,
				68
			],
			[
				252,
				396,
				85
			],
			[
				246,
				395,
				102
			],
			[
				232.5,
				392,
				118
			],
			[
				219.5,
				387.5,
				137
			],
			[
				212.5,
				385,
				154
			],
			[
				200,
				380.5,
				170
			],
			[
				188,
				375,
				186
			],
			[
				182.5,
				372.5,
				202
			],
			[
				171.5,
				367,
				220
			],
			[
				166.5,
				364.5,
				236
			],
			[
				156.5,
				358.5,
				253
			],
			[
				148,
				353,
				269
			],
			[
				140,
				347.5,
				287
			],
			[
				136,
				344.5,
				301
			],
			[
				128.5,
				339.5,
				318
			],
			[
				125,
				337.5,
				335
			],
			[
				117,
				333.5,
				353
			],
			[
				109,
				329.5,
				369
			],
			[
				102,
				326.5,
				385
			],
			[
				98,
				325,
				402
			],
			[
				91,
				322,
				420
			],
			[
				84.5,
				318.5,
				436
			],
			[
				81,
				317,
				451
			],
			[
				75,
				315,
				471
			],
			[
				70,
				313,
				487
			],
			[
				64.5,
				310.5,
				504
			],
			[
				62,
				309.5,
				519
			],
			[
				58,
				307.5,
				536
			],
			[
				56,
				306.5,
				551
			],
			[
				54,
				305.5,
				568
			]
		]
	},
	"second": {
		"dev_index": "3",
		"dev_info": "etc",
		"width": 211,
		"height": 264.9767441860465,
		"timestamp": 1564443779645,
		"lines": [
			[
				170,
				366.5,
				0
			],
			[
				167,
				365,
				1
			],
			[
				163,
				363,
				10
			],
			[
				158.5,
				361,
				19
			],
			[
				154,
				358.5,
				27
			],
			[
				150,
				356,
				40
			],
			[
				145,
				354.5,
				47
			],
			[
				140,
				352,
				68
			],
			[
				135.5,
				350,
				69
			],
			[
				131,
				348,
				80
			],
			[
				126.5,
				346,
				88
			],
			[
				122.5,
				344,
				100
			],
			[
				118.5,
				341.5,
				108
			],
			[
				114.5,
				339,
				120
			],
			[
				110.5,
				337,
				127
			],
			[
				107,
				335,
				140
			],
			[
				104,
				333.5,
				149
			],
			[
				101,
				331.5,
				160
			],
			[
				98.5,
				330,
				168
			],
			[
				95.5,
				328.5,
				180
			],
			[
				93,
				327.5,
				188
			],
			[
				90.5,
				326,
				199
			],
			[
				87.5,
				324.5,
				208
			],
			[
				85,
				323,
				219
			],
			[
				82.5,
				321,
				227
			],
			[
				80,
				319,
				239
			],
			[
				77,
				317,
				247
			],
			[
				74.5,
				315,
				259
			],
			[
				71.5,
				313,
				267
			],
			[
				68.5,
				311,
				279
			],
			[
				66,
				309.5,
				286
			],
			[
				63.5,
				307.5,
				299
			],
			[
				61,
				306,
				307
			],
			[
				59.5,
				305,
				319
			],
			[
				58.5,
				304,
				327
			],
			[
				57.5,
				303.5,
				339
			],
			[
				57.5,
				303,
				347
			],
			[
				58,
				303,
				360
			]
		]
	}
}