{
	"env": 2,
	"subject": "2",
	"line_num": 0,
	"first": {
		"dev_index": "1",
		"dev_info": "etc",
		"width": 483,
		"height": 623.2865497076024,
		"timestamp": 1564443872756,
		"lines": [
			[
				336.5,
				39.5,
				0
			],
			[
				336,
				40,
				5
			],
			[
				333.5,
				41,
				79
			],
			[
				333,
				42,
				96
			],
			[
				323,
				45,
				113
			],
			[
				313,
				50,
				129
			],
			[
				307.5,
				52,
				145
			],
			[
				296.5,
				58,
				160
			],
			[
				291,
				61,
				177
			],
			[
				280.5,
				66,
				194
			],
			[
				270,
				71,
				211
			],
			[
				260,
				76,
				229
			],
			[
				254.5,
				78.5,
				244
			],
			[
				244,
				83,
				263
			],
			[
				234,
				87.5,
				279
			],
			[
				229.5,
				90,
				293
			],
			[
				220.5,
				93.5,
				311
			],
			[
				211.5,
				99.5,
				327
			],
			[
				207.5,
				102,
				344
			],
			[
				199,
				107,
				360
			],
			[
				191,
				111.5,
				380
			],
			[
				186.5,
				114.5,
				393
			],
			[
				178,
				119.5,
				411
			],
			[
				169,
				124.5,
				427
			],
			[
				160,
				129.5,
				446
			],
			[
				155,
				132.5,
				463
			],
			[
				146,
				137.5,
				482
			],
			[
				141.5,
				140.5,
				495
			],
			[
				133,
				146,
				512
			],
			[
				125.5,
				151,
				528
			],
			[
				121,
				153.5,
				544
			],
			[
				113,
				157.5,
				563
			],
			[
				105,
				162.5,
				579
			],
			[
				100.5,
				165,
				597
			]
		]
	},
	"second": {
		"dev_index": "2",
		"dev_info": "etc",
		"width": 483,
		"height": 644.6264591439689,
		"timestamp": 1564443873640,
		"lines": [
			[
				293,
				220.5,
				0
			],
			[
				288.5,
				223,
				3
			],
			[
				283,
				226,
				14
			],
			[
				262,
				240,
				44
			],
			[
				248.5,
				250,
				65
			],
			[
				242.5,
				253.5,
				76
			],
			[
				236,
				257.5,
				94
			],
			[
				225,
				264.5,
				110
			],
			[
				214.5,
				271.5,
				129
			],
			[
				203.5,
				278,
				146
			],
			[
				198,
				281,
				160
			],
			[
				187,
				288,
				178
			],
			[
				176,
				295.5,
				195
			],
			[
				171.5,
				298.5,
				212
			],
			[
				160.5,
				305.5,
				226
			],
			[
				150.5,
				313,
				243
			],
			[
				140,
				320.5,
				263
			],
			[
				135.5,
				324.5,
				278
			],
			[
				127,
				332,
				295
			],
			[
				123.5,
				335,
				311
			],
			[
				116.5,
				340.5,
				326
			],
			[
				111,
				344.5,
				346
			],
			[
				109,
				346,
				360
			],
			[
				103.5,
				349,
				379
			],
			[
				99,
				351.5,
				394
			],
			[
				96.5,
				353,
				410
			],
			[
				91.5,
				356.5,
				427
			],
			[
				87.5,
				360.5,
				447
			],
			[
				86,
				363.5,
				467
			]
		]
	}
}