{
	"env": 2,
	"subject": "2",
	"line_num": 1,
	"first": {
		"dev_index": "2",
		"dev_info": "etc",
		"width": 483,
		"height": 644.6264591439689,
		"timestamp": 1564443874374,
		"lines": [
			[
				289.5,
				360,
				0
			],
			[
				287,
				359,
				46
			],
			[
				285,
				358.5,
				60
			],
			[
				281.5,
				358,
				76
			],
			[
				272.5,
				356.5,
				97
			],
			[
				260.5,
				354,
				112
			],
			[
				247,
				351,
				128
			],
			[
				240.5,
				349,
				144
			],
			[
				227.5,
				345.5,
				162
			],
			[
				221.5,
				343.5,
				176
			],
			[
				210.5,
				340.5,
				196
			],
			[
				200,
				337,
				212
			],
			[
				190.5,
				333,
				228
			],
			[
				185.5,
				331.5,
				244
			],
			[
				175.5,
				327,
				260
			],
			[
				166.5,
				323,
				279
			],
			[
				162.5,
				321,
				297
			],
			[
				154.5,
				317.5,
				313
			],
			[
				147.5,
				314.5,
				329
			],
			[
				143.5,
				313,
				345
			],
			[
				136.5,
				309.5,
				360
			],
			[
				129.5,
				306,
				378
			],
			[
				125.5,
				304.5,
				393
			],
			[
				117.5,
				301,
				412
			],
			[
				109.5,
				298,
				429
			],
			[
				105.5,
				296.5,
				444
			],
			[
				96.5,
				295,
				460
			],
			[
				89,
				292.5,
				479
			],
			[
				85,
				291.5,
				495
			],
			[
				77.5,
				289.5,
				511
			],
			[
				71.5,
				288.5,
				527
			],
			[
				69,
				288,
				544
			],
			[
				65.5,
				286,
				562
			]
		]
	},
	"second": {
		"dev_index": "3",
		"dev_info": "etc",
		"width": 211,
		"height": 264.9767441860465,
		"timestamp": 1564443875288,
		"lines": [
			[
				161.5,
				377.5,
				0
			],
			[
				158.5,
				377,
				6
			],
			[
				154,
				376.5,
				22
			],
			[
				150,
				376,
				29
			],
			[
				145,
				375.5,
				34
			],
			[
				140,
				374.5,
				42
			],
			[
				135.5,
				373.5,
				50
			],
			[
				130.5,
				372.5,
				64
			],
			[
				126.5,
				371.5,
				70
			],
			[
				121.5,
				370,
				82
			],
			[
				117,
				368.5,
				90
			],
			[
				112,
				366.5,
				103
			],
			[
				107.5,
				364.5,
				112
			],
			[
				103.5,
				362.5,
				123
			],
			[
				99,
				361,
				131
			],
			[
				95,
				359.5,
				143
			],
			[
				90.5,
				358,
				151
			],
			[
				86.5,
				356,
				165
			],
			[
				82.5,
				354.5,
				171
			],
			[
				79,
				353,
				184
			],
			[
				75,
				351.5,
				190
			],
			[
				71,
				350,
				203
			],
			[
				67.5,
				348.5,
				211
			],
			[
				64,
				347.5,
				223
			],
			[
				61,
				346,
				231
			],
			[
				58.5,
				345.5,
				243
			],
			[
				55.5,
				344,
				251
			],
			[
				53,
				343,
				264
			],
			[
				51,
				342.5,
				271
			],
			[
				49,
				341.5,
				284
			],
			[
				47,
				341.5,
				291
			],
			[
				46,
				341,
				303
			],
			[
				46,
				341.5,
				322
			]
		]
	}
}