{
	"env": 2,
	"subject": "2",
	"line_num": 0,
	"first": {
		"dev_index": "1",
		"dev_info": "etc",
		"width": 483,
		"height": 623.2865497076024,
		"timestamp": 1564443878936,
		"lines": [
			[
				394,
				103,
				0
			],
			[
				391,
				102,
				36
			],
			[
				386.5,
				103,
				53
			],
			[
				376,
				106.5,
				69
			],
			[
				365,
				110.5,
				94
			],
			[
				344.5,
				118,
				117
			],
			[
				338,
				120.5,
				134
			],
			[
				326,
				125,
				151
			],
			[
				313.5,
				129,
				169
			],
			[
				302,
				132.5,
				186
			],
			[
				296.5,
				133.5,
				201
			],
			[
				287,
				135.5,
				219
			],
			[
				283,
				137,
				235
			],
			[
				274,
				139.5,
				250
			],
			[
				265,
				142.5,
				271
			],
			[
				255,
				146,
				286
			],
			[
				249.5,
				148,
				302
			],
			[
				239,
				152.5,
				319
			],
			[
				233.5,
				155,
				335
			],
			[
				224,
				159.5,
				353
			],
			[
				215,
				163.5,
				369
			],
			[
				207,
				167,
				386
			],
			[
				203,
				168,
				402
			],
			[
				195.5,
				170.5,
				417
			],
			[
				188,
				173.5,
				438
			],
			[
				184.5,
				174,
				454
			],
			[
				177.5,
				176,
				468
			],
			[
				170.5,
				177.5,
				486
			],
			[
				166.5,
				178.5,
				503
			],
			[
				158,
				182,
				517
			],
			[
				149.5,
				185,
				536
			],
			[
				144.5,
				187.5,
				553
			],
			[
				135,
				191,
				569
			],
			[
				125,
				194.5,
				586
			],
			[
				119.5,
				196.5,
				605
			]
		]
	},
	"second": {
		"dev_index": "2",
		"dev_info": "etc",
		"width": 483,
		"height": 644.6264591439689,
		"timestamp": 1564443879891,
		"lines": [
			[
				332,
				207.5,
				0
			],
			[
				329,
				207.5,
				19
			],
			[
				323.5,
				209,
				30
			],
			[
				311,
				213,
				49
			],
			[
				307,
				214,
				65
			],
			[
				304.5,
				215,
				80
			],
			[
				295,
				219,
				98
			],
			[
				284,
				224.5,
				114
			],
			[
				278,
				227,
				131
			],
			[
				270.5,
				230,
				154
			],
			[
				265,
				232,
				166
			],
			[
				258.5,
				234.5,
				182
			],
			[
				256.5,
				234.5,
				197
			],
			[
				248,
				237,
				216
			],
			[
				236,
				241.5,
				247
			],
			[
				227,
				245,
				265
			],
			[
				201,
				254,
				316
			],
			[
				190.5,
				258,
				331
			],
			[
				185,
				260.5,
				348
			],
			[
				174,
				266.5,
				366
			],
			[
				163,
				272,
				382
			],
			[
				157.5,
				274.5,
				399
			],
			[
				148.5,
				279,
				415
			],
			[
				139,
				282.5,
				430
			],
			[
				130.5,
				286,
				448
			],
			[
				126.5,
				288,
				465
			],
			[
				118,
				291.5,
				480
			],
			[
				113.5,
				293.5,
				498
			],
			[
				105.5,
				297,
				513
			],
			[
				96.5,
				300,
				532
			],
			[
				87.5,
				303,
				550
			],
			[
				83.5,
				304.5,
				566
			],
			[
				75,
				308,
				581
			],
			[
				67.5,
				311.5,
				600
			],
			[
				63.5,
				313,
				614
			],
			[
				55.5,
				316,
				630
			],
			[
				51,
				317.5,
				647
			],
			[
				43.5,
				320,
				666
			],
			[
				36.5,
				322.5,
				681
			],
			[
				33.5,
				323,
				697
			],
			[
				29.5,
				324,
				713
			],
			[
				27,
				324,
				734
			],
			[
				26.5,
				325,
				750
			]
		]
	}
}