{
	"env": 2,
	"subject": "2",
	"line_num": 1,
	"first": {
		"dev_index": "2",
		"dev_info": "etc",
		"width": 483,
		"height": 644.6264591439689,
		"timestamp": 1564443881242,
		"lines": [
			[
				385.5,
				337.5,
				0
			],
			[
				381.5,
				337,
				15
			],
			[
				376.5,
				336.5,
				30
			],
			[
				363.5,
				334,
				48
			],
			[
				357.5,
				333,
				65
			],
			[
				345.5,
				329.5,
				81
			],
			[
				334,
				325.5,
				97
			],
			[
				328,
				323.5,
				113
			],
			[
				316,
				320,
				132
			],
			[
				305,
				316.5,
				150
			],
			[
				299,
				315,
				165
			],
			[
				288,
				312.5,
				181
			],
			[
				278.5,
				309.5,
				198
			],
			[
				273.5,
				307.5,
				213
			],
			[
				263.5,
				304,
				229
			],
			[
				253.5,
				300.5,
				249
			],
			[
				248.5,
				298.5,
				266
			],
			[
				239.5,
				295.5,
				280
			],
			[
				229.5,
				293,
				296
			],
			[
				225,
				291,
				314
			],
			[
				216.5,
				288,
				330
			],
			[
				207.5,
				285,
				349
			],
			[
				203,
				283,
				366
			],
			[
				194.5,
				280,
				381
			],
			[
				186.5,
				277,
				398
			],
			[
				182,
				276,
				413
			],
			[
				174.5,
				273,
				433
			],
			[
				166,
				270.5,
				449
			],
			[
				162,
				269.5,
				465
			],
			[
				154,
				267.5,
				481
			],
			[
				146.5,
				265,
				499
			],
			[
				139.5,
				262,
				516
			],
			[
				136,
				260.5,
				532
			],
			[
				129.5,
				258,
				548
			],
			[
				126.5,
				257,
				565
			],
			[
				119.5,
				255,
				581
			],
			[
				112.5,
				253,
				597
			],
			[
				109.5,
				252,
				613
			],
			[
				103.5,
				250.5,
				632
			],
			[
				98,
				249,
				653
			]
		]
	},
	"second": {
		"dev_index": "3",
		"dev_info": "etc",
		"width": 211,
		"height": 264.9767441860465,
		"timestamp": 1564443882348,
		"lines": [
			[
				182.5,
				332.5,
				0
			],
			[
				180,
				331.5,
				1
			],
			[
				177.5,
				331,
				7
			],
			[
				174.5,
				330.5,
				19
			],
			[
				171.5,
				329.5,
				37
			],
			[
				168.5,
				328.5,
				39
			],
			[
				165.5,
				327.5,
				47
			],
			[
				162.5,
				327,
				60
			],
			[
				159.5,
				326,
				67
			],
			[
				156.5,
				325,
				81
			],
			[
				153.5,
				323.5,
				88
			],
			[
				150.5,
				322.5,
				100
			],
			[
				148,
				321,
				109
			],
			[
				145.5,
				320,
				120
			],
			[
				143,
				319,
				128
			],
			[
				140.5,
				318,
				140
			],
			[
				138,
				317,
				148
			],
			[
				136,
				316,
				161
			],
			[
				133.5,
				315,
				168
			],
			[
				131.5,
				314,
				180
			],
			[
				129,
				313,
				188
			],
			[
				127,
				311.5,
				200
			],
			[
				124.5,
				311,
				209
			],
			[
				122.5,
				309.5,
				220
			],
			[
				119.5,
				308.5,
				229
			],
			[
				117,
				307,
				241
			],
			[
				113.5,
				306,
				248
			],
			[
				110.5,
				305,
				260
			],
			[
				107,
				303.5,
				268
			],
			[
				104,
				301.5,
				281
			],
			[
				101,
				300,
				289
			],
			[
				98,
				298.5,
				301
			],
			[
				94.5,
				297,
				309
			],
			[
				91,
				295,
				320
			],
			[
				88,
				293.5,
				328
			],
			[
				85,
				292,
				339
			],
			[
				82,
				290.5,
				347
			],
			[
				79,
				289,
				361
			],
			[
				76,
				287.5,
				367
			],
			[
				72.5,
				286,
				382
			],
			[
				69.5,
				284.5,
				387
			],
			[
				66.5,
				283,
				399
			],
			[
				63,
				281,
				407
			],
			[
				60.5,
				279,
				419
			],
			[
				57,
				277.5,
				427
			],
			[
				54,
				276,
				439
			],
			[
				51.5,
				274.5,
				447
			],
			[
				48.5,
				273,
				459
			],
			[
				46,
				272,
				467
			],
			[
				43.5,
				271,
				480
			],
			[
				41.5,
				270,
				487
			],
			[
				40,
				269.5,
				499
			],
			[
				39,
				269,
				507
			],
			[
				39,
				269.5,
				519
			],
			[
				40,
				270.5,
				539
			]
		]
	}
}