{
	"env": 1001,
	"subject": "1001",
	"line_num": 0,
	"first": {
		"dev_index": "1",
		"dev_info": "etc",
		"width": 483,
		"height": 368.1345029239766,
		"timestamp": 1565827273919,
		"lines": [
			[
				135.5,
				44,
				0
			],
			[
				134,
				44,
				15
			],
			[
				136,
				44.5,
				31
			],
			[
				137.5,
				45,
				47
			],
			[
				142.5,
				46.5,
				65
			],
			[
				149,
				48,
				82
			],
			[
				157,
				50,
				98
			],
			[
				164.5,
				52,
				116
			],
			[
				168.5,
				52.5,
				132
			],
			[
				176,
				54,
				149
			],
			[
				179.5,
				55,
				166
			],
			[
				187,
				56,
				183
			],
			[
				194,
				57.5,
				200
			],
			[
				197.5,
				58,
				216
			],
			[
				204,
				59,
				233
			],
			[
				207.5,
				59.5,
				249
			],
			[
				213,
				61,
				266
			],
			[
				219.5,
				62,
				282
			],
			[
				226,
				63.5,
				299
			],
			[
				229,
				64.5,
				316
			],
			[
				235,
				66,
				332
			],
			[
				238.5,
				66.5,
				349
			],
			[
				244.5,
				67.5,
				365
			],
			[
				250.5,
				69,
				382
			],
			[
				256,
				70,
				399
			],
			[
				259,
				71,
				416
			],
			[
				265,
				72,
				433
			],
			[
				271.5,
				73,
				449
			],
			[
				274,
				73,
				465
			],
			[
				280,
				73.5,
				482
			],
			[
				286,
				75,
				500
			],
			[
				288.5,
				75.5,
				516
			],
			[
				295,
				76,
				533
			],
			[
				298,
				76.5,
				550
			],
			[
				304,
				76.5,
				565
			],
			[
				309,
				77,
				584
			],
			[
				313,
				77,
				599
			],
			[
				314.5,
				77,
				616
			],
			[
				317.5,
				77.5,
				633
			],
			[
				321,
				77.5,
				649
			],
			[
				323,
				77,
				665
			],
			[
				326,
				77,
				681
			]
		]
	},
	"second": {
		"dev_index": "2",
		"dev_info": "etc",
		"width": 483,
		"height": 553.6140350877193,
		"timestamp": 1565827275193,
		"lines": [
			[
				157,
				120,
				0
			],
			[
				161,
				122,
				28
			],
			[
				166.5,
				125,
				42
			],
			[
				170.5,
				127.5,
				59
			],
			[
				178.5,
				131.5,
				77
			],
			[
				186,
				135,
				93
			],
			[
				190,
				137,
				110
			],
			[
				198,
				140,
				127
			],
			[
				205.5,
				142.5,
				143
			],
			[
				209.5,
				144,
				160
			],
			[
				217.5,
				146.5,
				177
			],
			[
				221,
				148,
				193
			],
			[
				228,
				150.5,
				210
			],
			[
				234,
				153,
				227
			],
			[
				241,
				156,
				243
			],
			[
				244,
				157,
				261
			],
			[
				250,
				159.5,
				277
			],
			[
				253.5,
				161,
				293
			],
			[
				260.5,
				163.5,
				309
			],
			[
				266.5,
				166,
				326
			],
			[
				272,
				168.5,
				342
			],
			[
				275,
				170,
				360
			],
			[
				281,
				173,
				377
			],
			[
				284,
				174,
				393
			],
			[
				289.5,
				176.5,
				410
			],
			[
				296,
				178.5,
				426
			],
			[
				303,
				181.5,
				444
			],
			[
				306.5,
				183,
				461
			],
			[
				312.5,
				186.5,
				477
			],
			[
				315.5,
				188,
				493
			],
			[
				322,
				191.5,
				510
			],
			[
				328.5,
				195,
				526
			],
			[
				334.5,
				198,
				542
			],
			[
				338.5,
				200,
				559
			],
			[
				345.5,
				203.5,
				577
			],
			[
				351.5,
				206.5,
				594
			],
			[
				353.5,
				207.5,
				610
			],
			[
				357,
				209.5,
				627
			],
			[
				358,
				210.5,
				643
			],
			[
				358.5,
				211,
				659
			],
			[
				358.5,
				212,
				676
			]
		]
	}
}