{
	"env": 1001,
	"subject": "1001",
	"line_num": 1,
	"first": {
		"dev_index": "2",
		"dev_info": "etc",
		"width": 483,
		"height": 553.6140350877193,
		"timestamp": 1565827276371,
		"lines": [
			[
				369,
				89.5,
				0
			],
			[
				367,
				90,
				15
			],
			[
				364,
				92,
				32
			],
			[
				356,
				96.5,
				49
			],
			[
				347.5,
				102.5,
				66
			],
			[
				343.5,
				105.5,
				83
			],
			[
				335,
				111.5,
				100
			],
			[
				327.5,
				118,
				116
			],
			[
				324,
				121.5,
				131
			],
			[
				317.5,
				127,
				148
			],
			[
				310.5,
				133,
				165
			],
			[
				307.5,
				135.5,
				182
			],
			[
				301,
				141,
				200
			],
			[
				295,
				146.5,
				217
			],
			[
				292,
				149.5,
				232
			],
			[
				286,
				154,
				249
			],
			[
				280.5,
				158,
				266
			],
			[
				278,
				160.5,
				282
			],
			[
				272,
				164.5,
				300
			],
			[
				266,
				169.5,
				317
			],
			[
				263.5,
				172,
				331
			],
			[
				259,
				176,
				349
			],
			[
				254.5,
				180.5,
				365
			],
			[
				252,
				182.5,
				382
			],
			[
				247,
				187,
				399
			],
			[
				243,
				191.5,
				416
			],
			[
				241,
				193.5,
				432
			],
			[
				237,
				197,
				449
			],
			[
				233.5,
				200.5,
				467
			],
			[
				229,
				204,
				483
			],
			[
				226.5,
				206,
				499
			],
			[
				221.5,
				210.5,
				515
			],
			[
				219,
				213,
				533
			],
			[
				212.5,
				218,
				550
			],
			[
				206,
				222.5,
				566
			],
			[
				202.5,
				224.5,
				583
			],
			[
				200,
				227,
				595
			]
		]
	},
	"second": {
		"dev_index": "3",
		"dev_info": "etc",
		"width": 412,
		"height": 761,
		"timestamp": 1565827277182,
		"lines": [
			[
				352.5714416503906,
				191.42859649658203,
				0
			],
			[
				351.4285888671875,
				191.42859649658203,
				22
			],
			[
				346.5714416503906,
				194.0000228881836,
				56
			],
			[
				344.8571472167969,
				195.42859649658203,
				73
			],
			[
				338.2857666015625,
				202.85713958740234,
				89
			],
			[
				332,
				210.5714340209961,
				105
			],
			[
				325.4285888671875,
				218.85713958740234,
				122
			],
			[
				319.71429443359375,
				226.00005340576172,
				139
			],
			[
				314.5714416503906,
				232.5714340209961,
				154
			],
			[
				309.1429138183594,
				239.14287567138672,
				173
			],
			[
				304,
				245.42858123779297,
				188
			],
			[
				290.57147216796875,
				259.42858123779297,
				239
			],
			[
				280.8571472167969,
				270.28572845458984,
				274
			],
			[
				270.8571472167969,
				280.28572845458984,
				307
			],
			[
				261.71429443359375,
				289.14290618896484,
				342
			],
			[
				252.5714569091797,
				298.8572006225586,
				373
			],
			[
				243.14288330078125,
				308.28572845458984,
				407
			],
			[
				234.00003051757812,
				318.28572845458984,
				440
			],
			[
				225.42860412597656,
				327.7142868041992,
				473
			],
			[
				214.85714721679688,
				336.28572845458984,
				506
			],
			[
				205.14288330078125,
				344.0000534057617,
				541
			],
			[
				195.14288330078125,
				354.5714340209961,
				574
			],
			[
				184.85714721679688,
				365.14290618896484,
				607
			],
			[
				176.2857208251953,
				373.7142868041992,
				641
			],
			[
				170.85714721679688,
				379.42858123779297,
				676
			],
			[
				168.85714721679688,
				381.7142868041992,
				697
			]
		]
	}
}