{
	"env": 1234,
	"subject": "1234",
	"line_num": 0,
	"first": {
		"dev_index": "2",
		"dev_info": "etc",
		"width": 863,
		"height": 700.8255033557047,
		"timestamp": 1564437868414,
		"lines": [
			[
				445,
				63.5,
				0
			],
			[
				441,
				63.5,
				57
			],
			[
				432,
				65.5,
				64
			],
			[
				415,
				69.5,
				81
			],
			[
				372,
				79.5,
				98
			],
			[
				351,
				83.5,
				114
			],
			[
				318,
				87.5,
				137
			],
			[
				285,
				91.5,
				169
			],
			[
				278,
				92.5,
				185
			],
			[
				246,
				97.5,
				219
			],
			[
				236,
				99.5,
				236
			],
			[
				222,
				104.5,
				246
			],
			[
				213,
				106.5,
				262
			],
			[
				199,
				111.5,
				280
			],
			[
				194,
				112.5,
				296
			],
			[
				187,
				115.5,
				316
			],
			[
				185,
				115.5,
				331
			],
			[
				183,
				116.5,
				347
			],
			[
				181,
				117.5,
				364
			],
			[
				174,
				119.5,
				380
			],
			[
				159,
				124.5,
				396
			],
			[
				152,
				126.5,
				413
			],
			[
				149,
				127.5,
				431
			],
			[
				148,
				127.5,
				447
			],
			[
				146,
				128.5,
				465
			],
			[
				145,
				128.5,
				481
			],
			[
				140,
				130.5,
				498
			],
			[
				139,
				130.5,
				509
			]
		]
	},
	"second": {
		"dev_index": "1",
		"dev_info": "etc",
		"width": 133,
		"height": 108.12765957446808,
		"timestamp": 1564437869666,
		"lines": [
			[
				114,
				196,
				0
			],
			[
				114,
				196,
				17
			],
			[
				113,
				196,
				38
			],
			[
				110,
				198,
				39
			],
			[
				107,
				200,
				44
			],
			[
				99,
				204,
				52
			],
			[
				92,
				207,
				59
			],
			[
				89,
				209,
				66
			],
			[
				80,
				212,
				72
			],
			[
				74,
				216,
				87
			],
			[
				67,
				219,
				89
			],
			[
				66,
				220,
				98
			],
			[
				63,
				222,
				103
			],
			[
				59,
				223,
				111
			],
			[
				58,
				224,
				117
			],
			[
				56,
				225,
				124
			],
			[
				54,
				226,
				132
			],
			[
				53,
				227,
				139
			],
			[
				51,
				227,
				147
			],
			[
				49,
				229,
				154
			],
			[
				47,
				230,
				162
			],
			[
				46,
				230,
				171
			],
			[
				45,
				230,
				178
			],
			[
				44,
				231,
				186
			],
			[
				44,
				231,
				193
			],
			[
				43,
				231,
				216
			],
			[
				43,
				231,
				321
			],
			[
				42,
				231,
				336
			],
			[
				41,
				231,
				343
			],
			[
				40,
				232,
				352
			],
			[
				39,
				232,
				359
			],
			[
				37,
				233,
				366
			],
			[
				37,
				233,
				375
			],
			[
				36,
				233,
				388
			]
		]
	}
}