{
	"env": 1001,
	"subject": "1001",
	"line_num": 0,
	"first": {
		"dev_index": "1",
		"dev_info": "etc",
		"width": 483,
		"height": 368.1345029239766,
		"timestamp": 1565827688888,
		"lines": [
			[
				106.5,
				99,
				0
			],
			[
				107.5,
				98.5,
				0
			],
			[
				110,
				97.5,
				25
			],
			[
				111.5,
				97,
				34
			],
			[
				113,
				97,
				49
			],
			[
				118,
				96.5,
				66
			],
			[
				125,
				96.5,
				81
			],
			[
				134,
				96.5,
				98
			],
			[
				138.5,
				96,
				115
			],
			[
				148.5,
				95.5,
				132
			],
			[
				153,
				94.5,
				148
			],
			[
				160.5,
				93,
				166
			],
			[
				167.5,
				92,
				182
			],
			[
				174.5,
				91,
				198
			],
			[
				178,
				90.5,
				216
			],
			[
				185,
				90,
				233
			],
			[
				188,
				90,
				249
			],
			[
				194,
				90,
				265
			],
			[
				199.5,
				90.5,
				283
			],
			[
				206,
				90.5,
				299
			],
			[
				209.5,
				90.5,
				315
			],
			[
				216,
				90,
				333
			],
			[
				219,
				90,
				349
			],
			[
				226,
				89.5,
				366
			],
			[
				233,
				88.5,
				382
			],
			[
				240.5,
				88,
				399
			],
			[
				244.5,
				87.5,
				415
			],
			[
				251.5,
				86.5,
				432
			],
			[
				255,
				86.5,
				448
			],
			[
				262,
				86,
				467
			],
			[
				270,
				86,
				483
			],
			[
				274,
				85,
				499
			],
			[
				278.5,
				83.5,
				513
			]
		]
	},
	"second": {
		"dev_index": "2",
		"dev_info": "etc",
		"width": 483,
		"height": 553.6140350877193,
		"timestamp": 1565827689832,
		"lines": [
			[
				150.5,
				63.5,
				0
			],
			[
				152.5,
				63,
				14
			],
			[
				158,
				62.5,
				39
			],
			[
				167,
				61.5,
				56
			],
			[
				178.5,
				61,
				73
			],
			[
				184.5,
				60.5,
				91
			],
			[
				196,
				59,
				105
			],
			[
				202,
				58,
				123
			],
			[
				214,
				55,
				141
			],
			[
				225,
				52,
				156
			],
			[
				230,
				50.5,
				173
			],
			[
				239.5,
				49,
				190
			],
			[
				243.5,
				48,
				206
			],
			[
				252,
				47.5,
				223
			],
			[
				260,
				47.5,
				239
			],
			[
				268,
				47.5,
				257
			],
			[
				272,
				47.5,
				273
			],
			[
				280.5,
				47.5,
				289
			],
			[
				288.5,
				47,
				306
			],
			[
				292,
				47,
				323
			],
			[
				298.5,
				46.5,
				340
			],
			[
				305,
				46,
				356
			],
			[
				308.5,
				45.5,
				373
			],
			[
				315.5,
				44.5,
				389
			],
			[
				319,
				44.5,
				406
			],
			[
				325,
				43.5,
				423
			],
			[
				330,
				43,
				441
			],
			[
				334,
				42.5,
				457
			],
			[
				336,
				42.5,
				473
			],
			[
				338,
				42,
				490
			],
			[
				339.5,
				42.5,
				506
			],
			[
				340,
				42.5,
				523
			],
			[
				341,
				42.5,
				536
			]
		]
	}
}