{
	"env": 1001,
	"subject": "1001",
	"line_num": 1,
	"first": {
		"dev_index": "2",
		"dev_info": "etc",
		"width": 483,
		"height": 553.6140350877193,
		"timestamp": 1565827690902,
		"lines": [
			[
				400,
				78.5,
				0
			],
			[
				397,
				79,
				23
			],
			[
				394,
				80.5,
				36
			],
			[
				389.5,
				82.5,
				54
			],
			[
				379.5,
				88,
				71
			],
			[
				368,
				95,
				87
			],
			[
				356,
				103,
				103
			],
			[
				351,
				107,
				120
			],
			[
				341,
				114,
				138
			],
			[
				337,
				117,
				154
			],
			[
				328.5,
				123,
				171
			],
			[
				320,
				129.5,
				188
			],
			[
				312,
				135.5,
				204
			],
			[
				308.5,
				138,
				220
			],
			[
				302,
				143,
				238
			],
			[
				299,
				145.5,
				254
			],
			[
				293,
				150.5,
				271
			],
			[
				286.5,
				155,
				287
			],
			[
				280.5,
				159.5,
				303
			],
			[
				277.5,
				162,
				320
			],
			[
				272.5,
				167,
				337
			],
			[
				269.5,
				169.5,
				354
			],
			[
				264,
				174,
				371
			],
			[
				258.5,
				179,
				388
			],
			[
				253,
				183.5,
				403
			],
			[
				250,
				186,
				420
			],
			[
				245,
				191,
				437
			],
			[
				242.5,
				193.5,
				454
			],
			[
				237.5,
				198,
				470
			],
			[
				232,
				202.5,
				488
			],
			[
				226,
				207,
				504
			],
			[
				223,
				209.5,
				521
			],
			[
				217,
				214,
				537
			],
			[
				214,
				216.5,
				554
			],
			[
				208,
				221.5,
				571
			]
		]
	},
	"second": {
		"dev_index": "3",
		"dev_info": "etc",
		"width": 412,
		"height": 761,
		"timestamp": 1565827691643,
		"lines": [
			[
				345.1429138183594,
				112.5714340209961,
				0
			],
			[
				345.1429138183594,
				112.5714340209961,
				11
			],
			[
				343.71429443359375,
				112.5714340209961,
				29
			],
			[
				339.1429138183594,
				112.5714340209961,
				46
			],
			[
				334,
				114.28571319580078,
				65
			],
			[
				327.71429443359375,
				118.28571319580078,
				81
			],
			[
				319.71429443359375,
				125.42859649658203,
				97
			],
			[
				311.1429138183594,
				134.28571319580078,
				114
			],
			[
				302.2857666015625,
				143.14286041259766,
				131
			],
			[
				293.71429443359375,
				150.85717010498047,
				148
			],
			[
				286.57147216796875,
				157.71428680419922,
				164
			],
			[
				280.2857360839844,
				163.71428680419922,
				181
			],
			[
				264.57147216796875,
				178.85717010498047,
				231
			],
			[
				253.71429443359375,
				190.0000228881836,
				266
			],
			[
				242.2857208251953,
				201.42859649658203,
				299
			],
			[
				230.85714721679688,
				215.4286117553711,
				333
			],
			[
				219.14288330078125,
				228.28572845458984,
				366
			],
			[
				206.2857208251953,
				242.5714340209961,
				399
			],
			[
				192.5714569091797,
				255.14290618896484,
				432
			],
			[
				178.85714721679688,
				268.28572845458984,
				466
			],
			[
				165.42857360839844,
				282.85713958740234,
				499
			],
			[
				152.2857208251953,
				296.8572006225586,
				532
			],
			[
				139.1428680419922,
				311.14290618896484,
				566
			],
			[
				126.57144165039062,
				324.28572845458984,
				599
			],
			[
				115.42857360839844,
				336.28572845458984,
				632
			],
			[
				105.71428680419922,
				345.7142868041992,
				666
			],
			[
				99.14286041259766,
				352.5714340209961,
				699
			],
			[
				95.14286041259766,
				356.28572845458984,
				733
			],
			[
				94.28572845458984,
				357.42858123779297,
				765
			],
			[
				94.00001525878906,
				357.7142868041992,
				781
			]
		]
	}
}