{
	"env": 1001,
	"subject": "1001",
	"line_num": 0,
	"first": {
		"dev_index": "1",
		"dev_info": "etc",
		"width": 483,
		"height": 368.1345029239766,
		"timestamp": 1565827903993,
		"lines": [
			[
				163,
				107.5,
				0
			],
			[
				160,
				106.5,
				1
			],
			[
				163,
				105.5,
				61
			],
			[
				166,
				105.5,
				76
			],
			[
				169.5,
				105,
				92
			],
			[
				177.5,
				105,
				108
			],
			[
				185.5,
				105.5,
				126
			],
			[
				193,
				105.5,
				143
			],
			[
				196.5,
				105,
				159
			],
			[
				203.5,
				105,
				175
			],
			[
				207,
				105,
				192
			],
			[
				214,
				104,
				209
			],
			[
				221.5,
				103.5,
				225
			],
			[
				224.5,
				103,
				242
			],
			[
				231,
				102,
				259
			],
			[
				236.5,
				101.5,
				276
			],
			[
				239.5,
				101,
				292
			],
			[
				245,
				100.5,
				308
			],
			[
				250,
				99.5,
				325
			],
			[
				254.5,
				99.5,
				342
			],
			[
				257,
				99.5,
				358
			],
			[
				261.5,
				100,
				375
			],
			[
				264,
				100,
				392
			],
			[
				268.5,
				100.5,
				408
			],
			[
				272.5,
				100.5,
				426
			],
			[
				275,
				100.5,
				442
			],
			[
				280,
				100.5,
				459
			],
			[
				286.5,
				101,
				476
			],
			[
				289,
				101,
				492
			],
			[
				294.5,
				101.5,
				509
			],
			[
				299.5,
				101,
				527
			],
			[
				301.5,
				101,
				542
			],
			[
				306,
				100.5,
				559
			],
			[
				311,
				100.5,
				576
			],
			[
				313.5,
				100.5,
				591
			],
			[
				319,
				100.5,
				609
			],
			[
				324.5,
				101,
				625
			],
			[
				330,
				101.5,
				642
			],
			[
				333.5,
				101.5,
				659
			],
			[
				339.5,
				102.5,
				675
			],
			[
				342.5,
				102,
				693
			],
			[
				349.5,
				102.5,
				709
			],
			[
				356,
				102.5,
				726
			],
			[
				361.5,
				102,
				743
			],
			[
				364.5,
				101,
				759
			],
			[
				371.5,
				99.5,
				776
			]
		]
	},
	"second": {
		"dev_index": "2",
		"dev_info": "etc",
		"width": 483,
		"height": 553.6140350877193,
		"timestamp": 1565827905284,
		"lines": [
			[
				155.5,
				95,
				0
			],
			[
				158.5,
				94.5,
				23
			],
			[
				161,
				94.5,
				35
			],
			[
				168.5,
				94.5,
				51
			],
			[
				172.5,
				94,
				68
			],
			[
				183,
				94,
				84
			],
			[
				194,
				93.5,
				102
			],
			[
				199,
				93,
				118
			],
			[
				208.5,
				93,
				134
			],
			[
				217.5,
				92,
				151
			],
			[
				221.5,
				92,
				169
			],
			[
				231,
				91.5,
				185
			],
			[
				236,
				91,
				202
			],
			[
				246,
				90,
				219
			],
			[
				256,
				88.5,
				235
			],
			[
				266,
				87.5,
				252
			],
			[
				270.5,
				87,
				268
			],
			[
				280,
				86,
				286
			],
			[
				284,
				85.5,
				302
			],
			[
				292,
				85,
				319
			],
			[
				301,
				84.5,
				335
			],
			[
				311,
				84.5,
				353
			],
			[
				315.5,
				84,
				369
			],
			[
				325,
				83.5,
				385
			],
			[
				329,
				83,
				402
			],
			[
				337,
				82.5,
				419
			],
			[
				346,
				82,
				435
			],
			[
				354,
				81.5,
				452
			],
			[
				357.5,
				81,
				469
			],
			[
				365,
				80,
				485
			],
			[
				368.5,
				79.5,
				501
			],
			[
				375.5,
				78,
				518
			],
			[
				382,
				76.5,
				536
			],
			[
				389,
				75,
				552
			],
			[
				392.5,
				74.5,
				569
			],
			[
				398.5,
				73,
				586
			],
			[
				402,
				72.5,
				602
			],
			[
				408,
				72.5,
				619
			],
			[
				413.5,
				71.5,
				635
			],
			[
				418,
				71.5,
				652
			],
			[
				421,
				71.5,
				670
			],
			[
				422.5,
				72,
				686
			],
			[
				425.5,
				72.5,
				702
			],
			[
				426,
				72.5,
				720
			],
			[
				427.5,
				73,
				736
			],
			[
				428.5,
				73.5,
				753
			],
			[
				429,
				74,
				769
			],
			[
				429.5,
				74,
				784
			]
		]
	}
}