{
	"env": 1001,
	"subject": "1001",
	"line_num": 1,
	"first": {
		"dev_index": "2",
		"dev_info": "etc",
		"width": 483,
		"height": 553.6140350877193,
		"timestamp": 1565827906451,
		"lines": [
			[
				394.5,
				49.5,
				0
			],
			[
				392,
				50,
				38
			],
			[
				388.5,
				51,
				53
			],
			[
				379,
				53,
				69
			],
			[
				368,
				56,
				85
			],
			[
				362.5,
				57.5,
				102
			],
			[
				350,
				60.5,
				118
			],
			[
				337,
				64,
				135
			],
			[
				330.5,
				66,
				153
			],
			[
				318,
				69.5,
				170
			],
			[
				306,
				73,
				186
			],
			[
				294.5,
				76.5,
				202
			],
			[
				288.5,
				78,
				219
			],
			[
				277.5,
				82,
				235
			],
			[
				272,
				84.5,
				253
			],
			[
				261,
				89,
				269
			],
			[
				250.5,
				92,
				287
			],
			[
				245,
				94,
				302
			],
			[
				235,
				97.5,
				320
			],
			[
				225.5,
				101,
				336
			],
			[
				220.5,
				103,
				353
			],
			[
				212,
				106.5,
				368
			],
			[
				204.5,
				109.5,
				386
			],
			[
				197,
				112,
				404
			],
			[
				193.5,
				113,
				419
			],
			[
				189.5,
				114,
				435
			],
			[
				182.5,
				116,
				452
			],
			[
				175.5,
				118,
				469
			],
			[
				170,
				120,
				486
			],
			[
				167.5,
				121.5,
				502
			],
			[
				161.5,
				124,
				519
			],
			[
				155,
				127,
				535
			],
			[
				152,
				128.5,
				553
			],
			[
				145.5,
				131,
				570
			],
			[
				139,
				133.5,
				585
			],
			[
				133,
				136,
				602
			],
			[
				130,
				137,
				620
			],
			[
				125,
				139.5,
				637
			],
			[
				121.5,
				140.5,
				653
			],
			[
				115.5,
				142.5,
				670
			],
			[
				110.5,
				145,
				687
			],
			[
				106,
				147,
				704
			],
			[
				104,
				148,
				719
			],
			[
				101,
				150,
				737
			],
			[
				99.5,
				151,
				753
			]
		]
	},
	"second": {
		"dev_index": "3",
		"dev_info": "etc",
		"width": 412,
		"height": 761,
		"timestamp": 1565827907619,
		"lines": [
			[
				338.8571472167969,
				317.7142868041992,
				0
			],
			[
				336.5714416503906,
				318.0000534057617,
				20
			],
			[
				332,
				321.14290618896484,
				36
			],
			[
				319.1429138183594,
				330.28572845458984,
				56
			],
			[
				308.2857666015625,
				337.7142868041992,
				74
			],
			[
				298,
				344.5714340209961,
				90
			],
			[
				288.8571472167969,
				350.28572845458984,
				105
			],
			[
				281.1429138183594,
				355.14290618896484,
				125
			],
			[
				273.71429443359375,
				358.5714340209961,
				140
			],
			[
				266.2857360839844,
				361.42858123779297,
				158
			],
			[
				258.8571472167969,
				363.7142868041992,
				173
			],
			[
				251.42860412597656,
				365.42858123779297,
				191
			],
			[
				231.42860412597656,
				369.42858123779297,
				242
			],
			[
				219.71429443359375,
				374.0000534057617,
				277
			],
			[
				203.14288330078125,
				382.0000534057617,
				309
			],
			[
				182.85714721679688,
				392.0000534057617,
				341
			],
			[
				162.85714721679688,
				401.14290618896484,
				375
			],
			[
				142.28573608398438,
				413.71434783935547,
				408
			],
			[
				123.14286041259766,
				425.14290618896484,
				441
			],
			[
				106.57144165039062,
				436.5714340209961,
				476
			],
			[
				93.14286041259766,
				446.8572006225586,
				508
			],
			[
				82,
				454.5714340209961,
				541
			],
			[
				73.71428680419922,
				460.00008392333984,
				577
			],
			[
				69.71428680419922,
				462.5714340209961,
				608
			],
			[
				68.28572845458984,
				463.4286117553711,
				643
			]
		]
	}
}