{
	"env": 1000,
	"subject": "1000",
	"line_num": 0,
	"first": {
		"dev_index": "1",
		"dev_info": "etc",
		"width": 483,
		"height": 367.4182879377432,
		"timestamp": 1565829553275,
		"lines": [
			[
				168,
				87,
				0
			],
			[
				170.5,
				84.5,
				39
			],
			[
				173.5,
				85.5,
				56
			],
			[
				176.5,
				86,
				73
			],
			[
				183,
				87.5,
				89
			],
			[
				187,
				88,
				107
			],
			[
				195,
				89.5,
				122
			],
			[
				203,
				90.5,
				140
			],
			[
				207.5,
				91,
				156
			],
			[
				215.5,
				92,
				173
			],
			[
				224,
				93,
				189
			],
			[
				228.5,
				93.5,
				207
			],
			[
				238,
				94,
				223
			],
			[
				247,
				95,
				240
			],
			[
				256,
				95.5,
				256
			],
			[
				260,
				96,
				273
			],
			[
				269,
				97.5,
				289
			],
			[
				273.5,
				98.5,
				305
			],
			[
				281,
				100,
				323
			],
			[
				288.5,
				101.5,
				340
			],
			[
				295,
				103,
				356
			],
			[
				298,
				104,
				373
			],
			[
				305,
				105.5,
				389
			],
			[
				308.5,
				106,
				406
			],
			[
				315,
				107,
				422
			],
			[
				321,
				108,
				440
			],
			[
				325.5,
				109,
				457
			],
			[
				327.5,
				109,
				472
			],
			[
				329.5,
				109.5,
				489
			],
			[
				333,
				110.5,
				507
			],
			[
				336,
				111.5,
				523
			],
			[
				339.5,
				112.5,
				540
			],
			[
				343.5,
				113,
				556
			],
			[
				345.5,
				113.5,
				573
			],
			[
				347.5,
				114,
				590
			]
		]
	},
	"second": {
		"dev_index": "2",
		"dev_info": "etc",
		"width": 483,
		"height": 553.476653696498,
		"timestamp": 1565829554669,
		"lines": [
			[
				47,
				83.5,
				0
			],
			[
				48,
				84,
				2
			],
			[
				50,
				85.5,
				11
			],
			[
				51.5,
				86,
				30
			],
			[
				54.5,
				87.5,
				45
			],
			[
				58.5,
				90,
				64
			],
			[
				63,
				92.5,
				79
			],
			[
				69,
				95.5,
				97
			],
			[
				75.5,
				98.5,
				114
			],
			[
				79,
				100.5,
				130
			],
			[
				86,
				103,
				147
			],
			[
				89.5,
				104,
				162
			],
			[
				96.5,
				106,
				180
			],
			[
				103.5,
				108,
				197
			],
			[
				106,
				109,
				213
			],
			[
				112,
				111.5,
				229
			],
			[
				118,
				113.5,
				247
			],
			[
				121,
				114.5,
				263
			],
			[
				127,
				117,
				279
			],
			[
				133,
				119,
				296
			],
			[
				139,
				121.5,
				314
			],
			[
				142,
				122.5,
				330
			],
			[
				148.5,
				124.5,
				348
			],
			[
				151.5,
				126,
				363
			],
			[
				158.5,
				128,
				379
			],
			[
				166,
				129.5,
				398
			],
			[
				169.5,
				130.5,
				413
			],
			[
				177.5,
				133,
				430
			],
			[
				185.5,
				135.5,
				446
			],
			[
				189.5,
				136.5,
				464
			],
			[
				196.5,
				139,
				480
			],
			[
				202.5,
				142,
				497
			],
			[
				205.5,
				143,
				513
			],
			[
				210.5,
				145.5,
				530
			],
			[
				214.5,
				148,
				546
			],
			[
				216.5,
				148.5,
				564
			],
			[
				221,
				150.5,
				580
			],
			[
				225,
				152.5,
				597
			],
			[
				230,
				154,
				614
			],
			[
				232,
				154.5,
				630
			],
			[
				236,
				156.5,
				647
			],
			[
				238,
				157.5,
				664
			],
			[
				240.5,
				158.5,
				681
			],
			[
				241,
				159,
				698
			],
			[
				240.5,
				159.5,
				714
			],
			[
				240,
				160,
				731
			],
			[
				239.5,
				160.5,
				747
			]
		]
	}
}