{
	"env": 1234,
	"subject": "1234",
	"line_num": 0,
	"first": {
		"dev_index": "2",
		"dev_info": "etc",
		"width": 863,
		"height": 700.8255033557047,
		"timestamp": 1564437979172,
		"lines": [
			[
				510,
				212.5,
				0
			],
			[
				510,
				212.5,
				115
			],
			[
				499,
				212.5,
				141
			],
			[
				479,
				212.5,
				149
			],
			[
				446,
				212.5,
				164
			],
			[
				412,
				212.5,
				182
			],
			[
				400,
				212.5,
				198
			],
			[
				394,
				212.5,
				214
			],
			[
				391,
				212.5,
				233
			],
			[
				385,
				212.5,
				249
			],
			[
				372,
				212.5,
				267
			],
			[
				358,
				214.5,
				281
			],
			[
				340,
				217.5,
				300
			],
			[
				336,
				218.5,
				319
			],
			[
				333,
				218.5,
				332
			],
			[
				331,
				219.5,
				350
			],
			[
				325,
				220.5,
				364
			],
			[
				308,
				221.5,
				387
			],
			[
				294,
				221.5,
				399
			],
			[
				280,
				221.5,
				415
			],
			[
				271,
				221.5,
				431
			],
			[
				262,
				221.5,
				450
			],
			[
				260,
				221.5,
				466
			],
			[
				259,
				221.5,
				483
			],
			[
				257,
				221.5,
				498
			],
			[
				249,
				221.5,
				518
			],
			[
				236,
				221.5,
				533
			],
			[
				229,
				221.5,
				549
			],
			[
				220,
				221.5,
				566
			],
			[
				218,
				221.5,
				581
			],
			[
				216,
				221.5,
				604
			],
			[
				213,
				221.5,
				616
			],
			[
				208,
				221.5,
				631
			],
			[
				202,
				221.5,
				650
			],
			[
				191,
				221.5,
				668
			],
			[
				185,
				221.5,
				682
			],
			[
				181,
				221.5,
				697
			],
			[
				176,
				221.5,
				715
			],
			[
				175,
				221.5,
				730
			],
			[
				170,
				221.5,
				754
			],
			[
				167,
				221.5,
				766
			],
			[
				163,
				221.5,
				786
			],
			[
				160,
				221.5,
				798
			],
			[
				159,
				221.5,
				815
			],
			[
				158,
				221.5,
				832
			],
			[
				152,
				221.5,
				848
			],
			[
				142,
				220.5,
				865
			],
			[
				136,
				220.5,
				881
			],
			[
				131,
				220.5,
				904
			],
			[
				131,
				220.5,
				919
			],
			[
				130,
				220.5,
				933
			],
			[
				129,
				220.5,
				948
			],
			[
				125,
				220.5,
				959
			]
		]
	},
	"second": {
		"dev_index": "1",
		"dev_info": "etc",
		"width": 287,
		"height": 285.03693570451435,
		"timestamp": 1564437980838,
		"lines": [
			[
				259,
				246.5,
				0
			],
			[
				259,
				246.5,
				21
			],
			[
				259,
				246.5,
				81
			],
			[
				255,
				246.5,
				88
			],
			[
				248,
				246.5,
				95
			],
			[
				244,
				246.5,
				103
			],
			[
				239,
				246.5,
				110
			],
			[
				230,
				246.5,
				118
			],
			[
				222,
				246.5,
				125
			],
			[
				219,
				246.5,
				133
			],
			[
				215,
				246.5,
				140
			],
			[
				213,
				246.5,
				148
			],
			[
				212,
				246.5,
				155
			],
			[
				211,
				246.5,
				163
			],
			[
				211,
				246.5,
				170
			],
			[
				210,
				246.5,
				178
			],
			[
				208,
				246.5,
				192
			],
			[
				206,
				246.5,
				200
			],
			[
				204,
				245.5,
				207
			],
			[
				201,
				245.5,
				215
			],
			[
				198,
				245.5,
				223
			],
			[
				195,
				244.5,
				230
			],
			[
				194,
				244.5,
				238
			],
			[
				192,
				244.5,
				245
			],
			[
				191,
				244.5,
				253
			],
			[
				190,
				244.5,
				259
			],
			[
				190,
				243.5,
				267
			],
			[
				190,
				243.5,
				274
			],
			[
				189,
				243.5,
				290
			],
			[
				188,
				243.5,
				298
			],
			[
				186,
				243.5,
				306
			],
			[
				185,
				243.5,
				313
			],
			[
				182,
				243.5,
				319
			],
			[
				179,
				243.5,
				326
			],
			[
				178,
				243.5,
				334
			],
			[
				174,
				243.5,
				341
			],
			[
				170,
				243.5,
				349
			],
			[
				169,
				243.5,
				356
			],
			[
				166,
				243.5,
				364
			],
			[
				163,
				243.5,
				373
			],
			[
				160,
				243.5,
				380
			],
			[
				159,
				243.5,
				388
			],
			[
				158,
				243.5,
				395
			],
			[
				157,
				243.5,
				440
			],
			[
				156,
				243.5,
				448
			],
			[
				154,
				243.5,
				456
			],
			[
				154,
				243.5,
				462
			],
			[
				153,
				243.5,
				470
			],
			[
				152,
				243.5,
				486
			],
			[
				151,
				243.5,
				553
			],
			[
				149,
				243.5,
				560
			],
			[
				147,
				243.5,
				568
			],
			[
				144,
				243.5,
				575
			],
			[
				140,
				243.5,
				583
			],
			[
				139,
				243.5,
				590
			],
			[
				138,
				243.5,
				598
			],
			[
				134,
				243.5,
				605
			],
			[
				133,
				243.5,
				613
			],
			[
				132,
				243.5,
				621
			],
			[
				129,
				243.5,
				628
			],
			[
				126,
				243.5,
				635
			],
			[
				126,
				243.5,
				643
			],
			[
				124,
				243.5,
				651
			],
			[
				121,
				243.5,
				658
			],
			[
				119,
				243.5,
				665
			],
			[
				117,
				243.5,
				673
			],
			[
				114,
				243.5,
				680
			],
			[
				111,
				243.5,
				688
			],
			[
				110,
				243.5,
				695
			],
			[
				107,
				243.5,
				703
			],
			[
				104,
				243.5,
				710
			],
			[
				103,
				243.5,
				717
			],
			[
				100,
				243.5,
				725
			],
			[
				98,
				243.5,
				732
			],
			[
				97,
				243.5,
				740
			],
			[
				95,
				243.5,
				748
			],
			[
				92,
				243.5,
				755
			],
			[
				90,
				243.5,
				763
			]
		]
	}
}