{
	"env": 1000,
	"subject": "1000",
	"line_num": 0,
	"first": {
		"dev_index": "1",
		"dev_info": "etc",
		"width": 483,
		"height": 367.4182879377432,
		"timestamp": 1565829566878,
		"lines": [
			[
				133,
				108.5,
				0
			],
			[
				132.5,
				106,
				12
			],
			[
				135.5,
				106.5,
				62
			],
			[
				140,
				107,
				79
			],
			[
				143,
				107.5,
				95
			],
			[
				148.5,
				108.5,
				111
			],
			[
				152,
				109,
				129
			],
			[
				159,
				110.5,
				145
			],
			[
				165,
				111,
				163
			],
			[
				171,
				112,
				179
			],
			[
				174.5,
				112.5,
				195
			],
			[
				181.5,
				113.5,
				212
			],
			[
				188.5,
				114,
				229
			],
			[
				192,
				114.5,
				246
			],
			[
				199,
				115.5,
				263
			],
			[
				205.5,
				116,
				280
			],
			[
				209,
				116.5,
				295
			],
			[
				216.5,
				117,
				312
			],
			[
				220.5,
				117.5,
				329
			],
			[
				228.5,
				117.5,
				345
			],
			[
				236,
				118,
				363
			],
			[
				242.5,
				119,
				380
			],
			[
				245.5,
				119.5,
				397
			],
			[
				252.5,
				120.5,
				412
			],
			[
				259,
				121.5,
				430
			],
			[
				262.5,
				122,
				446
			],
			[
				269,
				123,
				462
			],
			[
				275.5,
				124,
				480
			],
			[
				279,
				124.5,
				496
			],
			[
				286,
				125.5,
				512
			],
			[
				292,
				127,
				530
			],
			[
				294.5,
				127.5,
				545
			],
			[
				300,
				128.5,
				563
			],
			[
				304.5,
				129.5,
				580
			],
			[
				307,
				130,
				596
			],
			[
				313,
				130,
				612
			],
			[
				319,
				130.5,
				629
			],
			[
				321.5,
				131,
				645
			],
			[
				327.5,
				132,
				662
			],
			[
				334.5,
				132.5,
				680
			],
			[
				340.5,
				133.5,
				697
			],
			[
				343.5,
				134,
				712
			],
			[
				347.5,
				134.5,
				729
			],
			[
				349.5,
				135,
				746
			],
			[
				352.5,
				135.5,
				763
			],
			[
				356.5,
				136,
				779
			],
			[
				363,
				135,
				797
			]
		]
	},
	"second": {
		"dev_index": "2",
		"dev_info": "etc",
		"width": 483,
		"height": 553.476653696498,
		"timestamp": 1565829568656,
		"lines": [
			[
				65.5,
				102,
				0
			],
			[
				69,
				101,
				2
			],
			[
				72.5,
				101,
				18
			],
			[
				84.5,
				102,
				52
			],
			[
				94,
				103,
				70
			],
			[
				102.5,
				104.5,
				85
			],
			[
				109.5,
				106,
				102
			],
			[
				112.5,
				107,
				120
			],
			[
				119,
				108.5,
				136
			],
			[
				122,
				109,
				152
			],
			[
				128,
				110.5,
				170
			],
			[
				133.5,
				113,
				187
			],
			[
				139.5,
				115,
				204
			],
			[
				142.5,
				116,
				220
			],
			[
				147.5,
				117.5,
				236
			],
			[
				150.5,
				118,
				252
			],
			[
				156.5,
				119.5,
				269
			],
			[
				163,
				121.5,
				285
			],
			[
				169.5,
				123.5,
				302
			],
			[
				172.5,
				124,
				319
			],
			[
				179,
				125.5,
				335
			],
			[
				186,
				126.5,
				353
			],
			[
				189,
				127.5,
				369
			],
			[
				194,
				128.5,
				386
			],
			[
				200,
				130,
				403
			],
			[
				202.5,
				131,
				420
			],
			[
				208.5,
				133,
				436
			],
			[
				211,
				133.5,
				452
			],
			[
				216,
				135,
				470
			],
			[
				221.5,
				136.5,
				487
			],
			[
				227,
				138.5,
				503
			],
			[
				229.5,
				139.5,
				520
			],
			[
				234.5,
				141,
				536
			],
			[
				239,
				143,
				554
			],
			[
				241.5,
				143.5,
				570
			],
			[
				247,
				145,
				585
			],
			[
				252.5,
				146,
				604
			],
			[
				254.5,
				146.5,
				619
			],
			[
				258.5,
				147.5,
				635
			],
			[
				260.5,
				148,
				652
			],
			[
				265,
				149.5,
				669
			],
			[
				269.5,
				150.5,
				686
			],
			[
				274.5,
				151.5,
				702
			],
			[
				277,
				152,
				719
			],
			[
				281,
				153,
				735
			],
			[
				284.5,
				154,
				753
			],
			[
				286.5,
				154.5,
				770
			],
			[
				290.5,
				156,
				786
			],
			[
				295,
				158,
				803
			],
			[
				300,
				159.5,
				820
			],
			[
				302,
				160.5,
				837
			],
			[
				306.5,
				162.5,
				853
			],
			[
				309,
				163.5,
				869
			],
			[
				314,
				165,
				886
			],
			[
				319.5,
				166.5,
				903
			],
			[
				322,
				167,
				920
			],
			[
				325.5,
				168.5,
				936
			],
			[
				328.5,
				169,
				953
			],
			[
				330,
				169.5,
				970
			],
			[
				332,
				170,
				987
			],
			[
				333.5,
				170.5,
				1003
			]
		]
	}
}