{
	"env": 1000,
	"subject": "1000",
	"line_num": 0,
	"first": {
		"dev_index": "1",
		"dev_info": "etc",
		"width": 483,
		"height": 367.4182879377432,
		"timestamp": 1565829635674,
		"lines": [
			[
				251,
				52,
				0
			],
			[
				255,
				53.5,
				13
			],
			[
				257.5,
				54.5,
				30
			],
			[
				261,
				55,
				47
			],
			[
				268.5,
				56,
				63
			],
			[
				280.5,
				59,
				80
			],
			[
				284,
				59.5,
				98
			],
			[
				292,
				61,
				115
			],
			[
				296,
				61.5,
				130
			],
			[
				304.5,
				63,
				147
			],
			[
				312.5,
				64.5,
				164
			],
			[
				320.5,
				66,
				180
			],
			[
				324,
				66.5,
				197
			],
			[
				332,
				68,
				215
			],
			[
				335.5,
				69,
				230
			],
			[
				343,
				70.5,
				248
			],
			[
				350.5,
				72.5,
				265
			],
			[
				358,
				74,
				281
			],
			[
				362.5,
				75.5,
				297
			],
			[
				371.5,
				77.5,
				315
			],
			[
				380,
				79,
				332
			],
			[
				384,
				80,
				347
			],
			[
				391,
				82,
				364
			],
			[
				397.5,
				83.5,
				381
			],
			[
				400.5,
				84.5,
				398
			],
			[
				406.5,
				86,
				415
			],
			[
				413,
				87.5,
				431
			],
			[
				416,
				88,
				447
			],
			[
				421.5,
				88.5,
				464
			],
			[
				427,
				89,
				480
			],
			[
				429,
				89,
				497
			],
			[
				432.5,
				89.5,
				514
			],
			[
				434.5,
				89.5,
				531
			],
			[
				437.5,
				90,
				548
			],
			[
				441,
				89.5,
				565
			]
		]
	},
	"second": {
		"dev_index": "2",
		"dev_info": "etc",
		"width": 483,
		"height": 553.476653696498,
		"timestamp": 1565829637105,
		"lines": [
			[
				63.5,
				56.5,
				0
			],
			[
				68.5,
				57,
				4
			],
			[
				76,
				58,
				22
			],
			[
				83,
				58.5,
				34
			],
			[
				89.5,
				60,
				61
			],
			[
				93,
				61,
				68
			],
			[
				99.5,
				62,
				83
			],
			[
				103,
				63,
				101
			],
			[
				110.5,
				64.5,
				117
			],
			[
				118.5,
				65.5,
				133
			],
			[
				123,
				66,
				150
			],
			[
				130.5,
				67.5,
				168
			],
			[
				137,
				68.5,
				185
			],
			[
				140.5,
				69.5,
				200
			],
			[
				148,
				71,
				218
			],
			[
				155,
				72.5,
				235
			],
			[
				162.5,
				74,
				252
			],
			[
				166.5,
				75,
				267
			],
			[
				174,
				77,
				285
			],
			[
				177.5,
				77.5,
				301
			],
			[
				185.5,
				79,
				318
			],
			[
				192.5,
				80.5,
				334
			],
			[
				199.5,
				81.5,
				351
			],
			[
				202.5,
				82,
				368
			],
			[
				208.5,
				82.5,
				385
			],
			[
				211,
				83,
				401
			],
			[
				216,
				84,
				417
			],
			[
				221,
				85,
				435
			],
			[
				225.5,
				85.5,
				450
			],
			[
				228.5,
				86,
				468
			],
			[
				233,
				86.5,
				485
			],
			[
				234.5,
				87,
				500
			],
			[
				238,
				87,
				517
			],
			[
				241,
				88,
				535
			],
			[
				244,
				89,
				551
			],
			[
				246,
				89,
				567
			],
			[
				250.5,
				90.5,
				584
			],
			[
				253,
				91,
				602
			],
			[
				258.5,
				91.5,
				617
			],
			[
				264.5,
				92,
				634
			]
		]
	}
}