{
	"env": 1000,
	"subject": "1000",
	"line_num": 1,
	"first": {
		"dev_index": "2",
		"dev_info": "etc",
		"width": 483,
		"height": 553.476653696498,
		"timestamp": 1565829638353,
		"lines": [
			[
				357.5,
				128.5,
				0
			],
			[
				349,
				128.5,
				36
			],
			[
				342,
				129.5,
				54
			],
			[
				337.5,
				130.5,
				70
			],
			[
				328.5,
				133,
				87
			],
			[
				318.5,
				135.5,
				103
			],
			[
				308,
				138,
				121
			],
			[
				303,
				139.5,
				137
			],
			[
				293,
				142.5,
				154
			],
			[
				288,
				144,
				171
			],
			[
				278,
				146.5,
				188
			],
			[
				268.5,
				149.5,
				203
			],
			[
				263,
				151,
				221
			],
			[
				252.5,
				153.5,
				238
			],
			[
				242,
				157,
				254
			],
			[
				236.5,
				158,
				270
			],
			[
				226.5,
				160.5,
				288
			],
			[
				217,
				163.5,
				303
			],
			[
				213,
				164.5,
				320
			],
			[
				205,
				166.5,
				337
			],
			[
				201.5,
				167.5,
				353
			],
			[
				194,
				169,
				370
			],
			[
				187.5,
				170.5,
				387
			],
			[
				181,
				172,
				404
			],
			[
				175,
				173.5,
				421
			],
			[
				172,
				175,
				436
			],
			[
				168.5,
				175.5,
				453
			],
			[
				162.5,
				178,
				470
			],
			[
				156.5,
				180.5,
				487
			],
			[
				150,
				183.5,
				503
			],
			[
				147,
				185,
				520
			],
			[
				141,
				188.5,
				537
			],
			[
				134,
				191,
				554
			],
			[
				130.5,
				192,
				571
			],
			[
				124.5,
				194,
				588
			],
			[
				120,
				196,
				605
			],
			[
				115.5,
				197,
				621
			],
			[
				112.5,
				198,
				638
			],
			[
				106.5,
				200,
				654
			],
			[
				102.5,
				201.5,
				672
			],
			[
				95,
				204.5,
				686
			],
			[
				87,
				207.5,
				704
			],
			[
				83.5,
				209,
				720
			],
			[
				77,
				211,
				737
			],
			[
				70.5,
				212.5,
				753
			],
			[
				67.5,
				213.5,
				770
			],
			[
				61,
				215,
				787
			],
			[
				56,
				216,
				804
			],
			[
				51.5,
				218,
				821
			],
			[
				49,
				218,
				838
			],
			[
				45.5,
				220.5,
				854
			],
			[
				43,
				220.5,
				870
			]
		]
	},
	"second": {
		"dev_index": "3",
		"dev_info": "etc",
		"width": 412,
		"height": 761,
		"timestamp": 1565829639598,
		"lines": [
			[
				312.8571472167969,
				37.14286804199219,
				0
			],
			[
				310.8571472167969,
				42,
				31
			],
			[
				303.71429443359375,
				55.71428680419922,
				64
			],
			[
				296.2857666015625,
				73.42858123779297,
				98
			],
			[
				290,
				90.00000762939453,
				131
			],
			[
				283.71429443359375,
				103.71428680419922,
				165
			],
			[
				278,
				115.14286041259766,
				198
			],
			[
				272.57147216796875,
				127.71428680419922,
				230
			],
			[
				266.57147216796875,
				140.28571319580078,
				265
			],
			[
				260,
				153.14286041259766,
				298
			],
			[
				253.71429443359375,
				167.14286041259766,
				331
			],
			[
				248.00003051757812,
				181.71428680419922,
				364
			],
			[
				242.2857208251953,
				194.2857437133789,
				399
			],
			[
				237.42860412597656,
				205.71428680419922,
				431
			],
			[
				231.71429443359375,
				218.85713958740234,
				467
			],
			[
				226.00003051757812,
				230.5714340209961,
				499
			],
			[
				218.2857208251953,
				245.14290618896484,
				532
			],
			[
				210.00003051757812,
				258.5714340209961,
				566
			],
			[
				202.2857208251953,
				271.7142868041992,
				599
			],
			[
				194.00003051757812,
				286.0000534057617,
				631
			],
			[
				185.71429443359375,
				302.0000534057617,
				667
			],
			[
				178.00003051757812,
				314.8572006225586,
				698
			],
			[
				170.85714721679688,
				327.14290618896484,
				732
			],
			[
				163.71429443359375,
				339.14290618896484,
				766
			],
			[
				156.5714569091797,
				351.42858123779297,
				799
			],
			[
				150.5714569091797,
				362.5714340209961,
				832
			],
			[
				147.14288330078125,
				368.5714340209961,
				865
			]
		]
	}
}